$MeshFormat
4.1 0 8
$EndMeshFormat
$PhysicalNames
8
2 77 "inlet"
2 78 "outlet"
2 79 "top"
2 80 "bottom"
2 81 "left_wall"
2 82 "right_wall"
2 83 "cylinder"
3 84 "fluid"
$EndPhysicalNames
$Entities
22 40 25 5
1 0 0 0 0 
2 0.03535533905932738 0.03535533905932738 0 0 
3 0.03535533905932738 -0.03535533905932738 0 0 
4 -0.03535533905932738 -0.03535533905932738 0 0 
5 -0.03535533905932738 0.03535533905932738 0 0 
6 -0.2 0.21 0 0 
7 -0.2 -0.2 0 0 
8 0.2 0.21 0 0 
9 0.2 -0.2 0 0 
10 0.03535533905932738 0.03535533905932738 0.1 0 
11 0.03535533905932738 -0.03535533905932738 0.1 0 
12 -0.03535533905932738 -0.03535533905932738 0.1 0 
13 -0.03535533905932738 0.03535533905932738 0.1 0 
14 -0.2 0.21 0.1 0 
15 -0.2 -0.2 0.1 0 
16 0.2 0.21 0.1 0 
17 0.2 -0.2 0.1 0 
19 0 0 0.1 0 
20 2 -0.2 0 0 
21 2 -0.2 0.1 0 
22 2 0.21 0 0 
23 2 0.21 0.1 0 
1 -0.2 -0.2 0 -0.2 0.21 0 0 2 7 -6 
2 -0.2 0.21 0 0.2 0.21 0 0 2 6 -8 
3 0.2 -0.2 0 0.2 0.21 0 0 2 8 -9 
4 -0.2 -0.2 0 0.2 -0.2 0 0 2 9 -7 
5 -0.2 -0.2 0 -0.03535533905932736 -0.03535533905932736 0 0 2 7 -4 
6 -0.2 0.03535533905932739 0 -0.03535533905932736 0.21 0 0 2 6 -5 
7 0.03535533905932736 0.03535533905932739 0 0.2 0.21 0 0 2 8 -2 
8 0.03535533905932736 -0.2 0 0.2 -0.03535533905932736 0 0 2 9 -3 
9 -0.04980973490458727 -0.03535533905932738 0 -0.03535533905932737 0.03535533905932738 0 0 2 4 -5 
10 -0.03535533905932738 0.03535533905932737 0 0.03535533905932738 0.04980973490458727 0 0 2 5 -2 
11 0.03535533905932737 -0.03535533905932738 0 0.04980973490458727 0.03535533905932738 0 0 2 2 -3 
12 -0.03535533905932738 -0.04980973490458727 0 0.03535533905932738 -0.03535533905932737 0 0 2 3 -4 
13 0.03535533905932738 0.03535533905932738 0 0.03535533905932738 0.03535533905932738 0.1 0 2 2 -10 
14 0.03535533905932738 -0.03535533905932738 0 0.03535533905932738 -0.03535533905932738 0.1 0 2 3 -11 
15 -0.03535533905932738 -0.03535533905932738 0 -0.03535533905932738 -0.03535533905932738 0.1 0 2 4 -12 
16 -0.03535533905932738 0.03535533905932738 0 -0.03535533905932738 0.03535533905932738 0.1 0 2 5 -13 
17 -0.2 0.21 0 -0.2 0.21 0.1 0 2 6 -14 
18 -0.2 -0.2 0 -0.2 -0.2 0.1 0 2 7 -15 
19 0.2 0.21 0 0.2 0.21 0.1 0 2 8 -16 
20 0.2 -0.2 0 0.2 -0.2 0.1 0 2 9 -17 
21 -0.2 -0.2 0.1 -0.2 0.21 0.1 0 2 15 -14 
25 -0.2 0.21 0.1 0.2 0.21 0.1 0 2 14 -16 
29 0.2 -0.2 0.1 0.2 0.21 0.1 0 2 16 -17 
33 -0.2 -0.2 0.1 0.2 -0.2 0.1 0 2 17 -15 
37 -0.2 -0.2 0.1 -0.03535533905932736 -0.03535533905932736 0.1 0 2 15 -12 
41 -0.2 0.03535533905932739 0.1 -0.03535533905932736 0.21 0.1 0 2 14 -13 
45 0.03535533905932736 0.03535533905932739 0.1 0.2 0.21 0.1 0 2 16 -10 
49 0.03535533905932736 -0.2 0.1 0.2 -0.03535533905932736 0.1 0 2 17 -11 
53 -0.04980973490458727 -0.03535533905932738 0.1 -0.03535533905932737 0.03535533905932738 0.1 0 2 12 -13 
57 -0.03535533905932738 0.03535533905932737 0.1 0.03535533905932738 0.04980973490458727 0.1 0 2 13 -10 
61 0.03535533905932737 -0.03535533905932738 0.1 0.04980973490458727 0.03535533905932738 0.1 0 2 10 -11 
65 -0.03535533905932738 -0.04980973490458727 0.1 0.03535533905932738 -0.03535533905932737 0.1 0 2 11 -12 
66 0.2 0.21 0 2 0.21 0 0 2 8 -22 
67 2 0.21 0 2 0.21 0.1 0 2 22 -23 
68 0.2 0.21 0.1 2 0.21 0.1 0 2 23 -16 
69 2 -0.2 0 2 0.21 0 0 2 22 -20 
70 2 -0.2 0.1 2 0.21 0.1 0 2 23 -21 
71 2 -0.2 0 2 -0.2 0.1 0 2 20 -21 
72 0.2 -0.2 0.1 2 -0.2 0.1 0 2 21 -17 
73 0.2 -0.2 0 2 -0.2 0 0 2 20 -9 
24 -0.2 -0.2 0 -0.2 0.21 0.1 1 77 4 1 17 -21 -18 
28 -0.2 0.21 0 0.2 0.21 0.1 1 79 4 2 19 -25 -17 
32 0.2 -0.2 0 0.2 0.21 0.1 0 4 3 20 -29 -19 
36 -0.2 -0.2 0 0.2 -0.2 0.1 1 80 4 4 18 -33 -20 
40 -0.2 -0.2 0 -0.03535533905932736 -0.03535533905932736 0.1 0 4 5 15 -37 -18 
44 -0.2 0.03535533905932738 0 -0.03535533905932736 0.21 0.1 0 4 6 16 -41 -17 
48 0.03535533905932736 0.03535533905932738 0 0.2 0.21 0.1 0 4 7 13 -45 -19 
52 0.03535533905932736 -0.2 0 0.2 -0.03535533905932736 0.1 0 4 8 14 -49 -20 
56 -0.04980973490458727 -0.03535533905932738 0 -0.03535533905932737 0.03535533905932738 0.1 1 83 4 9 16 -53 -15 
60 -0.03535533905932738 0.03535533905932737 0 0.03535533905932738 0.04980973490458727 0.1 1 83 4 10 13 -57 -16 
64 0.03535533905932737 -0.03535533905932738 0 0.04980973490458727 0.03535533905932738 0.1 1 83 4 11 14 -61 -13 
68 -0.03535533905932738 -0.04980973490458727 0 0.03535533905932738 -0.03535533905932737 0.1 1 83 4 12 15 -65 -14 
69 -0.2 -0.2 0 -0.03535533905932736 0.21 0 1 81 4 1 6 -9 -5 
70 -0.2 0.03535533905932738 0 0.2 0.21 0 1 81 4 6 10 -7 -2 
71 0.03535533905932736 -0.2 0 0.2 0.21 0 1 81 4 7 11 -8 -3 
72 -0.2 -0.2 0 0.2 -0.03535533905932736 0 1 81 4 12 -5 -4 8 
73 -0.2 -0.2 0.1 -0.03535533905932736 0.21 0.1 1 82 4 21 41 -53 -37 
74 -0.2 0.03535533905932738 0.1 0.2 0.21 0.1 1 82 4 41 57 -45 -25 
75 0.03535533905932736 -0.2 0.1 0.2 0.21 0.1 1 82 4 45 61 -49 -29 
76 -0.2 -0.2 0.1 0.2 -0.03535533905932736 0.1 1 82 4 65 -37 -33 49 
77 0.2 0.21 0 2 0.21 0.1 1 79 4 68 -19 66 67 
78 2 -0.2 0 2 0.21 0.1 1 78 4 67 70 -71 -69 
79 0.2 -0.2 0 2 -0.2 0.1 1 80 4 72 -20 -73 71 
80 0.2 -0.2 0 2 0.21 0 1 81 4 3 -73 -69 -66 
81 0.2 -0.2 0.1 2 0.21 0.1 1 82 4 29 -72 -70 68 
1 -0.2 -0.2 0 -0.03535533905932736 0.21 0.1 1 84 6 69 24 73 56 40 44 
2 -0.2 0.03535533905932738 0 0.2 0.21 0.1 1 84 6 70 60 74 28 44 48 
3 0.03535533905932736 -0.2 0 0.2 0.21 0.1 1 84 6 71 64 75 32 48 52 
4 -0.2 -0.2 0 0.2 -0.03535533905932736 0.1 1 84 6 76 68 72 36 52 40 
5 0.2 -0.2 0 2 0.21 0.1 1 84 6 81 79 80 78 77 32 
$EndEntities
$Nodes
90 5166 1 5169
0 2 0 1
1
0.03535533905932738 0.03535533905932738 0
0 3 0 1
2
0.03535533905932738 -0.03535533905932738 0
0 4 0 1
3
-0.03535533905932738 -0.03535533905932738 0
0 5 0 1
4
-0.03535533905932738 0.03535533905932738 0
0 6 0 1
5
-0.2 0.21 0
0 7 0 1
6
-0.2 -0.2 0
0 8 0 1
7
0.2 0.21 0
0 9 0 1
8
0.2 -0.2 0
0 10 0 1
9
0.03535533905932738 0.03535533905932738 0.1
0 11 0 1
10
0.03535533905932738 -0.03535533905932738 0.1
0 12 0 1
11
-0.03535533905932738 -0.03535533905932738 0.1
0 13 0 1
12
-0.03535533905932738 0.03535533905932738 0.1
0 14 0 1
13
-0.2 0.21 0.1
0 15 0 1
14
-0.2 -0.2 0.1
0 16 0 1
15
0.2 0.21 0.1
0 17 0 1
16
0.2 -0.2 0.1
0 20 0 1
17
2 -0.2 0
0 21 0 1
18
2 -0.2 0.1
0 22 0 1
19
2 0.21 0
0 23 0 1
20
2 0.21 0.1
1 1 0 8
21
22
292
293
294
295
296
297
-0.2 -0.06333333333369792 0
-0.2 0.07333333333291475 0
-0.2 -0.1544444444444962 0
-0.2 -0.1088888888890756 0
-0.2 -0.017777777778267 0
-0.2 0.02777777777730048 0
-0.2 0.1188888888886099 0
-0.2 0.1644444444443049 0
1 2 0 8
23
24
298
299
300
301
302
303
-0.06666666666699614 0.21 0
0.06666666666622595 0.21 0
-0.1555555555556381 0.21 0
-0.1111111111113114 0.21 0
-0.02222222222271666 0.21 0
0.0222222222216942 0.21 0
0.1111111111107956 0.21 0
0.1555555555553653 0.21 0
1 3 0 8
25
26
304
305
306
307
308
309
0.2 0.07333333333366487 0
0.2 -0.06333333333293154 0
0.2 0.1644444444445241 0
0.2 0.1188888888890729 0
0.2 0.02777777777827589 0
0.2 -0.01777777777723932 0
0.2 -0.1088888888886204 0
0.2 -0.1544444444443009 0
1 4 0 8
27
28
310
311
312
313
314
315
0.06666666666699614 -0.2 0
-0.06666666666622595 -0.2 0
0.1555555555556381 -0.2 0
0.1111111111113114 -0.2 0
0.02222222222271666 -0.2 0
-0.0222222222216942 -0.2 0
-0.1111111111107956 -0.2 0
-0.1555555555553653 -0.2 0
1 5 0 11
29
30
31
316
317
318
319
320
321
322
323
-0.1442260635968446 -0.1442260635968446 0
-0.09960691418962304 -0.09960691418962304 0
-0.06391159469390692 -0.06391159469390692 0
-0.181408687865601 -0.181408687865601 0
-0.1628173757312053 -0.1628173757312053 0
-0.1293530137944892 -0.1293530137944892 0
-0.1144799639920835 -0.1144799639920835 0
-0.08770847435770548 -0.08770847435770548 0
-0.07581003452581508 -0.07581003452581508 0
-0.05439284281572176 -0.05439284281572176 0
-0.04487409093753278 -0.04487409093753278 0
1 6 0 11
32
33
34
324
325
326
327
328
329
330
331
-0.1442260635968524 0.1508385297354753 0
-0.09960691418961819 0.1035093532218467 0
-0.06391159469390523 0.06564601204284481 0
-0.181408687865595 0.1902795099118013 0
-0.1628173757312192 0.1705590198236335 0
-0.129353013794484 0.1350621375643114 0
-0.1144799639920784 0.119285745393108 0
-0.08770847435771081 0.0908882394955095 0
-0.07581003452580876 0.07826712576917796 0
-0.05439284281571749 0.0555491210483442 0
-0.04487409093752154 0.04545223005383486 0
1 7 0 11
35
36
37
332
333
334
335
336
337
338
339
0.1442260635968524 0.1508385297354753 0
0.09960691418961819 0.1035093532218467 0
0.06391159469390523 0.06564601204284481 0
0.181408687865595 0.1902795099118013 0
0.1628173757312192 0.1705590198236335 0
0.129353013794484 0.1350621375643114 0
0.1144799639920784 0.119285745393108 0
0.08770847435771081 0.0908882394955095 0
0.07581003452580876 0.07826712576917796 0
0.05439284281571749 0.0555491210483442 0
0.04487409093752154 0.04545223005383486 0
1 8 0 11
38
39
40
340
341
342
343
344
345
346
347
0.1442260635968446 -0.1442260635968446 0
0.09960691418962304 -0.09960691418962304 0
0.06391159469390692 -0.06391159469390692 0
0.181408687865601 -0.181408687865601 0
0.1628173757312053 -0.1628173757312053 0
0.1293530137944892 -0.1293530137944892 0
0.1144799639920835 -0.1144799639920835 0
0.08770847435770548 -0.08770847435770548 0
0.07581003452581508 -0.07581003452581508 0
0.05439284281572176 -0.05439284281572176 0
0.04487409093753278 -0.04487409093753278 0
1 9 0 8
41
42
348
349
350
351
352
353
-0.04829629133262259 -0.01294095218731775 0
-0.04829629129171692 0.0129409523399798 0
-0.04095760222403122 -0.02867882180386831 0
-0.04531538937104505 -0.02113091304583347 0
-0.04980973491316475 -0.004357787039341872 0
-0.049809734894583 0.004357787251732279 0
-0.04531538932822736 0.02113091313765636 0
-0.04095760219766746 0.02867882184151967 0
1 10 0 8
43
44
354
355
356
357
358
359
-0.01294095218731775 0.04829629133262259 0
0.0129409523399798 0.04829629129171692 0
-0.02867882180386831 0.04095760222403122 0
-0.02113091304583347 0.04531538937104505 0
-0.004357787039341872 0.04980973491316475 0
0.004357787251732279 0.049809734894583 0
0.02113091313765636 0.04531538932822736 0
0.02867882184151967 0.04095760219766746 0
1 11 0 8
45
46
360
361
362
363
364
365
0.04829629133262259 0.01294095218731775 0
0.04829629129171692 -0.0129409523399798 0
0.04095760222403122 0.02867882180386831 0
0.04531538937104505 0.02113091304583347 0
0.04980973491316475 0.004357787039341872 0
0.049809734894583 -0.004357787251732279 0
0.04531538932822736 -0.02113091313765636 0
0.04095760219766746 -0.02867882184151967 0
1 12 0 8
47
48
366
367
368
369
370
371
0.01294095218731775 -0.04829629133262259 0
-0.0129409523399798 -0.04829629129171692 0
0.02867882180386831 -0.04095760222403122 0
0.02113091304583347 -0.04531538937104505 0
0.004357787039341872 -0.04980973491316475 0
-0.004357787251732279 -0.049809734894583 0
-0.02113091313765636 -0.04531538932822736 0
-0.02867882184151967 -0.04095760219766746 0
1 13 0 5
49
372
373
374
375
0.03535533905932738 0.03535533905932738 0.04999999999986855
0.03535533905932738 0.03535533905932738 0.0166666666666328
0.03535533905932738 0.03535533905932738 0.03333333333325068
0.03535533905932738 0.03535533905932738 0.06666666666658703
0.03535533905932738 0.03535533905932738 0.08333333333326087
1 14 0 5
50
376
377
378
379
0.03535533905932738 -0.03535533905932738 0.04999999999986855
0.03535533905932738 -0.03535533905932738 0.0166666666666328
0.03535533905932738 -0.03535533905932738 0.03333333333325068
0.03535533905932738 -0.03535533905932738 0.06666666666658703
0.03535533905932738 -0.03535533905932738 0.08333333333326087
1 15 0 5
51
380
381
382
383
-0.03535533905932738 -0.03535533905932738 0.04999999999986855
-0.03535533905932738 -0.03535533905932738 0.0166666666666328
-0.03535533905932738 -0.03535533905932738 0.03333333333325068
-0.03535533905932738 -0.03535533905932738 0.06666666666658703
-0.03535533905932738 -0.03535533905932738 0.08333333333326087
1 16 0 5
52
384
385
386
387
-0.03535533905932738 0.03535533905932738 0.04999999999986855
-0.03535533905932738 0.03535533905932738 0.0166666666666328
-0.03535533905932738 0.03535533905932738 0.03333333333325068
-0.03535533905932738 0.03535533905932738 0.06666666666658703
-0.03535533905932738 0.03535533905932738 0.08333333333326087
1 17 0 5
53
388
389
390
391
-0.2 0.21 0.04999999999986855
-0.2 0.21 0.0166666666666328
-0.2 0.21 0.03333333333325068
-0.2 0.21 0.06666666666658703
-0.2 0.21 0.08333333333326087
1 18 0 5
54
392
393
394
395
-0.2 -0.2 0.04999999999986855
-0.2 -0.2 0.0166666666666328
-0.2 -0.2 0.03333333333325068
-0.2 -0.2 0.06666666666658703
-0.2 -0.2 0.08333333333326087
1 19 0 5
55
396
397
398
399
0.2 0.21 0.04999999999986855
0.2 0.21 0.0166666666666328
0.2 0.21 0.03333333333325068
0.2 0.21 0.06666666666658703
0.2 0.21 0.08333333333326087
1 20 0 5
56
400
401
402
403
0.2 -0.2 0.04999999999986855
0.2 -0.2 0.0166666666666328
0.2 -0.2 0.03333333333325068
0.2 -0.2 0.06666666666658703
0.2 -0.2 0.08333333333326087
1 21 0 8
57
58
404
405
406
407
408
409
-0.2 -0.06333333333370939 0.1
-0.2 0.07333333333298436 0.1
-0.2 -0.1544444444445311 0.1
-0.2 -0.108888888889131 0.1
-0.2 -0.01777777777827266 0.1
-0.2 0.02777777777731308 0.1
-0.2 0.118888888888637 0.1
-0.2 0.1644444444443018 0.1
1 25 0 8
59
60
410
411
412
413
414
415
-0.0666666666670028 0.21 0.1
0.06666666666630511 0.21 0.1
-0.1555555555556546 0.21 0.1
-0.1111111111113262 0.21 0.1
-0.02222222222269124 0.21 0.1
0.02222222222176301 0.21 0.1
0.1111111111109099 0.21 0.1
0.1555555555554628 0.21 0.1
1 29 0 8
61
62
416
417
418
419
420
421
0.2 0.07333333333367634 0.1
0.2 -0.06333333333300115 0.1
0.2 0.1644444444445212 0.1
0.2 0.1188888888890819 0.1
0.2 0.0277777777782606 0.1
0.2 -0.01777777777728853 0.1
0.2 -0.1088888888886597 0.1
0.2 -0.1544444444443414 0.1
1 33 0 8
63
64
422
423
424
425
426
427
0.0666666666670028 -0.2 0.1
-0.06666666666630511 -0.2 0.1
0.1555555555556546 -0.2 0.1
0.1111111111113262 -0.2 0.1
0.02222222222269124 -0.2 0.1
-0.02222222222176301 -0.2 0.1
-0.1111111111109099 -0.2 0.1
-0.1555555555554628 -0.2 0.1
1 37 0 11
65
66
67
428
429
430
431
432
433
434
435
-0.1442260635968484 -0.1442260635968484 0.1
-0.09960691418958101 -0.09960691418958101 0.1
-0.06391159469388241 -0.06391159469388241 0.1
-0.1814086878656209 -0.1814086878656209 0.1
-0.1628173757312374 -0.1628173757312374 0.1
-0.129353013794464 -0.129353013794464 0.1
-0.1144799639920612 -0.1144799639920612 0.1
-0.0877084743576886 -0.0877084743576886 0.1
-0.0758100345257982 -0.0758100345257982 0.1
-0.05439284281568529 -0.05439284281568529 0.1
-0.04487409093749406 -0.04487409093749406 0.1
1 41 0 11
68
69
70
436
437
438
439
440
441
442
443
-0.1442260635968499 0.1508385297354727 0.1
-0.0996069141895832 0.1035093532218096 0.1
-0.06391159469388483 0.06564601204282319 0.1
-0.1814086878656338 0.1902795099118424 0.1
-0.1628173757312404 0.170559019823656 0.1
-0.1293530137944645 0.1350621375642906 0.1
-0.1144799639920539 0.119285745393082 0.1
-0.08770847435768971 0.09088823949548712 0.1
-0.07581003452578693 0.07826712576915479 0.1
-0.05439284281570045 0.05554912104832613 0.1
-0.04487409093751199 0.04545223005382473 0.1
1 45 0 11
71
72
73
444
445
446
447
448
449
450
451
0.1442260635968499 0.1508385297354727 0.1
0.0996069141895832 0.1035093532218096 0.1
0.06391159469388483 0.06564601204282319 0.1
0.1814086878656338 0.1902795099118424 0.1
0.1628173757312404 0.170559019823656 0.1
0.1293530137944645 0.1350621375642906 0.1
0.1144799639920539 0.119285745393082 0.1
0.08770847435768971 0.09088823949548712 0.1
0.07581003452578693 0.07826712576915479 0.1
0.05439284281570045 0.05554912104832613 0.1
0.04487409093751199 0.04545223005382473 0.1
1 49 0 11
74
75
76
452
453
454
455
456
457
458
459
0.1442260635968484 -0.1442260635968484 0.1
0.09960691418958101 -0.09960691418958101 0.1
0.06391159469388241 -0.06391159469388241 0.1
0.1814086878656209 -0.1814086878656209 0.1
0.1628173757312374 -0.1628173757312374 0.1
0.129353013794464 -0.129353013794464 0.1
0.1144799639920612 -0.1144799639920612 0.1
0.0877084743576886 -0.0877084743576886 0.1
0.0758100345257982 -0.0758100345257982 0.1
0.05439284281568529 -0.05439284281568529 0.1
0.04487409093749406 -0.04487409093749406 0.1
1 53 0 8
77
78
460
461
462
463
464
465
-0.04829629133262262 -0.01294095218731762 0.1
-0.04829629129171929 0.01294095233997091 0.1
-0.04095760223037621 -0.02867882179480672 0.1
-0.04531538937386774 -0.02113091303978024 0.1
-0.04980973491309158 -0.00435778704017821 0.1
-0.04980973489482982 0.004357787248911203 0.1
-0.04531538932544565 0.02113091314362173 0.1
-0.04095760220113301 0.02867882183657035 0.1
1 57 0 8
79
80
466
467
468
469
470
471
-0.01294095218731762 0.04829629133262262 0.1
0.01294095233997091 0.04829629129171929 0.1
-0.02867882179480672 0.04095760223037621 0.1
-0.02113091303978024 0.04531538937386774 0.1
-0.00435778704017821 0.04980973491309158 0.1
0.004357787248911203 0.04980973489482982 0.1
0.02113091314362173 0.04531538932544565 0.1
0.02867882183657035 0.04095760220113301 0.1
1 61 0 8
81
82
472
473
474
475
476
477
0.04829629133262262 0.01294095218731762 0.1
0.04829629129171929 -0.01294095233997091 0.1
0.04095760223037621 0.02867882179480672 0.1
0.04531538937386774 0.02113091303978024 0.1
0.04980973491309158 0.00435778704017821 0.1
0.04980973489482982 -0.004357787248911203 0.1
0.04531538932544565 -0.02113091314362173 0.1
0.04095760220113301 -0.02867882183657035 0.1
1 65 0 8
83
84
478
479
480
481
482
483
0.01294095218731762 -0.04829629133262262 0.1
-0.01294095233997091 -0.04829629129171929 0.1
0.02867882179480672 -0.04095760223037621 0.1
0.02113091303978024 -0.04531538937386774 0.1
0.00435778704017821 -0.04980973491309158 0.1
-0.004357787248911203 -0.04980973489482982 0.1
-0.02113091314362173 -0.04531538932544565 0.1
-0.02867882183657035 -0.04095760220113301 0.1
1 66 0 26
85
86
87
88
89
90
91
92
484
485
486
487
488
489
490
491
492
493
494
495
496
497
498
499
500
501
0.4000000000005857 0.21 0
0.6000000000009271 0.21 0
0.8000000000016694 0.21 0
1.000000000002147 0.21 0
1.200000000001968 0.21 0
1.40000000000158 0.21 0
1.600000000001006 0.21 0
1.800000000000206 0.21 0
0.2666666666668454 0.21 0
0.3333333333337059 0.21 0
0.4666666666673705 0.21 0
0.5333333333341139 0.21 0
0.666666666667852 0.21 0
0.7333333333348282 0.21 0
0.8666666666685718 0.21 0
0.933333333335238 0.21 0
1.066666666668531 0.21 0
1.133333333335235 0.21 0
1.266666666668503 0.21 0
1.333333333334997 0.21 0
1.466666666668054 0.21 0
1.533333333334532 0.21 0
1.666666666667383 0.21 0
1.73333333333373 0.21 0
1.866666666666799 0.21 0
1.933333333333392 0.21 0
1 67 0 5
93
502
503
504
505
2 0.21 0.04999999999986855
2 0.21 0.0166666666666328
2 0.21 0.03333333333325068
2 0.21 0.06666666666658703
2 0.21 0.08333333333326087
1 68 0 26
94
95
96
97
98
99
100
101
506
507
508
509
510
511
512
513
514
515
516
517
518
519
520
521
522
523
1.800000000000371 0.21 0.1
1.600000000001089 0.21 0.1
1.400000000001706 0.21 0.1
1.200000000002134 0.21 0.1
1.000000000002106 0.21 0.1
0.8000000000015468 0.21 0.1
0.6000000000010313 0.21 0.1
0.4000000000005157 0.21 0.1
1.93333333333346 0.21 0.1
1.866666666666971 0.21 0.1
1.73333333333396 0.21 0.1
1.666666666667425 0.21 0.1
1.533333333334623 0.21 0.1
1.466666666668222 0.21 0.1
1.333333333335169 0.21 0.1
1.266666666668608 0.21 0.1
1.133333333335663 0.21 0.1
1.06666666666897 0.21 0.1
0.9333333333352845 0.21 0.1
0.8666666666683678 0.21 0.1
0.7333333333346512 0.21 0.1
0.6666666666679284 0.21 0.1
0.5333333333342711 0.21 0.1
0.4666666666673365 0.21 0.1
0.333333333333619 0.21 0.1
0.2666666666668966 0.21 0.1
1 69 0 8
102
103
524
525
526
527
528
529
2 0.07333333333366487 0
2 -0.06333333333293154 0
2 0.1644444444445241 0
2 0.1188888888890729 0
2 0.02777777777827589 0
2 -0.01777777777723932 0
2 -0.1088888888886204 0
2 -0.1544444444443009 0
1 70 0 8
104
105
530
531
532
533
534
535
2 0.07333333333367634 0.1
2 -0.06333333333300115 0.1
2 0.1644444444445212 0.1
2 0.1188888888890819 0.1
2 0.0277777777782606 0.1
2 -0.01777777777728853 0.1
2 -0.1088888888886597 0.1
2 -0.1544444444443414 0.1
1 71 0 5
106
536
537
538
539
2 -0.2 0.04999999999986855
2 -0.2 0.0166666666666328
2 -0.2 0.03333333333325068
2 -0.2 0.06666666666658703
2 -0.2 0.08333333333326087
1 72 0 26
107
108
109
110
111
112
113
114
540
541
542
543
544
545
546
547
548
549
550
551
552
553
554
555
556
557
1.800000000000371 -0.2 0.1
1.600000000001089 -0.2 0.1
1.400000000001706 -0.2 0.1
1.200000000002134 -0.2 0.1
1.000000000002106 -0.2 0.1
0.8000000000015468 -0.2 0.1
0.6000000000010313 -0.2 0.1
0.4000000000005157 -0.2 0.1
1.93333333333346 -0.2 0.1
1.866666666666971 -0.2 0.1
1.73333333333396 -0.2 0.1
1.666666666667425 -0.2 0.1
1.533333333334623 -0.2 0.1
1.466666666668222 -0.2 0.1
1.333333333335169 -0.2 0.1
1.266666666668608 -0.2 0.1
1.133333333335663 -0.2 0.1
1.06666666666897 -0.2 0.1
0.9333333333352845 -0.2 0.1
0.8666666666683678 -0.2 0.1
0.7333333333346512 -0.2 0.1
0.6666666666679284 -0.2 0.1
0.5333333333342711 -0.2 0.1
0.4666666666673365 -0.2 0.1
0.333333333333619 -0.2 0.1
0.2666666666668966 -0.2 0.1
1 73 0 26
115
116
117
118
119
120
121
122
558
559
560
561
562
563
564
565
566
567
568
569
570
571
572
573
574
575
1.800000000000517 -0.2 0
1.600000000000884 -0.2 0
1.400000000001583 -0.2 0
1.200000000002155 -0.2 0
1.000000000002272 -0.2 0
0.8000000000016718 -0.2 0
0.6000000000011148 -0.2 0
0.4000000000006807 -0.2 0
1.933333333333388 -0.2 0
1.866666666667018 -0.2 0
1.733333333333979 -0.2 0
1.666666666667447 -0.2 0
1.533333333334421 -0.2 0
1.466666666667981 -0.2 0
1.333333333335098 -0.2 0
1.266666666668627 -0.2 0
1.133333333335694 -0.2 0
1.066666666669145 -0.2 0
0.9333333333353808 -0.2 0
0.8666666666685752 -0.2 0
0.733333333334826 -0.2 0
0.6666666666679604 -0.2 0
0.5333333333343171 -0.2 0
0.4666666666674864 -0.2 0
0.3333333333337871 -0.2 0
0.2666666666668935 -0.2 0
2 24 0 40
123
124
576
577
578
579
580
581
582
583
584
585
586
587
588
589
590
591
592
593
594
595
596
597
598
599
600
601
602
603
604
605
606
607
608
609
610
611
612
613
-0.2 -0.06333333333370367 0.04999999999986855
-0.2 0.07333333333294956 0.04999999999986855
-0.2 -0.06333333333369984 0.01666666666662285
-0.2 -0.06333333333370175 0.03333333333324569
-0.2 -0.1088888888891358 0.04999999999986855
-0.2 -0.1544444444445679 0.04999999999986855
-0.2 -0.1544444444445201 0.01666666666662948
-0.2 -0.1088888888890957 0.01666666666662616
-0.2 -0.1088888888891157 0.03333333333324736
-0.2 -0.154444444444544 0.03333333333324902
-0.2 -0.06333333333370555 0.06666666666657904
-0.2 -0.06333333333370747 0.08333333333328952
-0.2 -0.1544444444445556 0.06666666666658437
-0.2 -0.1088888888891342 0.06666666666658171
-0.2 -0.1088888888891326 0.08333333333327997
-0.2 -0.1544444444445434 0.08333333333327042
-0.2 0.07333333333292641 0.01666666666662285
-0.2 0.07333333333293796 0.03333333333324569
-0.2 0.02777777777739848 0.04999999999986855
-0.2 -0.01777777777815259 0.04999999999986855
-0.2 -0.01777777777822884 0.01666666666662285
-0.2 0.02777777777733317 0.01666666666662285
-0.2 0.02777777777736581 0.03333333333324569
-0.2 -0.0177777777781907 0.03333333333324569
-0.2 0.07333333333296116 0.06666666666657904
-0.2 0.07333333333297276 0.08333333333328952
-0.2 -0.01777777777819259 0.06666666666657904
-0.2 0.02777777777737003 0.06666666666657904
-0.2 0.02777777777734153 0.08333333333328952
-0.2 -0.01777777777823267 0.08333333333328952
-0.2 0.1644444444443166 0.04999999999986855
-0.2 0.118888888888633 0.04999999999986855
-0.2 0.1188888888886176 0.01666666666662616
-0.2 0.1644444444443087 0.01666666666662949
-0.2 0.1644444444443126 0.03333333333324902
-0.2 0.1188888888886253 0.03333333333324735
-0.2 0.1188888888886344 0.06666666666658171
-0.2 0.1644444444443116 0.06666666666658437
-0.2 0.1644444444443067 0.08333333333327042
-0.2 0.1188888888886357 0.08333333333327997
2 28 0 40
125
126
614
615
616
617
618
619
620
621
622
623
624
625
626
627
628
629
630
631
632
633
634
635
636
637
638
639
640
641
642
643
644
645
646
647
648
649
650
651
-0.06666666666699947 0.21 0.04999999999986855
0.06666666666626553 0.21 0.04999999999986855
-0.06666666666699725 0.21 0.01666666666662285
-0.06666666666699836 0.21 0.03333333333324569
-0.111111111111333 0.21 0.04999999999986855
-0.1555555555556665 0.21 0.04999999999986855
-0.1555555555556476 0.21 0.01666666666662948
-0.1111111111113186 0.21 0.01666666666662616
-0.1111111111113258 0.21 0.03333333333324736
-0.155555555555657 0.21 0.03333333333324902
-0.06666666666700058 0.21 0.06666666666657904
-0.06666666666700169 0.21 0.08333333333328952
-0.1555555555556625 0.21 0.06666666666658437
-0.1111111111113307 0.21 0.06666666666658171
-0.1111111111113284 0.21 0.08333333333327997
-0.1555555555556586 0.21 0.08333333333327042
0.0666666666662391 0.21 0.01666666666662285
0.06666666666625232 0.21 0.03333333333324569
0.02222222222184386 0.21 0.04999999999986855
-0.0222222222225778 0.21 0.04999999999986855
-0.02222222222267037 0.21 0.01666666666662285
0.02222222222174414 0.21 0.01666666666662285
0.02222222222179396 0.21 0.03333333333324569
-0.0222222222226241 0.21 0.03333333333324569
0.06666666666627868 0.21 0.06666666666657904
0.06666666666629195 0.21 0.08333333333328952
-0.02222222222261561 0.21 0.06666666666657904
0.02222222222181686 0.21 0.06666666666657904
0.02222222222178999 0.21 0.08333333333328952
-0.02222222222265341 0.21 0.08333333333328952
0.1555555555554218 0.21 0.04999999999986855
0.1111111111108437 0.21 0.04999999999986855
0.1111111111108117 0.21 0.01666666666662616
0.1555555555553841 0.21 0.01666666666662949
0.155555555555403 0.21 0.03333333333324902
0.1111111111108277 0.21 0.03333333333324735
0.1111111111108657 0.21 0.06666666666658171
0.1555555555554354 0.21 0.06666666666658437
0.1555555555554491 0.21 0.08333333333327042
0.1111111111108878 0.21 0.08333333333327997
2 32 0 40
127
128
652
653
654
655
656
657
658
659
660
661
662
663
664
665
666
667
668
669
670
671
672
673
674
675
676
677
678
679
680
681
682
683
684
685
686
687
688
689
0.2 0.07333333333367056 0.04999999999986855
0.2 -0.06333333333296634 0.04999999999986855
0.2 0.07333333333366676 0.01666666666662285
0.2 0.07333333333366865 0.03333333333324569
0.2 0.1188888888891137 0.04999999999986855
0.2 0.1644444444445569 0.04999999999986855
0.2 0.164444444444535 0.01666666666662948
0.2 0.1188888888890865 0.01666666666662616
0.2 0.1188888888891001 0.03333333333324736
0.2 0.1644444444445459 0.03333333333324902
0.2 0.07333333333367248 0.06666666666657904
0.2 0.07333333333367442 0.08333333333328952
0.2 0.164444444444545 0.06666666666658437
0.2 0.1188888888891031 0.06666666666658171
0.2 0.1188888888890925 0.08333333333327997
0.2 0.1644444444445331 0.08333333333327042
0.2 -0.06333333333294314 0.01666666666662285
0.2 -0.06333333333295474 0.03333333333324569
0.2 -0.01777777777742068 0.04999999999986855
0.2 0.02777777777812493 0.04999999999986855
0.2 0.0277777777782256 0.01666666666662285
0.2 -0.01777777777729977 0.01666666666662285
0.2 -0.01777777777736023 0.03333333333324569
0.2 0.02777777777817528 0.03333333333324569
0.2 -0.06333333333297794 0.06666666666657904
0.2 -0.06333333333298954 0.08333333333328952
0.2 0.02777777777817014 0.06666666666657904
0.2 -0.01777777777737666 0.06666666666657904
0.2 -0.01777777777733258 0.08333333333328952
0.2 0.02777777777821538 0.08333333333328952
0.2 -0.1544444444443222 0.04999999999986855
0.2 -0.1088888888886443 0.04999999999986855
0.2 -0.1088888888886284 0.01666666666662616
0.2 -0.154444444444308 0.01666666666662949
0.2 -0.1544444444443151 0.03333333333324902
0.2 -0.1088888888886363 0.03333333333324735
0.2 -0.1088888888886495 0.06666666666658171
0.2 -0.1544444444443286 0.06666666666658437
0.2 -0.1544444444443349 0.08333333333327042
0.2 -0.1088888888886545 0.08333333333327997
2 36 0 40
129
130
690
691
692
693
694
695
696
697
698
699
700
701
702
703
704
705
706
707
708
709
710
711
712
713
714
715
716
717
718
719
720
721
722
723
724
725
726
727
0.06666666666699947 -0.2 0.04999999999986855
-0.06666666666626553 -0.2 0.04999999999986855
0.06666666666699725 -0.2 0.01666666666662285
0.06666666666699836 -0.2 0.03333333333324569
0.111111111111333 -0.2 0.04999999999986855
0.1555555555556665 -0.2 0.04999999999986855
0.1555555555556476 -0.2 0.01666666666662948
0.1111111111113186 -0.2 0.01666666666662616
0.1111111111113258 -0.2 0.03333333333324736
0.155555555555657 -0.2 0.03333333333324902
0.06666666666700058 -0.2 0.06666666666657904
0.06666666666700169 -0.2 0.08333333333328952
0.1555555555556625 -0.2 0.06666666666658437
0.1111111111113307 -0.2 0.06666666666658171
0.1111111111113284 -0.2 0.08333333333327997
0.1555555555556586 -0.2 0.08333333333327042
-0.0666666666662391 -0.2 0.01666666666662285
-0.06666666666625232 -0.2 0.03333333333324569
-0.02222222222184386 -0.2 0.04999999999986855
0.0222222222225778 -0.2 0.04999999999986855
0.02222222222267037 -0.2 0.01666666666662285
-0.02222222222174414 -0.2 0.01666666666662285
-0.02222222222179396 -0.2 0.03333333333324569
0.0222222222226241 -0.2 0.03333333333324569
-0.06666666666627868 -0.2 0.06666666666657904
-0.06666666666629195 -0.2 0.08333333333328952
0.02222222222261561 -0.2 0.06666666666657904
-0.02222222222181686 -0.2 0.06666666666657904
-0.02222222222178999 -0.2 0.08333333333328952
0.02222222222265341 -0.2 0.08333333333328952
-0.1555555555554218 -0.2 0.04999999999986855
-0.1111111111108437 -0.2 0.04999999999986855
-0.1111111111108117 -0.2 0.01666666666662616
-0.1555555555553841 -0.2 0.01666666666662949
-0.155555555555403 -0.2 0.03333333333324902
-0.1111111111108277 -0.2 0.03333333333324735
-0.1111111111108657 -0.2 0.06666666666658171
-0.1555555555554354 -0.2 0.06666666666658437
-0.1555555555554491 -0.2 0.08333333333327042
-0.1111111111108878 -0.2 0.08333333333327997
2 40 0 55
131
132
133
728
729
730
731
732
733
734
735
736
737
738
739
740
741
742
743
744
745
746
747
748
749
750
751
752
753
754
755
756
757
758
759
760
761
762
763
764
765
766
767
768
769
770
771
772
773
774
775
776
777
778
779
-0.1442260635968465 -0.1442260635968465 0.04999999999986855
-0.09960691418960201 -0.09960691418960201 0.04999999999986855
-0.06391159469389468 -0.06391159469389468 0.04999999999986855
-0.1442260635968452 -0.1442260635968452 0.01666666666662285
-0.1442260635968458 -0.1442260635968458 0.03333333333324569
-0.162817375731231 -0.162817375731231 0.04999999999986855
-0.1814086878656155 -0.1814086878656155 0.04999999999986855
-0.1814086878656058 -0.1814086878656058 0.01666666666662948
-0.1628173757312139 -0.1628173757312139 0.01666666666662616
-0.1628173757312224 -0.1628173757312224 0.03333333333324736
-0.1814086878656107 -0.1814086878656107 0.03333333333324902
-0.1442260635968471 -0.1442260635968471 0.06666666666657904
-0.1442260635968478 -0.1442260635968478 0.08333333333328952
-0.1814086878656173 -0.1814086878656173 0.06666666666658437
-0.1628173757312331 -0.1628173757312331 0.06666666666658171
-0.1628173757312353 -0.1628173757312353 0.08333333333327997
-0.1814086878656191 -0.1814086878656191 0.08333333333327042
-0.09960691418961602 -0.09960691418961602 0.01666666666662285
-0.09960691418960903 -0.09960691418960903 0.03333333333324569
-0.1144799639920168 -0.1144799639920168 0.04999999999986855
-0.1293530137944316 -0.1293530137944316 0.04999999999986855
-0.12935301379447 -0.12935301379447 0.01666666666662285
-0.1144799639920613 -0.1144799639920613 0.01666666666662285
-0.114479963992039 -0.114479963992039 0.03333333333324569
-0.1293530137944508 -0.1293530137944508 0.03333333333324569
-0.09960691418959501 -0.09960691418959501 0.06666666666657904
-0.099606914189588 -0.099606914189588 0.08333333333328952
-0.1293530137944424 -0.1293530137944424 0.06666666666657904
-0.1144799639920316 -0.1144799639920316 0.06666666666657904
-0.1144799639920464 -0.1144799639920464 0.08333333333328952
-0.1293530137944532 -0.1293530137944532 0.08333333333328952
-0.06391159469390284 -0.06391159469390284 0.01666666666662285
-0.06391159469389876 -0.06391159469389876 0.03333333333324569
-0.07581003452579713 -0.07581003452579713 0.04999999999986855
-0.08770847435769956 -0.08770847435769956 0.04999999999986855
-0.08770847435770353 -0.08770847435770353 0.01666666666662285
-0.07581003452580908 -0.07581003452580908 0.01666666666662285
-0.07581003452580315 -0.07581003452580315 0.03333333333324569
-0.08770847435770153 -0.08770847435770153 0.03333333333324569
-0.0639115946938906 -0.0639115946938906 0.06666666666657904
-0.06391159469388649 -0.06391159469388649 0.08333333333328952
-0.08770847435769591 -0.08770847435769591 0.06666666666657904
-0.0758100345257975 -0.0758100345257975 0.06666666666657904
-0.07581003452579785 -0.07581003452579785 0.08333333333328952
-0.08770847435769225 -0.08770847435769225 0.08333333333328952
-0.04487409093751646 -0.04487409093751646 0.04999999999986855
-0.05439284281570558 -0.05439284281570558 0.04999999999986855
-0.05439284281571635 -0.05439284281571635 0.01666666666662616
-0.04487409093752734 -0.04487409093752734 0.01666666666662949
-0.0448740909375219 -0.0448740909375219 0.03333333333324902
-0.054392842815711 -0.054392842815711 0.03333333333324735
-0.05439284281569881 -0.05439284281569881 0.06666666666658171
-0.04487409093750899 -0.04487409093750899 0.06666666666658437
-0.04487409093750153 -0.04487409093750153 0.08333333333327042
-0.05439284281569204 -0.05439284281569204 0.08333333333327997
2 44 0 55
134
135
136
780
781
782
783
784
785
786
787
788
789
790
791
792
793
794
795
796
797
798
799
800
801
802
803
804
805
806
807
808
809
810
811
812
813
814
815
816
817
818
819
820
821
822
823
824
825
826
827
828
829
830
831
-0.1442260635968511 0.150838529735474 0.04999999999986855
-0.09960691418960071 0.1035093532218282 0.04999999999986855
-0.06391159469389499 0.06564601204283396 0.04999999999986855
-0.1442260635968519 0.1508385297354748 0.01666666666662285
-0.1442260635968516 0.1508385297354744 0.03333333333324569
-0.1628173757312341 0.1705590198236493 0.04999999999986855
-0.181408687865617 0.1902795099118247 0.04999999999986855
-0.1814086878656024 0.1902795099118091 0.01666666666662948
-0.1628173757312242 0.1705590198236388 0.01666666666662616
-0.1628173757312291 0.1705590198236441 0.03333333333324736
-0.1814086878656097 0.1902795099118169 0.03333333333324903
-0.1442260635968508 0.1508385297354736 0.06666666666657904
-0.1442260635968503 0.1508385297354731 0.08333333333328952
-0.1814086878656226 0.1902795099118306 0.06666666666658437
-0.1628173757312362 0.1705590198236515 0.06666666666658171
-0.1628173757312383 0.1705590198236537 0.08333333333327997
-0.1814086878656282 0.1902795099118365 0.08333333333327042
-0.09960691418961236 0.1035093532218405 0.01666666666662285
-0.09960691418960654 0.1035093532218343 0.03333333333324569
-0.1144799639920175 0.1192857453930434 0.04999999999986855
-0.1293530137944343 0.1350621375642587 0.04999999999986855
-0.1293530137944674 0.1350621375642938 0.01666666666662285
-0.1144799639920581 0.1192857453930865 0.01666666666662285
-0.1144799639920378 0.119285745393065 0.03333333333324569
-0.1293530137944509 0.1350621375642763 0.03333333333324569
-0.09960691418959487 0.103509353221822 0.06666666666657904
-0.09960691418958903 0.1035093532218158 0.08333333333328952
-0.1293530137944444 0.1350621375642694 0.06666666666657904
-0.1144799639920296 0.1192857453930563 0.06666666666657904
-0.1144799639920418 0.1192857453930692 0.08333333333328952
-0.1293530137944544 0.13506213756428 0.08333333333328952
-0.06391159469390179 0.06564601204284121 0.01666666666662285
-0.0639115946938984 0.0656460120428376 0.03333333333324569
-0.07581003452579689 0.07826712576916536 0.04999999999986855
-0.0877084743576988 0.09088823949549675 0.04999999999986855
-0.08770847435770682 0.09088823949550527 0.01666666666662285
-0.07581003452580479 0.07826712576917375 0.01666666666662285
-0.07581003452580087 0.07826712576916958 0.03333333333324569
-0.08770847435770282 0.09088823949550102 0.03333333333324569
-0.0639115946938916 0.06564601204283038 0.06666666666657904
-0.06391159469388819 0.06564601204282677 0.08333333333328952
-0.0877084743576958 0.09088823949549357 0.06666666666657904
-0.07581003452579359 0.07826712576916187 0.06666666666657904
-0.07581003452579024 0.07826712576915831 0.08333333333328952
-0.08770847435769275 0.09088823949549034 0.08333333333328952
-0.04487409093751657 0.04545223005382956 0.04999999999986855
-0.05439284281570578 0.05554912104833179 0.04999999999986855
-0.05439284281571358 0.05554912104834006 0.01666666666662616
-0.0448740909375199 0.04545223005383311 0.01666666666662949
-0.04487409093751821 0.04545223005383131 0.03333333333324902
-0.05439284281570966 0.0555491210483359 0.03333333333324735
-0.05439284281570397 0.05554912104832985 0.06666666666658171
-0.04487409093751502 0.04545223005382795 0.06666666666658437
-0.04487409093751349 0.04545223005382631 0.08333333333327042
-0.05439284281570217 0.05554912104832796 0.08333333333327997
2 48 0 55
137
138
139
832
833
834
835
836
837
838
839
840
841
842
843
844
845
846
847
848
849
850
851
852
853
854
855
856
857
858
859
860
861
862
863
864
865
866
867
868
869
870
871
872
873
874
875
876
877
878
879
880
881
882
883
0.1442260635968511 0.150838529735474 0.04999999999986855
0.09960691418960071 0.1035093532218282 0.04999999999986855
0.06391159469389499 0.06564601204283396 0.04999999999986855
0.1442260635968519 0.1508385297354748 0.01666666666662285
0.1442260635968516 0.1508385297354744 0.03333333333324569
0.1628173757312341 0.1705590198236493 0.04999999999986855
0.181408687865617 0.1902795099118247 0.04999999999986855
0.1814086878656024 0.1902795099118091 0.01666666666662948
0.1628173757312242 0.1705590198236388 0.01666666666662616
0.1628173757312291 0.1705590198236441 0.03333333333324736
0.1814086878656097 0.1902795099118169 0.03333333333324903
0.1442260635968508 0.1508385297354736 0.06666666666657904
0.1442260635968503 0.1508385297354731 0.08333333333328952
0.1814086878656226 0.1902795099118306 0.06666666666658437
0.1628173757312362 0.1705590198236515 0.06666666666658171
0.1628173757312383 0.1705590198236537 0.08333333333327997
0.1814086878656282 0.1902795099118365 0.08333333333327042
0.09960691418961236 0.1035093532218405 0.01666666666662285
0.09960691418960654 0.1035093532218343 0.03333333333324569
0.1144799639920175 0.1192857453930434 0.04999999999986855
0.1293530137944343 0.1350621375642587 0.04999999999986855
0.1293530137944674 0.1350621375642938 0.01666666666662285
0.1144799639920581 0.1192857453930865 0.01666666666662285
0.1144799639920378 0.119285745393065 0.03333333333324569
0.1293530137944509 0.1350621375642763 0.03333333333324569
0.09960691418959487 0.103509353221822 0.06666666666657904
0.09960691418958903 0.1035093532218158 0.08333333333328952
0.1293530137944444 0.1350621375642694 0.06666666666657904
0.1144799639920296 0.1192857453930563 0.06666666666657904
0.1144799639920418 0.1192857453930692 0.08333333333328952
0.1293530137944544 0.13506213756428 0.08333333333328952
0.06391159469390179 0.06564601204284121 0.01666666666662285
0.0639115946938984 0.0656460120428376 0.03333333333324569
0.07581003452579689 0.07826712576916536 0.04999999999986855
0.0877084743576988 0.09088823949549675 0.04999999999986855
0.08770847435770682 0.09088823949550527 0.01666666666662285
0.07581003452580479 0.07826712576917375 0.01666666666662285
0.07581003452580087 0.07826712576916958 0.03333333333324569
0.08770847435770282 0.09088823949550102 0.03333333333324569
0.0639115946938916 0.06564601204283038 0.06666666666657904
0.06391159469388819 0.06564601204282677 0.08333333333328952
0.0877084743576958 0.09088823949549357 0.06666666666657904
0.07581003452579359 0.07826712576916187 0.06666666666657904
0.07581003452579024 0.07826712576915831 0.08333333333328952
0.08770847435769275 0.09088823949549034 0.08333333333328952
0.04487409093751657 0.04545223005382956 0.04999999999986855
0.05439284281570578 0.05554912104833179 0.04999999999986855
0.05439284281571358 0.05554912104834006 0.01666666666662616
0.0448740909375199 0.04545223005383311 0.01666666666662949
0.04487409093751821 0.04545223005383131 0.03333333333324902
0.05439284281570966 0.0555491210483359 0.03333333333324735
0.05439284281570397 0.05554912104832985 0.06666666666658171
0.04487409093751502 0.04545223005382795 0.06666666666658437
0.04487409093751349 0.04545223005382631 0.08333333333327042
0.05439284281570217 0.05554912104832796 0.08333333333327997
2 52 0 55
140
141
142
884
885
886
887
888
889
890
891
892
893
894
895
896
897
898
899
900
901
902
903
904
905
906
907
908
909
910
911
912
913
914
915
916
917
918
919
920
921
922
923
924
925
926
927
928
929
930
931
932
933
934
935
0.1442260635968465 -0.1442260635968465 0.04999999999986855
0.09960691418960201 -0.09960691418960201 0.04999999999986855
0.06391159469389468 -0.06391159469389468 0.04999999999986855
0.1442260635968452 -0.1442260635968452 0.01666666666662285
0.1442260635968458 -0.1442260635968458 0.03333333333324569
0.162817375731231 -0.162817375731231 0.04999999999986855
0.1814086878656155 -0.1814086878656155 0.04999999999986855
0.1814086878656058 -0.1814086878656058 0.01666666666662948
0.1628173757312139 -0.1628173757312139 0.01666666666662616
0.1628173757312224 -0.1628173757312224 0.03333333333324736
0.1814086878656107 -0.1814086878656107 0.03333333333324902
0.1442260635968471 -0.1442260635968471 0.06666666666657904
0.1442260635968478 -0.1442260635968478 0.08333333333328952
0.1814086878656173 -0.1814086878656173 0.06666666666658437
0.1628173757312331 -0.1628173757312331 0.06666666666658171
0.1628173757312353 -0.1628173757312353 0.08333333333327997
0.1814086878656191 -0.1814086878656191 0.08333333333327042
0.09960691418961602 -0.09960691418961602 0.01666666666662285
0.09960691418960903 -0.09960691418960903 0.03333333333324569
0.1144799639920168 -0.1144799639920168 0.04999999999986855
0.1293530137944316 -0.1293530137944316 0.04999999999986855
0.12935301379447 -0.12935301379447 0.01666666666662285
0.1144799639920613 -0.1144799639920613 0.01666666666662285
0.114479963992039 -0.114479963992039 0.03333333333324569
0.1293530137944508 -0.1293530137944508 0.03333333333324569
0.09960691418959501 -0.09960691418959501 0.06666666666657904
0.099606914189588 -0.099606914189588 0.08333333333328952
0.1293530137944424 -0.1293530137944424 0.06666666666657904
0.1144799639920316 -0.1144799639920316 0.06666666666657904
0.1144799639920464 -0.1144799639920464 0.08333333333328952
0.1293530137944532 -0.1293530137944532 0.08333333333328952
0.06391159469390284 -0.06391159469390284 0.01666666666662285
0.06391159469389876 -0.06391159469389876 0.03333333333324569
0.07581003452579713 -0.07581003452579713 0.04999999999986855
0.08770847435769956 -0.08770847435769956 0.04999999999986855
0.08770847435770353 -0.08770847435770353 0.01666666666662285
0.07581003452580908 -0.07581003452580908 0.01666666666662285
0.07581003452580315 -0.07581003452580315 0.03333333333324569
0.08770847435770153 -0.08770847435770153 0.03333333333324569
0.0639115946938906 -0.0639115946938906 0.06666666666657904
0.06391159469388649 -0.06391159469388649 0.08333333333328952
0.08770847435769591 -0.08770847435769591 0.06666666666657904
0.0758100345257975 -0.0758100345257975 0.06666666666657904
0.07581003452579785 -0.07581003452579785 0.08333333333328952
0.08770847435769225 -0.08770847435769225 0.08333333333328952
0.04487409093751646 -0.04487409093751646 0.04999999999986855
0.05439284281570558 -0.05439284281570558 0.04999999999986855
0.05439284281571635 -0.05439284281571635 0.01666666666662616
0.04487409093752734 -0.04487409093752734 0.01666666666662949
0.0448740909375219 -0.0448740909375219 0.03333333333324902
0.054392842815711 -0.054392842815711 0.03333333333324735
0.05439284281569881 -0.05439284281569881 0.06666666666658171
0.04487409093750899 -0.04487409093750899 0.06666666666658437
0.04487409093750153 -0.04487409093750153 0.08333333333327042
0.05439284281569204 -0.05439284281569204 0.08333333333327997
2 56 0 40
143
144
936
937
938
939
940
941
942
943
944
945
946
947
948
949
950
951
952
953
954
955
956
957
958
959
960
961
962
963
964
965
966
967
968
969
970
971
972
973
-0.0482962913326226 -0.01294095218731769 0.04999999999986855
-0.04829629129171811 0.01294095233997536 0.04999999999986855
-0.04829629133262259 -0.01294095218731773 0.01666666666662285
-0.04829629133262259 -0.01294095218731772 0.03333333333324569
-0.04535363700903006 -0.02104869616040714 0.04999999999986857
-0.04095760222787134 -0.02867882179838404 0.04999999999986855
-0.04095760222531127 -0.02867882180204022 0.01666666666662948
-0.04532815515018238 -0.02110351512618204 0.01666666666662617
-0.04534090436439708 -0.02107610949436818 0.03333333333324737
-0.0409576022265913 -0.02867882180021213 0.03333333333324902
-0.0482962913326226 -0.01294095218731767 0.06666666666657904
-0.04829629133262262 -0.01294095218731765 0.08333333333328952
-0.04095760222870629 -0.0286788217971916 0.06666666666658437
-0.04534090436533553 -0.02107610949234929 0.06666666666658172
-0.04532815515206173 -0.0211035151221454 0.08333333333327997
-0.04095760222954126 -0.02867882179599917 0.08333333333327042
-0.04829629129171731 0.01294095233997832 0.01666666666662285
-0.04829629129171771 0.01294095233997683 0.03333333333324569
-0.04980777558776008 0.004380124541531954 0.04999999999986856
-0.04980777560129709 -0.00438012438759822 0.04999999999986855
-0.04980908292226221 -0.004365232919697086 0.01666666666662285
-0.0498090829053562 0.004365233112601435 0.01666666666662285
-0.04980842980307704 0.00437267887592346 0.0333333333332457
-0.04980842981830146 -0.004372678702504653 0.03333333333324569
-0.0482962912917185 0.01294095233997386 0.06666666666657904
-0.0482962912917189 0.01294095233997239 0.08333333333328952
-0.04980842981827698 -0.004372678702783437 0.06666666666657904
-0.04980842980315958 0.004372678874983122 0.06666666666657904
-0.04980908290552102 0.004365233110720734 0.08333333333328952
-0.04980908292221334 -0.004365232920254643 0.08333333333328952
-0.04095760219765479 0.02867882184153776 0.04999999999986855
-0.04535363698849921 0.02104869620464499 0.04999999999986855
-0.04532815511481281 0.0211035152021522 0.01666666666662616
-0.04095760219766324 0.0286788218415257 0.01666666666662949
-0.04095760219765901 0.02867882184153172 0.03333333333324902
-0.04534090433645648 0.02107610955447665 0.03333333333324735
-0.04534090433553165 0.02107610955646624 0.06666666666658171
-0.0409576021988142 0.02867882183988196 0.06666666666658437
-0.04095760219997361 0.02867882183822616 0.08333333333327042
-0.04532815511296076 0.02110351520613023 0.08333333333327997
2 60 0 40
145
146
974
975
976
977
978
979
980
981
982
983
984
985
986
987
988
989
990
991
992
993
994
995
996
997
998
999
1000
1001
1002
1003
1004
1005
1006
1007
1008
1009
1010
1011
-0.01294095218731769 0.0482962913326226 0.04999999999986855
0.01294095233997536 0.04829629129171811 0.04999999999986855
-0.01294095218731773 0.04829629133262259 0.01666666666662285
-0.01294095218731772 0.04829629133262259 0.03333333333324569
-0.02113091304461954 0.04531538937161113 0.04999999999986855
-0.02875305371346554 0.04090552410311553 0.04999999999986855
-0.02870357626632231 0.04094025780968433 0.01666666666662948
-0.02113091304542884 0.04531538937123376 0.01666666666662616
-0.02113091304502419 0.04531538937142244 0.03333333333324736
-0.02872832023920223 0.04092289843393113 0.03333333333324902
-0.01294095218731767 0.0482962913326226 0.06666666666657904
-0.01294095218731765 0.04829629133262262 0.08333333333328952
-0.02872832023618426 0.04092289843604977 0.06666666666658437
-0.02113091304300643 0.04531538937236333 0.06666666666658171
-0.02113091304139333 0.04531538937311554 0.08333333333327997
-0.02870357626028381 0.04094025781391797 0.08333333333327042
0.01294095233997832 0.04829629129171731 0.01666666666662285
0.01294095233997683 0.04829629129171771 0.03333333333324569
0.004448112947913065 0.04980174988092896 0.04999999999986857
-0.004448112874058989 0.04980174988752534 0.04999999999986855
-0.004387897258118324 0.04980709143939442 0.01666666666662285
0.004387897424325077 0.04980709142475197 0.01666666666662285
0.004418005993386338 0.04980442975320973 0.03333333333324571
-0.004418005873358374 0.04980442976385705 0.03333333333324569
0.01294095233997386 0.0482962912917185 0.06666666666657904
0.01294095233997239 0.0482962912917189 0.08333333333328952
-0.004418005873637131 0.04980442976383233 0.06666666666657904
0.004418005992446076 0.04980442975329313 0.06666666666657904
0.004387897422444449 0.04980709142491765 0.08333333333328952
-0.004387897258675853 0.0498070914393453 0.08333333333328952
0.02875305377418129 0.0409055240604376 0.04999999999986857
0.02113091314010985 0.04531538932708327 0.04999999999986855
0.02113091313847418 0.045315389327846 0.01666666666662616
0.02870357631166836 0.04094025777789181 0.01666666666662949
0.02872832029223641 0.04092289839670056 0.03333333333324903
0.02113091313929201 0.04531538932746464 0.03333333333324735
0.02113091314128048 0.0453153893265374 0.06666666666658171
0.02872832029058805 0.04092289839785774 0.06666666666658438
0.02870357630837021 0.04094025778020417 0.08333333333327042
0.02113091314245109 0.04531538932599154 0.08333333333327997
2 64 0 40
147
148
1012
1013
1014
1015
1016
1017
1018
1019
1020
1021
1022
1023
1024
1025
1026
1027
1028
1029
1030
1031
1032
1033
1034
1035
1036
1037
1038
1039
1040
1041
1042
1043
1044
1045
1046
1047
1048
1049
0.0482962913326226 0.01294095218731769 0.04999999999986855
0.04829629129171811 -0.01294095233997536 0.04999999999986855
0.04829629133262259 0.01294095218731773 0.01666666666662285
0.04829629133262259 0.01294095218731772 0.03333333333324569
0.04535363700903006 0.02104869616040714 0.04999999999986857
0.04095760222787134 0.02867882179838404 0.04999999999986855
0.04095760222531127 0.02867882180204022 0.01666666666662948
0.04532815515018238 0.02110351512618204 0.01666666666662617
0.04534090436439708 0.02107610949436818 0.03333333333324737
0.0409576022265913 0.02867882180021213 0.03333333333324902
0.0482962913326226 0.01294095218731767 0.06666666666657904
0.04829629133262262 0.01294095218731765 0.08333333333328952
0.04095760222870629 0.0286788217971916 0.06666666666658437
0.04534090436533553 0.02107610949234929 0.06666666666658172
0.04532815515206173 0.0211035151221454 0.08333333333327997
0.04095760222954126 0.02867882179599917 0.08333333333327042
0.04829629129171731 -0.01294095233997832 0.01666666666662285
0.04829629129171771 -0.01294095233997683 0.03333333333324569
0.04980777558776008 -0.004380124541531954 0.04999999999986856
0.04980777560129709 0.00438012438759822 0.04999999999986855
0.04980908292226221 0.004365232919697086 0.01666666666662285
0.0498090829053562 -0.004365233112601435 0.01666666666662285
0.04980842980307704 -0.00437267887592346 0.0333333333332457
0.04980842981830146 0.004372678702504653 0.03333333333324569
0.0482962912917185 -0.01294095233997386 0.06666666666657904
0.0482962912917189 -0.01294095233997239 0.08333333333328952
0.04980842981827698 0.004372678702783437 0.06666666666657904
0.04980842980315958 -0.004372678874983122 0.06666666666657904
0.04980908290552102 -0.004365233110720734 0.08333333333328952
0.04980908292221334 0.004365232920254643 0.08333333333328952
0.04095760219765479 -0.02867882184153776 0.04999999999986855
0.04535363698849921 -0.02104869620464499 0.04999999999986855
0.04532815511481281 -0.0211035152021522 0.01666666666662616
0.04095760219766324 -0.0286788218415257 0.01666666666662949
0.04095760219765901 -0.02867882184153172 0.03333333333324902
0.04534090433645648 -0.02107610955447665 0.03333333333324735
0.04534090433553165 -0.02107610955646624 0.06666666666658171
0.0409576021988142 -0.02867882183988196 0.06666666666658437
0.04095760219997361 -0.02867882183822616 0.08333333333327042
0.04532815511296076 -0.02110351520613023 0.08333333333327997
2 68 0 40
149
150
1050
1051
1052
1053
1054
1055
1056
1057
1058
1059
1060
1061
1062
1063
1064
1065
1066
1067
1068
1069
1070
1071
1072
1073
1074
1075
1076
1077
1078
1079
1080
1081
1082
1083
1084
1085
1086
1087
0.01294095218731769 -0.0482962913326226 0.04999999999986855
-0.01294095233997536 -0.04829629129171811 0.04999999999986855
0.01294095218731773 -0.04829629133262259 0.01666666666662285
0.01294095218731772 -0.04829629133262259 0.03333333333324569
0.02113091304461954 -0.04531538937161113 0.04999999999986855
0.02875305371346554 -0.04090552410311553 0.04999999999986855
0.02870357626632231 -0.04094025780968433 0.01666666666662948
0.02113091304542884 -0.04531538937123376 0.01666666666662616
0.02113091304502419 -0.04531538937142244 0.03333333333324736
0.02872832023920223 -0.04092289843393113 0.03333333333324902
0.01294095218731767 -0.0482962913326226 0.06666666666657904
0.01294095218731765 -0.04829629133262262 0.08333333333328952
0.02872832023618426 -0.04092289843604977 0.06666666666658437
0.02113091304300643 -0.04531538937236333 0.06666666666658171
0.02113091304139333 -0.04531538937311554 0.08333333333327997
0.02870357626028381 -0.04094025781391797 0.08333333333327042
-0.01294095233997832 -0.04829629129171731 0.01666666666662285
-0.01294095233997683 -0.04829629129171771 0.03333333333324569
-0.004448112947913065 -0.04980174988092896 0.04999999999986857
0.004448112874058989 -0.04980174988752534 0.04999999999986855
0.004387897258118324 -0.04980709143939442 0.01666666666662285
-0.004387897424325077 -0.04980709142475197 0.01666666666662285
-0.004418005993386338 -0.04980442975320973 0.03333333333324571
0.004418005873358374 -0.04980442976385705 0.03333333333324569
-0.01294095233997386 -0.0482962912917185 0.06666666666657904
-0.01294095233997239 -0.0482962912917189 0.08333333333328952
0.004418005873637131 -0.04980442976383233 0.06666666666657904
-0.004418005992446076 -0.04980442975329313 0.06666666666657904
-0.004387897422444449 -0.04980709142491765 0.08333333333328952
0.004387897258675853 -0.0498070914393453 0.08333333333328952
-0.02875305377418129 -0.0409055240604376 0.04999999999986857
-0.02113091314010985 -0.04531538932708327 0.04999999999986855
-0.02113091313847418 -0.045315389327846 0.01666666666662616
-0.02870357631166836 -0.04094025777789181 0.01666666666662949
-0.02872832029223641 -0.04092289839670056 0.03333333333324903
-0.02113091313929201 -0.04531538932746464 0.03333333333324735
-0.02113091314128048 -0.0453153893265374 0.06666666666658171
-0.02872832029058805 -0.04092289839785774 0.06666666666658438
-0.02870357630837021 -0.04094025778020417 0.08333333333327042
-0.02113091314245109 -0.04531538932599154 0.08333333333327997
2 69 0 88
151
152
153
154
155
156
1088
1089
1090
1091
1092
1093
1094
1095
1096
1097
1098
1099
1100
1101
1102
1103
1104
1105
1106
1107
1108
1109
1110
1111
1112
1113
1114
1115
1116
1117
1118
1119
1120
1121
1122
1123
1124
1125
1126
1127
1128
1129
1130
1131
1132
1133
1134
1135
1136
1137
1138
1139
1140
1141
1142
1143
1144
1145
1146
1147
1148
1149
1150
1151
1152
1153
1154
1155
1156
1157
1158
1159
1160
1161
1162
1163
1164
1165
1166
1167
1168
1169
-0.1486098549992727 -0.04626274358481446 0
-0.1074977387363651 -0.03260627169857792 0
-0.07460804575374126 -0.02168109419878466 0
-0.1486098549854184 0.05287520977464215 -0
-0.107497738711421 0.03650871082358256 -0
-0.07460804571992974 0.02341551167377081 -0
-0.1828699516664242 -0.05764313675073677 0
-0.1657399033328484 -0.05195294016777562 0
-0.1471485911984633 -0.07891718358882449 0
-0.1456873273976539 -0.1115716235928345 0
-0.1818957757992087 -0.1401535041605997 0
-0.1823828637328164 -0.09889832045565394 0
-0.1647657274656341 -0.08890775202223342 0
-0.1637915515984197 -0.1258625638767055 0
-0.1349058162449701 -0.04171058628940228 0
-0.1212017774906676 -0.03715842899399011 0
-0.1048674638874511 -0.05493981919559296 0
-0.1022371890385371 -0.07727336669260801 0
-0.1312039479446495 -0.1001388712927935 0
-0.1330548820948098 -0.0709247287910979 0
-0.1189611729911396 -0.06293227399335458 0
-0.1167205684916116 -0.08870611899271905 0
-0.09653450774215716 -0.0289645458653135 0
-0.0855712767479492 -0.02532282003204908 0
-0.07104256206712982 -0.03575792769715875 0
-0.06747707838051836 -0.04983476119553283 0
-0.09065048548585605 -0.06812716486024149 0
-0.09359249661400658 -0.04854585536277749 0
-0.08231752934057117 -0.04215189152997108 0
-0.07906378193319312 -0.05898096302789309 0
-0.0658374609467017 -0.01876771352829569 0
-0.05706687613966215 -0.01585433285780672 0
-0.058637252995028 -0.04278278139831668 0
-0.06246683783510423 -0.03088225614671966 0
-0.05389111360307738 -0.0260065845962793 0
-0.04979742760953507 -0.03573080160109796 0
-0.1828699516618061 0.06651395881349055 -0
-0.1657399033236123 0.05969458429406635 -0
-0.1486098549900365 0.01982922532148995 -0
-0.1486098549946546 -0.01321675913166225 0
-0.1828699516648849 -0.01625743822939875 0
-0.1828699516633455 0.0251282602920303 -0
-0.165739903326691 0.02247874280676012 -0
-0.1657399033297697 -0.0147370986805305 0
-0.1349058162274193 0.04741971012428895 -0
-0.1212017774694201 0.04196421047393575 -0
-0.1074977387197357 0.01347038331619573 -0
-0.1074977387280504 -0.009567944191191093 0
-0.1349058162391198 -0.01200048748483852 0
-0.1349058162332695 0.01770961131972522 -0
-0.1212017774765026 0.01558999731796047 -0
-0.1212017774835851 -0.01078421583801482 0
-0.09653450771425724 0.03214431110697864 -0
-0.0855712767170935 0.02777991139037473 -0
-0.07460804573120025 0.00838330971625232 -0
-0.07460804574247075 -0.00664889224126617 0
-0.09653450773285718 -0.008594926874549453 0
-0.09653450772355723 0.01177469211621459 -0
-0.08557127672737873 0.01007900091623346 -0
-0.08557127673766397 -0.007621909557907815 0
-0.06583746091052546 0.01992399189584047 -0
-0.0570668761011212 0.01643247211791014 -0
-0.06634194213270207 -0.005885190507291404 0
-0.0663419421189945 0.00704146889474564 -0
-0.05807583850678875 0.005699628073238957 -0
-0.05807583852293341 -0.005121488773316638 0
-0.145687327393041 0.1181840897485309 -0
-0.1471485911892297 0.08552964976158653 -0
-0.1823828637297358 0.1077691425129275 -0
-0.1818957757976654 0.1490243262123644 -0
-0.1637915515953502 0.1336042079804445 -0
-0.1647657274594813 0.09664939613725543 -0
-0.1022371890302191 0.08117580575575864 -0
-0.1048674638708201 0.0588422582896706 -0
-0.1330548820831075 0.07663385260429642 -0
-0.1312039479387957 0.1058479950843039 -0
-0.1167205684845256 0.09351190042005061 -0
-0.1189611729769729 0.06773805544699318 -0
-0.06747707836924673 0.05156917858648681 -0
-0.07104256204458824 0.03749234513012881 -0
-0.09359249659540844 0.05172562056982226 -0
-0.09065048547655963 0.07130693003266586 -0
-0.07906378192290367 0.06143805430957688 -0
-0.08231752931999858 0.04460898284997581 -0
-0.06246683780580291 0.03203853446597306 -0
-0.05863725297872355 0.04393905967150122 -0
-0.04979742758819491 0.03630894075650983 -0
-0.05389111356701484 0.0265847238018144 -0
2 70 0 88
157
158
159
160
161
162
1170
1171
1172
1173
1174
1175
1176
1177
1178
1179
1180
1181
1182
1183
1184
1185
1186
1187
1188
1189
1190
1191
1192
1193
1194
1195
1196
1197
1198
1199
1200
1201
1202
1203
1204
1205
1206
1207
1208
1209
1210
1211
1212
1213
1214
1215
1216
1217
1218
1219
1220
1221
1222
1223
1224
1225
1226
1227
1228
1229
1230
1231
1232
1233
1234
1235
1236
1237
1238
1239
1240
1241
1242
1243
1244
1245
1246
1247
1248
1249
1250
1251
-0.04846689896433742 0.1552223211379005 0
0.04846689901554291 0.1552223211240435 0
-0.03390708470930384 0.1114001777685906 0
0.03390708480208989 0.1114001777436481 0
-0.02225923331509065 0.07634246310267978 0
0.02225923344114114 0.07634246306886885 0
-0.1123063420526807 0.1522997935362837 0
-0.08038662050850907 0.1537610573370921 0
-0.05453348819855699 0.173481547425267 0
-0.06060007743277657 0.1917407737126335 0
-0.1411391510546374 0.190766597845412 0
-0.126722746553656 0.1715331956908447 0
-0.0906281173761046 0.1725073715580558 0
-0.1008696142437031 0.1912536857790227 0
-0.01615563297104398 0.1552223211332815 0
0.01615563302224946 0.1552223211286625 0
0.05453348823243725 0.173481547416029 0
0.0606000774493316 0.1917407737080145 0
-0.02020002580549244 0.1917407737110938 0
-0.01817782938826821 0.1734815474221877 0
0.01817782942206438 0.1734815474191084 0
0.02020002582187929 0.1917407737095542 0
0.08038662054264606 0.1537610573278541 0
0.1123063420697492 0.1522997935316647 0
0.1008696142547383 0.1912536857759435 0
0.0906281173986907 0.1725073715518972 0
0.1267227465649441 0.1715331956877654 0
0.141139151060145 0.1907665978438724 0
-0.07770697102951341 0.1061396280707613 0
-0.05580702786940862 0.108769902919676 0
-0.03876035612764837 0.1260075588916939 0
-0.04361362754599289 0.1406149400147972 0
-0.1007732183783203 0.1369130717144733 0
-0.08924009470393507 0.1215263498926367 0
-0.06400022541579171 0.1237669543921653 0
-0.07219342296215661 0.1387640058646353 0
-0.01130236153883926 0.1114001777602764 0
0.01130236163162532 0.1114001777519623 0
0.03876035620657423 0.1260075588704466 0
0.04361362761105857 0.1406149399972451 0
-0.01453787582697574 0.1406149400089465 0
-0.0129201186829075 0.1260075588846114 0
0.01292011876183337 0.126007558877529 0
0.01453787589204141 0.1406149400030958 0
0.05580702793126599 0.1087699029030476 0
0.07770697106044208 0.1061396280624472 0
0.07219342300553372 0.1387640058529338 0
0.06400022546840897 0.1237669543780004 0
0.08924009473024369 0.1215263498855542 0
0.1007732184000088 0.1369130717086226 0
-0.05002747423430037 0.06921149572945647 0
-0.03614335377469551 0.07277697941606813 0
-0.02614185044649505 0.08802836799131672 0
-0.03002446757789944 0.09971427287995366 0
-0.06848047209777369 0.09383025062365757 0
-0.05925397316603752 0.08152087317655754 0
-0.04269791180626628 0.08477462058393714 0
-0.04925246983783657 0.0967722617518056 0
-0.007419744396346722 0.07634246309140948 0
0.007419744522397208 0.07634246308013916 0
0.02614185056145739 0.08802836796046193 0
0.03002446768177364 0.099714272852055 0
-0.01000815582467508 0.09971427287065411 0
-0.008713950110510897 0.08802836798103181 0
0.008713950225473248 0.08802836797074684 0
0.01000815592854928 0.09971427286135456 0
0.03614335385872917 0.07277697939352751 0
0.05002747427631719 0.06921149571818616 0
0.04925246990708604 0.09677226173320651 0
0.04269791188290785 0.08477462056336726 0
0.05925397320435831 0.08152087316627263 0
0.06848047213239841 0.09383025061435801 0
-0.01604704589657539 0.05764501525597499 0
-0.01915313960583302 0.06699373917932738 0
-0.04291125675749294 0.05979353122765151 0
-0.03579503928068003 0.05037556672584075 0
-0.02613505995545467 0.05446925271938664 0
-0.03113920686507646 0.06362311606772884 0
0.01604704604036692 0.05764501521743423 0
0.01915313974075403 0.06699373914315154 0
-0.00639909194401177 0.0674982203653279 0
-0.005378439491676821 0.05865397763924632 0
0.005378439675287255 0.05865397762310172 0
0.006399092098842232 0.06749822035162042 0
0.03113920695170653 0.06362311603842918 0
0.02613506004468115 0.05446925268332797 0
0.03579503931978655 0.05037556670450815 0
0.04291125679805461 0.05979353121135006 0
2 71 0 88
163
164
165
166
167
168
1252
1253
1254
1255
1256
1257
1258
1259
1260
1261
1262
1263
1264
1265
1266
1267
1268
1269
1270
1271
1272
1273
1274
1275
1276
1277
1278
1279
1280
1281
1282
1283
1284
1285
1286
1287
1288
1289
1290
1291
1292
1293
1294
1295
1296
1297
1298
1299
1300
1301
1302
1303
1304
1305
1306
1307
1308
1309
1310
1311
1312
1313
1314
1315
1316
1317
1318
1319
1320
1321
1322
1323
1324
1325
1326
1327
1328
1329
1330
1331
1332
1333
0.1486098549992753 0.05287520972342338 0
0.1486098549854158 -0.04626274363602251 0
0.1074977387363635 0.03650871073078868 0
0.1074977387114226 -0.03260627179136547 0
0.07460804575374071 0.02341551154771683 0
0.07460804571993036 -0.02168109432483582 0
0.14568732739766 0.118184089731458 0
0.1471485911984677 0.08552964972744069 0
0.1657399033328502 0.05969458426017055 0
0.1828699516664251 0.06651395879691771 0
0.181895775799205 0.1490243262068195 0
0.1637915515984295 0.1336042079691356 0
0.1647657274656399 0.09664939611464586 0
0.1823828637328151 0.1077691425018542 0
0.1486098549946555 0.01982922527027475 0
0.1486098549900356 -0.01321675918287388 0
0.1657399033236105 -0.05195294020165885 0
0.1828699516618053 -0.05764313676729519 0
0.1828699516648852 0.02512826027560884 0
0.1657399033297703 0.0224787427729418 0
0.1657399033266904 -0.01473709871432903 0
0.1828699516633452 -0.01625743824578417 0
0.1471485911892254 -0.07891718362296318 0
0.145687327393035 -0.1115716236099039 0
0.1823828637297372 -0.09889832046673003 0
0.1647657274594755 -0.0889077520448408 0
0.1637915515953404 -0.12586256388802 0
0.1818957757976691 -0.1401535041661593 0
0.1022371890385333 0.08117580572482735 0
0.1048674638874484 0.05884225822780802 0
0.1212017774906674 0.04196421039500025 0
0.1349058162449714 0.04741971005921181 0
0.1312039479446465 0.1058479950626115 0
0.1167205684916081 0.09351190039373877 0
0.1189611729911378 0.06773805539436951 0
0.1330548820948089 0.07663385256091167 0
0.1074977387280499 0.01347038322340396 0
0.1074977387197363 -0.00956794428398075 0
0.1212017774694204 -0.03715842907291781 0
0.1349058162274181 -0.04171058635447016 0
0.1349058162391203 0.01770961125465116 0
0.1212017774835851 0.01558999723902756 0
0.1212017774765027 -0.01078421591694512 0
0.1349058162332692 -0.0120004875499095 0
0.1048674638708228 -0.05493981925745132 0
0.1022371890302229 -0.07727336672353718 0
0.1330548820831084 -0.07092472883447648 0
0.1189611729769747 -0.06293227404597306 0
0.1167205684845291 -0.08870611901902828 0
0.1312039479387988 -0.1001388713144828 0
0.06747707838051706 0.05156917854446882 0
0.07104256206712888 0.03749234504609283 0
0.0855712767479483 0.02777991127540744 0
0.09653450774215591 0.03214431100309806 0
0.09065048548585919 0.07130692999803903 0
0.07906378193318861 0.06143805427125446 0
0.08231752934056846 0.04460898277333095 0
0.09359249661400754 0.05172562050056854 0
0.0746080457424706 0.00838330959019928 0
0.07460804573120047 -0.00664889236731827 0
0.08557127671709445 -0.02532282014701237 0
0.09653450771425855 -0.02896454596918892 0
0.09653450773285679 0.01177469201233573 0
0.0855712767376637 0.01007900080126751 0
0.08557127672737908 -0.007621909672872426 0
0.09653450772355768 -0.008594926978426589 0
0.07104256204458921 -0.03575792778119286 0
0.06747707836924807 -0.04983476123754989 0
0.09359249659540753 -0.04854585543202778 0
0.08231752932000133 -0.04215189160661327 0
0.07906378192290819 -0.05898096306621417 0
0.09065048547655652 -0.06812716489486664 0
0.05706687613966196 0.01643247197411745 0
0.06583746094670133 0.01992399176091714 0
0.05863725299502504 0.04393905963093878 0
0.04979742760952753 0.03630894071740294 0
0.05389111360307351 0.02658472371258715 0
0.06246683783510255 0.03203853437934144 0
0.0570668761011214 -0.01585433300159848 0
0.06583746091052588 -0.01876771366321715 0
0.06634194213270198 0.007041468739913475 0
0.05807583852293335 0.005699627889627676 0
0.05807583850678881 -0.005121488956927607 0
0.06634194211899465 -0.005885190662122939 0
0.06246683780580461 -0.03088225623335003 0
0.05389111356701871 -0.02600658468550594 0
0.04979742758820248 -0.03573080164020456 0
0.05863725297872655 -0.0427827814388785 0
2 72 0 88
169
170
171
172
173
174
1334
1335
1336
1337
1338
1339
1340
1341
1342
1343
1344
1345
1346
1347
1348
1349
1350
1351
1352
1353
1354
1355
1356
1357
1358
1359
1360
1361
1362
1363
1364
1365
1366
1367
1368
1369
1370
1371
1372
1373
1374
1375
1376
1377
1378
1379
1380
1381
1382
1383
1384
1385
1386
1387
1388
1389
1390
1391
1392
1393
1394
1395
1396
1397
1398
1399
1400
1401
1402
1403
1404
1405
1406
1407
1408
1409
1410
1411
1412
1413
1414
1415
0.0222592333150912 -0.07460804575374178 0
0.03390708470930544 -0.1074977387363665 0
0.04846689896433488 -0.1486098549992704 0
-0.0222592334411417 -0.07460804571993082 0
-0.03390708480209148 -0.1074977387114241 0
-0.04846689901554038 -0.1486098549854135 0
0.01604704589657557 -0.05706687613966231 0
0.01915313960583338 -0.06583746094670204 0
0.03614335377469644 -0.07104256206713015 0
0.05002747423430168 -0.06747707838051854 0
0.03579503928068758 -0.04979742760953514 0
0.02613505995545853 -0.05389111360307748 0
0.03113920686507812 -0.06246683783510446 0
0.04291125675749591 -0.05863725299502813 0
0.02614185044649595 -0.08557127674795002 0
0.03002446757790069 -0.09653450774215827 0
0.0558070278694113 -0.104867463887452 0
0.07770697102951718 -0.1022371890385375 0
0.05925397316604204 -0.0790637819331934 0
0.04269791180626899 -0.0823175293405717 0
0.04925246983783561 -0.09359249661400734 0
0.06848047209777056 -0.09065048548585641 0
0.03876035612764858 -0.1212017774906678 0
0.04361362754599173 -0.1349058162449691 0
0.08038662050850477 -0.1471485911984618 0
0.1123063420526747 -0.1456873273976532 0
0.08924009470393855 -0.1167205684916116 0
0.06400022541579356 -0.1189611729911397 0
0.07219342296215753 -0.1330548820948091 0
0.1007732183783234 -0.1312039479446491 0
0.0545334881985553 -0.1657399033328469 0
0.06060007743277572 -0.1828699516664234 0
0.1267227465536462 -0.1637915515984192 0
0.09062811737609885 -0.1647657274656331 0
0.1008696142437045 -0.1823828637328159 0
0.141139151054641 -0.1818957757992084 0
-0.0160470460403671 -0.05706687610112155 0
-0.0191531397407544 -0.06583746091052618 0
-0.007419744522397399 -0.07460804573120114 0
0.007419744396346899 -0.07460804574247146 0
0.005378439491676883 -0.05807583852293365 0
-0.005378439675287319 -0.05807583850678905 0
-0.006399092098842358 -0.06634194211899509 0
0.00639909194401189 -0.06634194213270254 0
-0.02614185056145829 -0.08557127671709523 0
-0.03002446768177489 -0.09653450771425964 0
-0.01130236163162584 -0.1074977387197382 0
0.0113023615388398 -0.1074977387280524 0
0.008713950110511199 -0.0855712767376651 0
-0.008713950225473548 -0.08557127672738014 0
-0.01000815592854969 -0.09653450772355918 0
0.0100081558246755 -0.09653450773285872 0
-0.03876035620657445 -0.1212017774694205 0
-0.04361362761105742 -0.134905816227417 0
-0.01615563302224864 -0.1486098549900325 0
0.01615563297104311 -0.1486098549946514 0
0.01292011868290757 -0.1212017774835854 0
-0.01292011876183344 -0.121201777476503 0
-0.01453787589204104 -0.1349058162332677 0
0.01453787582697533 -0.1349058162391184 0
-0.05453348823243557 -0.165739903323609 0
-0.06060007744933076 -0.1828699516618045 0
0.01817782938826763 -0.1657399033297676 0
-0.01817782942206382 -0.1657399033266883 0
-0.020200025821879 -0.1828699516633441 0
0.02020002580549216 -0.1828699516648838 0
-0.05002747427631851 -0.06747707836924823 0
-0.0361433538587301 -0.07104256204458952 0
-0.02613506004468501 -0.05389111356701881 0
-0.03579503931979409 -0.04979742758820253 0
-0.04291125679805759 -0.05863725297872666 0
-0.0311392069517082 -0.0624668378058048 0
-0.07770697106044586 -0.1022371890302234 0
-0.05580702793126867 -0.1048674638708237 0
-0.04269791188291056 -0.08231752932000186 0
-0.05925397320436282 -0.07906378192290847 0
-0.06848047213239529 -0.09065048547655688 0
-0.04925246990708509 -0.09359249659540825 0
-0.1123063420697432 -0.1456873273930342 0
-0.08038662054264178 -0.1471485911892239 0
-0.06400022546841082 -0.1189611729769749 0
-0.08924009473024716 -0.1167205684845292 0
-0.1007732184000119 -0.1312039479387984 0
-0.07219342300553466 -0.1330548820831078 0
-0.09062811739868495 -0.1647657274594744 0
-0.1267227465649343 -0.1637915515953399 0
-0.1411391510601486 -0.1818957757976688 0
-0.1008696142547397 -0.1823828637297366 0
2 73 0 88
175
176
177
178
179
180
1416
1417
1418
1419
1420
1421
1422
1423
1424
1425
1426
1427
1428
1429
1430
1431
1432
1433
1434
1435
1436
1437
1438
1439
1440
1441
1442
1443
1444
1445
1446
1447
1448
1449
1450
1451
1452
1453
1454
1455
1456
1457
1458
1459
1460
1461
1462
1463
1464
1465
1466
1467
1468
1469
1470
1471
1472
1473
1474
1475
1476
1477
1478
1479
1480
1481
1482
1483
1484
1485
1486
1487
1488
1489
1490
1491
1492
1493
1494
1495
1496
1497
-0.1486098549992744 -0.04626274358482543 0.1
-0.1074977387363285 -0.03260627169856693 0.1
-0.0746080457537199 -0.02168109419877757 0.1
-0.1486098549854187 0.05287520977468216 0.1
-0.1074977387113881 0.03650871082359385 0.1
-0.07460804571991173 0.02341551167376944 0.1
-0.1828699516664248 -0.05764313675074807 0.1
-0.1657399033328496 -0.05195294016778675 0.1
-0.1471485911984657 -0.0789171835888331 0.1
-0.1456873273976571 -0.1115716235928408 0.1
-0.1818957757992222 -0.1401535041606375 0.1
-0.1823828637328235 -0.09889832045569998 0.1
-0.1647657274656455 -0.08890775202226744 0.1
-0.1637915515984415 -0.125862563876741 0.1
-0.1349058162449591 -0.04171058628940593 0.1
-0.1212017774906438 -0.03715842899398643 0.1
-0.1048674638874126 -0.05493981919557162 0.1
-0.1022371890384968 -0.07727336669257631 0.1
-0.131203947944629 -0.1001388712927779 0.1
-0.133054882094794 -0.07092472879109193 0.1
-0.1189611729911162 -0.06293227399334468 0.1
-0.1167205684915887 -0.08870611899270295 0.1
-0.0965345077421256 -0.02896454586530381 0.1
-0.08557127674792275 -0.02532282003204069 0.1
-0.07104256206710741 -0.03575792769714585 0.1
-0.06747707838049491 -0.04983476119551413 0.1
-0.09065048548583426 -0.068127164860227 0.1
-0.09359249661397995 -0.0485458553627654 0.1
-0.08231752934054791 -0.04215189152995985 0.1
-0.07906378193317305 -0.05898096302787903 0.1
-0.06583746094668748 -0.01876771352829092 0.1
-0.05706687613965505 -0.01585433285780427 0.1
-0.05863725299711394 -0.04278278139527025 0.1
-0.0624668378360235 -0.03088225614468661 0.1
-0.05389111360494153 -0.02600658459222933 0.1
-0.0497974276137369 -0.03573080159503031 0.1
-0.1828699516618063 0.06651395881355029 0.1
-0.1657399033236125 0.05969458429411623 0.1
-0.1486098549900373 0.01982922532151296 0.1
-0.1486098549946558 -0.01321675913165624 0.1
-0.1828699516648853 -0.01625743822940052 0.1
-0.1828699516633457 0.02512826029204638 0.1
-0.1657399033266915 0.02247874280677966 0.1
-0.1657399033297706 -0.01473709868052838 0.1
-0.1349058162274085 0.04741971012431939 0.1
-0.1212017774693983 0.04196421047395663 0.1
-0.1074977387197016 0.01347038331620693 0.1
-0.107497738728015 -0.009567944191179997 0.1
-0.1349058162391089 -0.01200048748483083 0.1
-0.1349058162332587 0.01770961131974428 0.1
-0.1212017774764801 0.01558999731797561 0.1
-0.121201777483562 -0.01078421583800541 0.1
-0.09653450771422932 0.03214431110698571 0.1
-0.08557127671707053 0.02777991139037758 0.1
-0.07460804573118111 0.008383309716253775 0.1
-0.07460804574245052 -0.006648892241261892 0.1
-0.09653450773282685 -0.00859492687454063 0.1
-0.09653450772352809 0.01177469211622254 0.1
-0.08557127672735461 0.01007900091623816 0.1
-0.08557127673763867 -0.00762190955790126 0.1
-0.06583746091051425 0.0199239918958366 0.1
-0.05706687610111677 0.01643247211790376 0.1
-0.06634194213266421 -0.005885190507567331 0.1
-0.06634194211906401 0.007041468893806251 0.1
-0.05807583850694691 0.005699628071358728 0.1
-0.0580758385228779 -0.005121488773872772 0.1
-0.1456873273930396 0.1181840897485425 0.1
-0.1471485911892291 0.08552964976161234 0.1
-0.1823828637297488 0.1077691425129682 0.1
-0.1818957757976913 0.1490243262123942 0.1
-0.1637915515953644 0.1336042079804673 0.1
-0.1647657274594885 0.09664939613728973 0.1
-0.1022371890301848 0.08117580575573767 0.1
-0.1048674638707865 0.05884225828966576 0.1
-0.1330548820830939 0.0766338526043098 0.1
-0.1312039479387792 0.1058479950843002 0.1
-0.116720568484502 0.09351190042004022 0.1
-0.1189611729769502 0.0677380554469984 0.1
-0.06747707836922713 0.05156917858647195 0.1
-0.07104256204456942 0.0374923451301207 0.1
-0.0935924965953828 0.05172562056981952 0.1
-0.09065048547653623 0.07130693003265332 0.1
-0.07906378192288147 0.06143805430956238 0.1
-0.08231752931997599 0.04460898284996999 0.1
-0.06246683780486198 0.03203853446795488 0.1
-0.05863725297986339 0.0439390596698391 0.1
-0.04979742759049692 0.03630894075320339 0.1
-0.05389111356515319 0.02658472380578763 0.1
2 74 0 88
181
182
183
184
185
186
1498
1499
1500
1501
1502
1503
1504
1505
1506
1507
1508
1509
1510
1511
1512
1513
1514
1515
1516
1517
1518
1519
1520
1521
1522
1523
1524
1525
1526
1527
1528
1529
1530
1531
1532
1533
1534
1535
1536
1537
1538
1539
1540
1541
1542
1543
1544
1545
1546
1547
1548
1549
1550
1551
1552
1553
1554
1555
1556
1557
1558
1559
1560
1561
1562
1563
1564
1565
1566
1567
1568
1569
1570
1571
1572
1573
1574
1575
1576
1577
1578
1579
-0.04846689896434096 0.1552223211378981 0.1
0.04846689901559147 0.1552223211240419 0.1
-0.03390708470929493 0.1114001777685562 0.1
0.03390708480210395 0.1114001777436152 0.1
-0.02225923331508503 0.0763424631026598 0.1
0.02225923344114087 0.07634246306885081 0.1
-0.1123063420526803 0.1522997935362812 0.1
-0.08038662050851063 0.1537610573370897 0.1
-0.05453348819856157 0.1734815474252654 0.1
-0.06060007743278219 0.1917407737126327 0.1
-0.1411391510546746 0.1907665978454392 0.1
-0.1267227465536764 0.1715331956908591 0.1
-0.09062811737611816 0.1725073715580623 0.1
-0.1008696142437267 0.191253685779036 0.1
-0.01615563297103016 0.1552223211332794 0.1
0.01615563302228065 0.1552223211286607 0.1
0.05453348823249601 0.1734815474160279 0.1
0.06060007744940056 0.191740773708014 0.1
-0.02020002580547088 0.1917407737110931 0.1
-0.01817782938825052 0.1734815474221862 0.1
0.0181778294221081 0.1734815474191071 0.1
0.02020002582193555 0.1917407737095536 0.1
0.08038662054267762 0.1537610573278522 0.1
0.1123063420697638 0.1522997935316625 0.1
0.1008696142548382 0.1912536857759568 0.1
0.09062811739875738 0.1725073715519039 0.1
0.1267227465650015 0.17153319568778 0.1
0.1411391510602412 0.1907665978438996 0.1
-0.07770697102948712 0.1061396280707251 0.1
-0.05580702786939103 0.1087699029196407 0.1
-0.03876035612764361 0.1260075588916702 0.1
-0.04361362754599228 0.1406149400147842 0.1
-0.1007732183783071 0.1369130717144551 0.1
-0.08924009470391715 0.1215263498926114 0.1
-0.06400022541578038 0.1237669543921408 0.1
-0.07219342296214967 0.1387640058646197 0.1
-0.01130236153882864 0.1114001777602425 0.1
0.01130236163163765 0.1114001777519289 0.1
0.03876035620659979 0.1260075588704241 0.1
0.04361362761109563 0.140614939997233 0.1
-0.01453787582696298 0.1406149400089338 0.1
-0.01292011868289582 0.1260075588845881 0.1
0.01292011876185198 0.1260075588775061 0.1
0.01453787589206632 0.1406149400030834 0.1
0.0558070279312637 0.1087699029030133 0.1
0.07770697106042346 0.1061396280624115 0.1
0.0721934230055519 0.1387640058529189 0.1
0.06400022546841783 0.1237669543779767 0.1
0.08924009473023586 0.1215263498855294 0.1
0.1007732184000082 0.1369130717086048 0.1
-0.0500274742342849 0.0692114957294354 0.1
-0.03614335377468497 0.07277697941604759 0.1
-0.02614185044648833 0.08802836799129193 0.1
-0.03002446757789163 0.09971427287992407 0.1
-0.06848047209775701 0.09383025062363276 0.1
-0.05925397316602074 0.08152087317653384 0.1
-0.04269791180625453 0.08477462058391289 0.1
-0.04925246983782432 0.09677226175177843 0.1
-0.007419744396343065 0.07634246309139013 0.1
0.007419744522398904 0.07634246308012048 0.1
0.0261418505614619 0.08802836796043893 0.1
0.03002446768178292 0.09971427285202705 0.1
-0.01000815582466679 0.09971427287062508 0.1
-0.008713950110504926 0.0880283679810076 0.1
0.008713950225478481 0.08802836797072328 0.1
0.01000815592855806 0.09971427286132606 0.1
0.03614335385872219 0.07277697939350827 0.1
0.05002747427630351 0.06921149571816573 0.1
0.04925246990708518 0.0967722617331804 0.1
0.04269791188290357 0.0847746205633442 0.1
0.05925397320434525 0.08152087316624949 0.1
0.06848047213238745 0.09383025061433375 0.1
-0.01604704589657343 0.05764501525596834 0.1
-0.01915313960582923 0.06699373917931406 0.1
-0.0429112567544598 0.05979353122975002 0.1
-0.03579503927463198 0.05037556673006177 0.1
-0.02613505995141475 0.0544692527212606 0.1
-0.03113920686305054 0.06362311606865483 0.1
0.0160470460403609 0.0576450152174298 0.1
0.01915313974075088 0.0669937391431403 0.1
-0.006399091944288113 0.0674982203652906 0.1
-0.005378439492233161 0.05865397763919109 0.1
0.005378439673407103 0.05865397762326003 0.1
0.006399092097903004 0.06749822035169024 0.1
0.03113920695368918 0.06362311603748791 0.1
0.02613506004865481 0.05446925268146612 0.1
0.0357950393164806 0.05037556670680975 0.1
0.04291125679639342 0.05979353121248918 0.1
2 75 0 88
187
188
189
190
191
192
1580
1581
1582
1583
1584
1585
1586
1587
1588
1589
1590
1591
1592
1593
1594
1595
1596
1597
1598
1599
1600
1601
1602
1603
1604
1605
1606
1607
1608
1609
1610
1611
1612
1613
1614
1615
1616
1617
1618
1619
1620
1621
1622
1623
1624
1625
1626
1627
1628
1629
1630
1631
1632
1633
1634
1635
1636
1637
1638
1639
1640
1641
1642
1643
1644
1645
1646
1647
1648
1649
1650
1651
1652
1653
1654
1655
1656
1657
1658
1659
1660
1661
0.1486098549992749 0.05287520972342788 0.1
0.1486098549854183 -0.04626274363606894 0.1
0.1074977387363292 0.03650871073078262 0.1
0.1074977387113874 -0.03260627179137182 0.1
0.07460804575372071 0.02341551154771261 0.1
0.07460804571991092 -0.02168109432483158 0.1
0.1456873273976583 0.1181840897314578 0.1
0.1471485911984666 0.08552964972744283 0.1
0.16573990333285 0.05969458426017737 0.1
0.182869951666425 0.06651395879692686 0.1
0.1818957757992309 0.1490243262068456 0.1
0.1637915515984436 0.1336042079691506 0.1
0.1647657274656468 0.09664939611465835 0.1
0.1823828637328279 0.107769142501875 0.1
0.148609854994656 0.01982922527026228 0.1
0.1486098549900372 -0.01321675918290333 0.1
0.1657399033236122 -0.05195294020171301 0.1
0.1828699516618061 -0.05764313676735708 0.1
0.1828699516648853 0.0251282602755945 0.1
0.1657399033297707 0.02247874277292839 0.1
0.1657399033266914 -0.01473709871436506 0.1
0.1828699516633457 -0.01625743824582679 0.1
0.1471485911892283 -0.07891718362299543 0.1
0.1456873273930384 -0.1115716236099219 0.1
0.1823828637297444 -0.09889832046677324 0.1
0.1647657274594873 -0.08890775204488524 0.1
0.1637915515953623 -0.1258625638880652 0.1
0.1818957757976827 -0.1401535041662048 0.1
0.1022371890384985 0.0811758057248006 0.1
0.1048674638874139 0.05884225822779161 0.1
0.1212017774906445 0.04196421039499771 0.1
0.1349058162449597 0.04741971005921279 0.1
0.1312039479446295 0.105847995062598 0.1
0.1167205684915841 0.09351190039372059 0.1
0.1189611729911143 0.06773805539435915 0.1
0.1330548820947947 0.07663385256090541 0.1
0.1074977387280153 0.01347038322339781 0.1
0.1074977387197013 -0.009567944283987009 0.1
0.1212017774693977 -0.03715842907293753 0.1
0.134905816227408 -0.04171058635450323 0.1
0.1349058162391091 0.01770961125464079 0.1
0.1212017774835622 0.0155899972390193 0.1
0.12120177747648 -0.01078421591695911 0.1
0.1349058162332585 -0.01200048754993122 0.1
0.1048674638707853 -0.05493981925744155 0.1
0.1022371890301831 -0.07727336672351127 0.1
0.1330548820830933 -0.07092472883449014 0.1
0.1189611729769522 -0.06293227404597876 0.1
0.1167205684845067 -0.08870611901901999 0.1
0.1312039479387787 -0.1001388713144771 0.1
0.06747707838049678 0.051569178544453 0.1
0.07104256206710875 0.03749234504608281 0.1
0.08557127674792354 0.02777991127540261 0.1
0.09653450774212638 0.03214431100309262 0.1
0.09065048548583526 0.07130692999802229 0.1
0.07906378193316579 0.0614380542712374 0.1
0.08231752934054468 0.04460898277332001 0.1
0.09359249661398082 0.05172562050055746 0.1
0.07460804574245078 0.008383309590197882 0.1
0.07460804573118085 -0.006648892367316847 0.1
0.08557127671706975 -0.02532282014701166 0.1
0.09653450771422857 -0.02896454596919174 0.1
0.09653450773282711 0.01177469201233116 0.1
0.08557127673763894 0.01007900080126452 0.1
0.08557127672735435 -0.007621909672873567 0.1
0.09653450772352784 -0.008594926978430291 0.1
0.07104256204456809 -0.03575792778118185 0.1
0.06747707836922524 -0.04983476123753213 0.1
0.09359249659538194 -0.04854585543202403 0.1
0.08231752931997924 -0.04215189160660716 0.1
0.07906378192288871 -0.05898096306620268 0.1
0.09065048547653526 -0.0681271648948563 0.1
0.05706687613965531 0.01643247197411595 0.1
0.06583746094668801 0.01992399176091428 0.1
0.05863725299712422 0.04393905962790527 0.1
0.04979742761374892 0.03630894071135465 0.1
0.05389111360494768 0.02658472370854734 0.1
0.06246683783602888 0.0320385343773158 0.1
0.0570668761011165 -0.01585433300159113 0.1
0.06583746091051371 -0.01876771366321135 0.1
0.06634194213266438 0.007041468740191327 0.1
0.05807583852287798 0.005699627890184768 0.1
0.05807583850694682 -0.005121488955046414 0.1
0.06634194211906383 -0.005885190661181629 0.1
0.06246683780485657 -0.03088225623532444 0.1
0.05389111356514702 -0.02600658468946899 0.1
0.04979742759048487 -0.03573080163687873 0.1
0.0586372529798531 -0.04278278143720347 0.1
2 76 0 88
193
194
195
196
197
198
1662
1663
1664
1665
1666
1667
1668
1669
1670
1671
1672
1673
1674
1675
1676
1677
1678
1679
1680
1681
1682
1683
1684
1685
1686
1687
1688
1689
1690
1691
1692
1693
1694
1695
1696
1697
1698
1699
1700
1701
1702
1703
1704
1705
1706
1707
1708
1709
1710
1711
1712
1713
1714
1715
1716
1717
1718
1719
1720
1721
1722
1723
1724
1725
1726
1727
1728
1729
1730
1731
1732
1733
1734
1735
1736
1737
1738
1739
1740
1741
1742
1743
0.02225923331508425 -0.07460804575371921 0.1
0.03390708470929422 -0.1074977387363278 0.1
0.04846689896434049 -0.1486098549992739 0.1
-0.02225923344114007 -0.07460804571991023 0.1
-0.03390708480210322 -0.1074977387113868 0.1
-0.04846689901559095 -0.1486098549854178 0.1
0.01604704589657316 -0.05706687613965481 0.1
0.01915313960582871 -0.06583746094668701 0.1
0.03614335377468363 -0.07104256206710695 0.1
0.05002747423428303 -0.06747707838049467 0.1
0.03579503927461994 -0.0497974276137368 0.1
0.02613505995140859 -0.05389111360494137 0.1
0.03113920686304514 -0.06246683783602318 0.1
0.04291125675444953 -0.05863725299711378 0.1
0.02614185044648757 -0.08557127674792209 0.1
0.0300244675778909 -0.09653450774212496 0.1
0.05580702786938982 -0.1048674638874122 0.1
0.07770697102948541 -0.1022371890384966 0.1
0.05925397316602799 -0.07906378193317282 0.1
0.04269791180625778 -0.08231752934054747 0.1
0.04925246983782345 -0.0935924966139795 0.1
0.06848047209775601 -0.09065048548583404 0.1
0.03876035612764298 -0.1212017774906432 0.1
0.04361362754599173 -0.1349058162449586 0.1
0.0803866205085098 -0.1471485911984654 0.1
0.1123063420526791 -0.1456873273976569 0.1
0.08924009470392182 -0.1167205684915885 0.1
0.0640002254157824 -0.1189611729911159 0.1
0.07219342296214916 -0.1330548820947937 0.1
0.1007732183783066 -0.1312039479446288 0.1
0.05453348819856126 -0.1657399033328493 0.1
0.06060007743278203 -0.1828699516664246 0.1
0.1267227465536744 -0.1637915515984413 0.1
0.09062811737611695 -0.1647657274656453 0.1
0.1008696142437223 -0.1823828637328234 0.1
0.141139151054666 -0.1818957757992221 0.1
-0.01604704604036063 -0.05706687610111627 0.1
-0.01915313974075035 -0.06583746091051325 0.1
-0.007419744522398634 -0.07460804573117989 0.1
0.007419744396342805 -0.07460804574244954 0.1
0.005378439492233074 -0.05807583852287757 0.1
-0.005378439673407014 -0.05807583850694651 0.1
-0.006399092097902822 -0.06634194211906319 0.1
0.006399091944287942 -0.06634194213266355 0.1
-0.02614185056146112 -0.08557127671706907 0.1
-0.03002446768178217 -0.09653450771422792 0.1
-0.01130236163163741 -0.1074977387197005 0.1
0.01130236153882841 -0.1074977387280142 0.1
0.008713950110504673 -0.08557127673763774 0.1
-0.008713950225478226 -0.08557127672735342 0.1
-0.01000815592855781 -0.09653450772352692 0.1
0.01000815582466654 -0.09653450773282596 0.1
-0.03876035620659913 -0.1212017774693971 0.1
-0.04361362761109504 -0.1349058162274074 0.1
-0.01615563302228047 -0.1486098549900365 0.1
0.01615563297103 -0.1486098549946552 0.1
0.01292011868289561 -0.1212017774835612 0.1
-0.01292011876185176 -0.1212017774764791 0.1
-0.01453787589206612 -0.1349058162332578 0.1
0.0145378758269628 -0.1349058162391082 0.1
-0.05453348823249567 -0.1657399033236119 0.1
-0.06060007744940039 -0.1828699516618059 0.1
0.01817782938825042 -0.1657399033297701 0.1
-0.01817782942210799 -0.165739903326691 0.1
-0.02020002582193549 -0.1828699516633455 0.1
0.02020002580547083 -0.1828699516648851 0.1
-0.05002747427630164 -0.06747707836922502 0.1
-0.03614335385872085 -0.07104256204456762 0.1
-0.02613506004864866 -0.05389111356514686 0.1
-0.03579503931646856 -0.04979742759048479 0.1
-0.04291125679638313 -0.05863725297985295 0.1
-0.03113920695368377 -0.06246683780485626 0.1
-0.07770697106042175 -0.1022371890301829 0.1
-0.05580702793126249 -0.1048674638707849 0.1
-0.04269791188290682 -0.08231752931997878 0.1
-0.05925397320435251 -0.07906378192288849 0.1
-0.06848047213238645 -0.09065048547653504 0.1
-0.04925246990708432 -0.09359249659538148 0.1
-0.1123063420697626 -0.1456873273930382 0.1
-0.08038662054267678 -0.147148591189228 0.1
-0.06400022546841982 -0.1189611729769518 0.1
-0.08924009473024054 -0.1167205684845065 0.1
-0.1007732184000076 -0.1312039479387784 0.1
-0.07219342300555136 -0.1330548820830929 0.1
-0.09062811739875619 -0.164765727459487 0.1
-0.1267227465649994 -0.1637915515953622 0.1
-0.1411391510602326 -0.1818957757976826 0.1
-0.1008696142548338 -0.1823828637297442 0.1
2 77 0 130
199
200
201
202
203
204
205
206
1744
1745
1746
1747
1748
1749
1750
1751
1752
1753
1754
1755
1756
1757
1758
1759
1760
1761
1762
1763
1764
1765
1766
1767
1768
1769
1770
1771
1772
1773
1774
1775
1776
1777
1778
1779
1780
1781
1782
1783
1784
1785
1786
1787
1788
1789
1790
1791
1792
1793
1794
1795
1796
1797
1798
1799
1800
1801
1802
1803
1804
1805
1806
1807
1808
1809
1810
1811
1812
1813
1814
1815
1816
1817
1818
1819
1820
1821
1822
1823
1824
1825
1826
1827
1828
1829
1830
1831
1832
1833
1834
1835
1836
1837
1838
1839
1840
1841
1842
1843
1844
1845
1846
1847
1848
1849
1850
1851
1852
1853
1854
1855
1856
1857
1858
1859
1860
1861
1862
1863
1864
1865
1.800000000000288 0.21 0.04999999999986855
1.600000000001047 0.21 0.04999999999986856
1.400000000001643 0.21 0.04999999999986855
1.200000000002051 0.21 0.04999999999986855
1.000000000002126 0.21 0.04999999999986855
0.8000000000016081 0.21 0.04999999999986855
0.6000000000009792 0.21 0.04999999999986855
0.4000000000005507 0.21 0.04999999999986855
1.800000000000343 0.21 0.08333333333328952
1.800000000000316 0.21 0.06666666666657904
1.866666666666859 0.21 0.04999999999986855
1.933333333333429 0.21 0.04999999999986855
1.93333333333345 0.21 0.08333333333327042
1.866666666666934 0.21 0.08333333333327997
1.866666666666896 0.21 0.06666666666658171
1.93333333333344 0.21 0.06666666666658438
1.800000000000261 0.21 0.0333333333332457
1.800000000000233 0.21 0.01666666666662285
1.933333333333417 0.21 0.03333333333324903
1.866666666666839 0.21 0.03333333333324737
1.866666666666819 0.21 0.01666666666662617
1.933333333333404 0.21 0.01666666666662949
1.600000000001075 0.21 0.08333333333328952
1.600000000001061 0.21 0.06666666666657904
1.666666666667461 0.21 0.04999999999986856
1.733333333333875 0.21 0.04999999999986855
1.733333333333931 0.21 0.08333333333328952
1.666666666667437 0.21 0.08333333333328952
1.666666666667449 0.21 0.06666666666657904
1.733333333333903 0.21 0.06666666666657906
1.600000000001033 0.21 0.03333333333324571
1.600000000001019 0.21 0.01666666666662286
1.733333333333827 0.21 0.03333333333324571
1.666666666667435 0.21 0.03333333333324571
1.666666666667409 0.21 0.01666666666662285
1.733333333333778 0.21 0.01666666666662285
1.400000000001685 0.21 0.08333333333328952
1.400000000001664 0.21 0.06666666666657904
1.466666666668111 0.21 0.04999999999986855
1.533333333334579 0.21 0.04999999999986856
1.533333333334608 0.21 0.08333333333328952
1.466666666668185 0.21 0.08333333333328952
1.466666666668148 0.21 0.06666666666657904
1.533333333334594 0.21 0.06666666666657906
1.400000000001622 0.21 0.0333333333332457
1.400000000001601 0.21 0.01666666666662285
1.533333333334564 0.21 0.03333333333324571
1.466666666668092 0.21 0.03333333333324572
1.466666666668073 0.21 0.01666666666662286
1.533333333334548 0.21 0.01666666666662286
1.200000000002107 0.21 0.08333333333328952
1.200000000002079 0.21 0.06666666666657904
1.266666666668582 0.21 0.04999999999986855
1.333333333335112 0.21 0.04999999999986855
1.33333333333515 0.21 0.08333333333328952
1.266666666668599 0.21 0.08333333333328952
1.26666666666859 0.21 0.06666666666657904
1.333333333335131 0.21 0.06666666666657906
1.200000000002023 0.21 0.0333333333332457
1.200000000001995 0.21 0.01666666666662285
1.333333333335074 0.21 0.03333333333324572
1.266666666668556 0.21 0.03333333333324571
1.26666666666853 0.21 0.01666666666662285
1.333333333335036 0.21 0.01666666666662286
1.000000000002113 0.21 0.08333333333328952
1.000000000002119 0.21 0.06666666666657904
1.066666666668768 0.21 0.04999999999986855
1.133333333335409 0.21 0.04999999999986855
1.133333333335579 0.21 0.08333333333328952
1.066666666668903 0.21 0.08333333333328952
1.066666666668835 0.21 0.06666666666657904
1.133333333335494 0.21 0.06666666666657906
1.000000000002133 0.21 0.0333333333332457
1.00000000000214 0.21 0.01666666666662285
1.133333333335351 0.21 0.03333333333324572
1.066666666668689 0.21 0.03333333333324571
1.06666666666861 0.21 0.01666666666662285
1.133333333335293 0.21 0.01666666666662286
0.8000000000015672 0.21 0.08333333333328952
0.8000000000015877 0.21 0.06666666666657904
0.8666666666684474 0.21 0.04999999999986855
0.9333333333352867 0.21 0.04999999999986855
0.9333333333352853 0.21 0.08333333333328952
0.8666666666683944 0.21 0.08333333333328952
0.8666666666684206 0.21 0.06666666666657904
0.9333333333352859 0.21 0.06666666666657906
0.8000000000016285 0.21 0.0333333333332457
0.8000000000016489 0.21 0.01666666666662285
0.9333333333352705 0.21 0.03333333333324572
0.8666666666684889 0.21 0.03333333333324571
0.8666666666685302 0.21 0.01666666666662285
0.9333333333352541 0.21 0.01666666666662286
0.6000000000010139 0.21 0.08333333333328952
0.6000000000009965 0.21 0.06666666666657904
0.6666666666678555 0.21 0.04999999999986855
0.7333333333347318 0.21 0.04999999999986855
0.7333333333346781 0.21 0.08333333333328952
0.6666666666679042 0.21 0.08333333333328952
0.6666666666678798 0.21 0.06666666666657904
0.7333333333347049 0.21 0.06666666666657906
0.6000000000009619 0.21 0.0333333333332457
0.6000000000009444 0.21 0.01666666666662285
0.733333333334764 0.21 0.03333333333324572
0.6666666666678543 0.21 0.03333333333324571
0.6666666666678531 0.21 0.01666666666662285
0.733333333334796 0.21 0.01666666666662286
0.4000000000005274 0.21 0.08333333333328952
0.400000000000539 0.21 0.06666666666657904
0.4666666666673602 0.21 0.04999999999986855
0.5333333333341697 0.21 0.04999999999986855
0.5333333333342374 0.21 0.08333333333328952
0.4666666666673444 0.21 0.08333333333328952
0.4666666666673522 0.21 0.06666666666657904
0.5333333333342034 0.21 0.06666666666657906
0.4000000000005624 0.21 0.0333333333332457
0.400000000000574 0.21 0.01666666666662285
0.533333333334151 0.21 0.03333333333324572
0.4666666666673636 0.21 0.03333333333324571
0.4666666666673669 0.21 0.01666666666662285
0.5333333333341326 0.21 0.01666666666662286
0.2666666666668502 0.21 0.04999999999986855
0.3333333333337005 0.21 0.04999999999986855
0.3333333333336462 0.21 0.08333333333327997
0.2666666666668811 0.21 0.08333333333327042
0.2666666666668657 0.21 0.06666666666658437
0.3333333333336733 0.21 0.06666666666658172
0.3333333333337022 0.21 0.03333333333324737
0.2666666666668486 0.21 0.03333333333324903
0.266666666666847 0.21 0.01666666666662949
0.333333333333704 0.21 0.01666666666662617
2 78 0 40
207
208
1866
1867
1868
1869
1870
1871
1872
1873
1874
1875
1876
1877
1878
1879
1880
1881
1882
1883
1884
1885
1886
1887
1888
1889
1890
1891
1892
1893
1894
1895
1896
1897
1898
1899
1900
1901
1902
1903
2 0.07333333333367062 0.04999999999986857
2 -0.06333333333296635 0.04999999999986855
2 0.1644444444445569 0.04999999999986856
2 0.1188888888891138 0.04999999999986856
2 0.0733333333336687 0.03333333333324572
2 0.07333333333366679 0.01666666666662286
2 0.164444444444535 0.01666666666662949
2 0.1644444444445459 0.03333333333324903
2 0.1188888888891001 0.03333333333324737
2 0.1188888888890865 0.01666666666662617
2 0.02777777777812497 0.04999999999986856
2 -0.01777777777742068 0.04999999999986856
2 -0.06333333333295475 0.0333333333332457
2 -0.06333333333294314 0.01666666666662285
2 0.02777777777822559 0.01666666666662285
2 0.02777777777817528 0.0333333333332457
2 -0.01777777777736023 0.03333333333324571
2 -0.01777777777729978 0.01666666666662285
2 -0.1088888888886442 0.04999999999986855
2 -0.1544444444443221 0.04999999999986855
2 -0.1088888888886283 0.01666666666662617
2 -0.1088888888886363 0.03333333333324737
2 -0.154444444444315 0.03333333333324902
2 -0.1544444444443079 0.01666666666662948
2 0.07333333333367444 0.08333333333328953
2 0.07333333333367252 0.06666666666657906
2 0.164444444444545 0.06666666666658438
2 0.1644444444445331 0.08333333333327042
2 0.1188888888890925 0.08333333333327998
2 0.1188888888891031 0.06666666666658169
2 -0.06333333333298954 0.08333333333328952
2 -0.06333333333297796 0.06666666666657904
2 0.02777777777817018 0.06666666666657904
2 0.02777777777821539 0.08333333333328952
2 -0.01777777777733258 0.0833333333332895
2 -0.01777777777737664 0.06666666666657906
2 -0.1088888888886494 0.06666666666658172
2 -0.1088888888886546 0.08333333333327995
2 -0.1544444444443349 0.08333333333327042
2 -0.1544444444443285 0.06666666666658437
2 79 0 130
209
210
211
212
213
214
215
216
1904
1905
1906
1907
1908
1909
1910
1911
1912
1913
1914
1915
1916
1917
1918
1919
1920
1921
1922
1923
1924
1925
1926
1927
1928
1929
1930
1931
1932
1933
1934
1935
1936
1937
1938
1939
1940
1941
1942
1943
1944
1945
1946
1947
1948
1949
1950
1951
1952
1953
1954
1955
1956
1957
1958
1959
1960
1961
1962
1963
1964
1965
1966
1967
1968
1969
1970
1971
1972
1973
1974
1975
1976
1977
1978
1979
1980
1981
1982
1983
1984
1985
1986
1987
1988
1989
1990
1991
1992
1993
1994
1995
1996
1997
1998
1999
2000
2001
2002
2003
2004
2005
2006
2007
2008
2009
2010
2011
2012
2013
2014
2015
2016
2017
2018
2019
2020
2021
2022
2023
2024
2025
1.800000000000444 -0.2 0.04999999999986856
1.600000000000987 -0.2 0.04999999999986855
1.400000000001644 -0.2 0.04999999999986855
1.200000000002145 -0.2 0.04999999999986855
1.000000000002189 -0.2 0.04999999999986855
0.8000000000016094 -0.2 0.04999999999986855
0.6000000000010729 -0.2 0.04999999999986855
0.4000000000005982 -0.2 0.04999999999986855
1.800000000000395 -0.2 0.08333333333328952
1.800000000000419 -0.2 0.06666666666657904
1.866666666666962 -0.2 0.04999999999986856
1.933333333333481 -0.2 0.04999999999986855
1.933333333333467 -0.2 0.08333333333327042
1.866666666666968 -0.2 0.08333333333327997
1.866666666666965 -0.2 0.06666666666658171
1.933333333333474 -0.2 0.06666666666658438
1.800000000000468 -0.2 0.03333333333324571
1.800000000000492 -0.2 0.01666666666662286
1.93333333333345 -0.2 0.03333333333324903
1.866666666666981 -0.2 0.03333333333324737
1.866666666666999 -0.2 0.01666666666662617
1.933333333333419 -0.2 0.01666666666662949
1.600000000001055 -0.2 0.08333333333328952
1.600000000001021 -0.2 0.06666666666657904
1.666666666667472 -0.2 0.04999999999986855
1.733333333333958 -0.2 0.04999999999986856
1.733333333333959 -0.2 0.08333333333328952
1.666666666667441 -0.2 0.08333333333328952
1.666666666667457 -0.2 0.06666666666657904
1.733333333333959 -0.2 0.06666666666657906
1.600000000000953 -0.2 0.0333333333332457
1.600000000000918 -0.2 0.01666666666662285
1.733333333333965 -0.2 0.03333333333324571
1.666666666667464 -0.2 0.03333333333324572
1.666666666667455 -0.2 0.01666666666662286
1.733333333333972 -0.2 0.01666666666662286
1.400000000001685 -0.2 0.08333333333328952
1.400000000001665 -0.2 0.06666666666657904
1.466666666668092 -0.2 0.04999999999986855
1.533333333334539 -0.2 0.04999999999986855
1.533333333334595 -0.2 0.08333333333328952
1.466666666668179 -0.2 0.08333333333328952
1.466666666668135 -0.2 0.06666666666657904
1.533333333334567 -0.2 0.06666666666657906
1.400000000001624 -0.2 0.0333333333332457
1.400000000001604 -0.2 0.01666666666662285
1.5333333333345 -0.2 0.03333333333324572
1.466666666668055 -0.2 0.03333333333324571
1.466666666668018 -0.2 0.01666666666662285
1.53333333333446 -0.2 0.01666666666662286
1.200000000002138 -0.2 0.08333333333328952
1.200000000002141 -0.2 0.06666666666657904
1.266666666668645 -0.2 0.04999999999986855
1.333333333335144 -0.2 0.04999999999986855
1.33333333333516 -0.2 0.08333333333328952
1.26666666666862 -0.2 0.08333333333328952
1.266666666668633 -0.2 0.06666666666657904
1.333333333335153 -0.2 0.06666666666657906
1.200000000002148 -0.2 0.0333333333332457
1.200000000002152 -0.2 0.01666666666662285
1.333333333335129 -0.2 0.03333333333324572
1.266666666668638 -0.2 0.03333333333324571
1.266666666668633 -0.2 0.01666666666662285
1.333333333335113 -0.2 0.01666666666662286
1.000000000002133 -0.2 0.08333333333328952
1.000000000002161 -0.2 0.06666666666657904
1.066666666668841 -0.2 0.04999999999986855
1.133333333335493 -0.2 0.04999999999986855
1.133333333335607 -0.2 0.08333333333328952
1.066666666668927 -0.2 0.08333333333328952
1.066666666668884 -0.2 0.06666666666657904
1.13333333333555 -0.2 0.06666666666657906
1.000000000002217 -0.2 0.0333333333332457
1.000000000002245 -0.2 0.01666666666662285
1.13333333333556 -0.2 0.03333333333324572
1.066666666668942 -0.2 0.03333333333324571
1.066666666669044 -0.2 0.01666666666662285
1.133333333335627 -0.2 0.01666666666662286
0.8000000000015677 -0.2 0.08333333333328952
0.8000000000015886 -0.2 0.06666666666657904
0.8666666666684693 -0.2 0.04999999999986855
0.9333333333353291 -0.2 0.04999999999986855
0.9333333333352994 -0.2 0.08333333333328952
0.8666666666684015 -0.2 0.08333333333328952
0.8666666666684353 -0.2 0.06666666666657904
0.9333333333353143 -0.2 0.06666666666657906
0.8000000000016302 -0.2 0.0333333333332457
0.8000000000016511 -0.2 0.01666666666662285
0.9333333333353463 -0.2 0.03333333333324572
0.8666666666685046 -0.2 0.03333333333324571
0.8666666666685399 -0.2 0.01666666666662285
0.9333333333353635 -0.2 0.01666666666662286
0.6000000000010451 -0.2 0.08333333333328952
0.600000000001059 -0.2 0.06666666666657904
0.6666666666679184 -0.2 0.04999999999986855
0.7333333333347639 -0.2 0.04999999999986855
0.7333333333346889 -0.2 0.08333333333328952
0.6666666666679251 -0.2 0.08333333333328952
0.6666666666679217 -0.2 0.06666666666657904
0.7333333333347265 -0.2 0.06666666666657906
0.6000000000010869 -0.2 0.0333333333332457
0.6000000000011008 -0.2 0.01666666666662285
0.7333333333347846 -0.2 0.03333333333324572
0.6666666666679324 -0.2 0.03333333333324571
0.6666666666679464 -0.2 0.01666666666662285
0.7333333333348053 -0.2 0.01666666666662286
0.4000000000005432 -0.2 0.08333333333328952
0.4000000000005707 -0.2 0.06666666666657904
0.4666666666674231 -0.2 0.04999999999986855
0.533333333334248 -0.2 0.04999999999986855
0.5333333333342635 -0.2 0.08333333333328952
0.4666666666673653 -0.2 0.08333333333328952
0.4666666666673942 -0.2 0.06666666666657904
0.5333333333342558 -0.2 0.06666666666657906
0.4000000000006257 -0.2 0.0333333333332457
0.4000000000006532 -0.2 0.01666666666662285
0.5333333333342711 -0.2 0.03333333333324572
0.4666666666674442 -0.2 0.03333333333324571
0.4666666666674652 -0.2 0.01666666666662285
0.5333333333342941 -0.2 0.01666666666662286
0.2666666666668661 -0.2 0.04999999999986855
0.3333333333337322 -0.2 0.04999999999986855
0.3333333333336567 -0.2 0.08333333333327997
0.2666666666668864 -0.2 0.08333333333327042
0.2666666666668763 -0.2 0.06666666666658437
0.3333333333336945 -0.2 0.06666666666658172
0.3333333333337505 -0.2 0.03333333333324737
0.2666666666668752 -0.2 0.03333333333324903
0.2666666666668844 -0.2 0.01666666666662949
0.3333333333337689 -0.2 0.01666666666662617
2 80 0 208
217
218
219
220
221
222
223
224
225
226
227
228
229
230
231
232
2026
2027
2028
2029
2030
2031
2032
2033
2034
2035
2036
2037
2038
2039
2040
2041
2042
2043
2044
2045
2046
2047
2048
2049
2050
2051
2052
2053
2054
2055
2056
2057
2058
2059
2060
2061
2062
2063
2064
2065
2066
2067
2068
2069
2070
2071
2072
2073
2074
2075
2076
2077
2078
2079
2080
2081
2082
2083
2084
2085
2086
2087
2088
2089
2090
2091
2092
2093
2094
2095
2096
2097
2098
2099
2100
2101
2102
2103
2104
2105
2106
2107
2108
2109
2110
2111
2112
2113
2114
2115
2116
2117
2118
2119
2120
2121
2122
2123
2124
2125
2126
2127
2128
2129
2130
2131
2132
2133
2134
2135
2136
2137
2138
2139
2140
2141
2142
2143
2144
2145
2146
2147
2148
2149
2150
2151
2152
2153
2154
2155
2156
2157
2158
2159
2160
2161
2162
2163
2164
2165
2166
2167
2168
2169
2170
2171
2172
2173
2174
2175
2176
2177
2178
2179
2180
2181
2182
2183
2184
2185
2186
2187
2188
2189
2190
2191
2192
2193
2194
2195
2196
2197
2198
2199
2200
2201
2202
2203
2204
2205
2206
2207
2208
2209
2210
2211
2212
2213
2214
2215
2216
2217
0.4000000000006173 0.07333333333366485 0
0.6000000000009895 0.07333333333366483 0
0.8000000000016703 0.07333333333366483 0
1.000000000002188 0.07333333333366486 0
1.200000000002031 0.07333333333366486 0
1.400000000001581 0.07333333333366483 0
1.600000000000966 0.07333333333366483 0
1.800000000000309 0.07333333333366486 0
0.4000000000006489 -0.06333333333293151 0
0.6000000000010522 -0.06333333333293149 0
0.8000000000016708 -0.06333333333293149 0
1.00000000000223 -0.06333333333293152 0
1.200000000002093 -0.06333333333293152 0
1.400000000001582 -0.06333333333293149 0
1.600000000000925 -0.06333333333293152 0
1.800000000000413 -0.06333333333293149 0
0.2666666666668724 0.07333333333366485 0
0.3333333333337449 0.07333333333366485 0
0.4000000000006068 0.1188888888891099 0
0.4000000000005962 0.1644444444445549 0
0.2666666666668543 0.1644444444445343 0
0.2666666666668634 0.1188888888890852 0
0.3333333333337319 0.1188888888890975 0
0.3333333333337188 0.1644444444445446 0
0.466666666667408 0.07333333333366485 0
0.5333333333341987 0.07333333333366483 0
0.6000000000009688 0.1188888888891099 0
0.6000000000009479 0.1644444444445549 0
0.466666666667383 0.1644444444445549 0
0.4666666666673955 0.1188888888891099 0
0.5333333333341705 0.1188888888891099 0
0.5333333333341422 0.1644444444445549 0
0.6666666666678831 0.07333333333366483 0
0.7333333333347767 0.07333333333366483 0
0.8000000000016699 0.1188888888891099 0
0.8000000000016697 0.1644444444445549 0
0.6666666666678623 0.1644444444445549 0
0.6666666666678727 0.1188888888891099 0
0.7333333333347939 0.1188888888891099 0
0.7333333333348109 0.1644444444445549 0
0.8666666666685096 0.07333333333366485 0
0.9333333333353488 0.07333333333366485 0
1.000000000002174 0.1188888888891099 0
1.00000000000216 0.1644444444445549 0
0.866666666668551 0.1644444444445549 0
0.8666666666685301 0.1188888888891099 0
0.9333333333353118 0.1188888888891099 0
0.933333333335275 0.1644444444445549 0
1.066666666668802 0.07333333333366486 0
1.133333333335417 0.07333333333366486 0
1.20000000000201 0.1188888888891099 0
1.200000000001989 0.1644444444445549 0
1.066666666668621 0.1644444444445549 0
1.066666666668712 0.1188888888891099 0
1.133333333335356 0.1188888888891099 0
1.133333333335296 0.1644444444445549 0
1.266666666668548 0.07333333333366485 0
1.333333333335064 0.07333333333366485 0
1.400000000001581 0.1188888888891099 0
1.400000000001581 0.1644444444445549 0
1.266666666668518 0.1644444444445549 0
1.266666666668533 0.1188888888891099 0
1.333333333335042 0.1188888888891099 0
1.33333333333502 0.1644444444445549 0
1.466666666668043 0.07333333333366483 0
1.533333333334504 0.07333333333366483 0
1.600000000000979 0.1188888888891099 0
1.600000000000992 0.1644444444445549 0
1.46666666666805 0.1644444444445549 0
1.466666666668047 0.1188888888891099 0
1.533333333334513 0.1188888888891099 0
1.533333333334522 0.1644444444445549 0
1.666666666667413 0.07333333333366485 0
1.733333333333861 0.07333333333366485 0
1.800000000000275 0.1188888888891099 0
1.80000000000024 0.1644444444445549 0
1.666666666667393 0.1644444444445549 0
1.666666666667404 0.1188888888891099 0
1.733333333333817 0.1188888888891099 0
1.733333333333774 0.1644444444445549 0
1.866666666666873 0.07333333333366486 0
1.933333333333436 0.07333333333366485 0
1.866666666666824 0.1644444444445446 0
1.866666666666848 0.1188888888890975 0
1.933333333333422 0.1188888888890852 0
1.933333333333407 0.1644444444445343 0
0.266666666666883 -0.06333333333293151 0
0.333333333333766 -0.06333333333293151 0
0.4000000000006384 -0.01777777777739939 0
0.4000000000006279 0.02777777777813272 0
0.2666666666668759 0.02777777777822816 0
0.2666666666668794 -0.01777777777729267 0
0.3333333333337589 -0.01777777777734603 0
0.3333333333337519 0.02777777777818045 0
0.46666666666745 -0.06333333333293151 0
0.5333333333342511 -0.06333333333293149 0
0.6000000000010314 -0.01777777777739939 0
0.6000000000010104 0.02777777777813272 0
0.4666666666674221 0.02777777777813272 0
0.4666666666674361 -0.0177777777773994 0
0.5333333333342337 -0.01777777777739939 0
0.5333333333342162 0.02777777777813272 0
0.6666666666679251 -0.06333333333293149 0
0.733333333334798 -0.06333333333293149 0
0.8000000000016706 -0.01777777777739939 0
0.8000000000016705 0.02777777777813272 0
0.6666666666678972 0.02777777777813272 0
0.6666666666679111 -0.01777777777739938 0
0.7333333333347908 -0.01777777777739938 0
0.7333333333347838 0.02777777777813273 0
0.866666666668524 -0.06333333333293151 0
0.9333333333353773 -0.06333333333293151 0
1.000000000002216 -0.0177777777773994 0
1.000000000002202 0.02777777777813272 0
0.8666666666685144 0.02777777777813272 0
0.8666666666685192 -0.0177777777773994 0
0.9333333333353677 -0.0177777777773994 0
0.9333333333353582 0.02777777777813272 0
1.066666666668851 -0.06333333333293152 0
1.133333333335472 -0.06333333333293152 0
1.200000000002072 -0.0177777777773994 0
1.200000000002051 0.02777777777813272 0
1.066666666668818 0.02777777777813272 0
1.066666666668835 -0.0177777777773994 0
1.133333333335454 -0.0177777777773994 0
1.133333333335435 0.02777777777813273 0
1.266666666668589 -0.06333333333293151 0
1.333333333335086 -0.06333333333293151 0
1.400000000001582 -0.01777777777739939 0
1.400000000001582 0.02777777777813272 0
1.266666666668561 0.02777777777813272 0
1.266666666668576 -0.0177777777773994 0
1.333333333335078 -0.0177777777773994 0
1.333333333335071 0.02777777777813272 0
1.46666666666803 -0.06333333333293151 0
1.533333333334477 -0.06333333333293151 0
1.600000000000938 -0.01777777777739941 0
1.600000000000952 0.02777777777813271 0
1.466666666668039 0.02777777777813272 0
1.466666666668034 -0.0177777777773994 0
1.533333333334486 -0.01777777777739941 0
1.533333333334495 0.02777777777813272 0
1.666666666667421 -0.06333333333293151 0
1.733333333333917 -0.06333333333293151 0
1.800000000000378 -0.01777777777739938 0
1.800000000000344 0.02777777777813274 0
1.666666666667416 0.02777777777813272 0
1.666666666667418 -0.0177777777773994 0
1.733333333333899 -0.01777777777739939 0
1.73333333333388 0.02777777777813272 0
1.866666666666942 -0.06333333333293149 0
1.933333333333471 -0.06333333333293151 0
1.866666666666896 0.02777777777818047 0
1.866666666666919 -0.01777777777734601 0
1.93333333333346 -0.01777777777729267 0
1.933333333333448 0.02777777777822817 0
0.4000000000006701 -0.1544444444443105 0
0.4000000000006596 -0.108888888888621 0
0.2666666666668865 -0.1088888888886206 0
0.26666666666689 -0.154444444444304 0
0.3333333333337801 -0.1544444444443073 0
0.333333333333773 -0.1088888888886208 0
0.6000000000010939 -0.1544444444443105 0
0.6000000000010731 -0.108888888888621 0
0.4666666666674623 -0.108888888888621 0
0.4666666666674743 -0.1544444444443105 0
0.533333333334295 -0.1544444444443104 0
0.5333333333342732 -0.108888888888621 0
0.8000000000016715 -0.1544444444443105 0
0.8000000000016712 -0.108888888888621 0
0.6666666666679368 -0.108888888888621 0
0.6666666666679486 -0.1544444444443104 0
0.7333333333348167 -0.1544444444443104 0
0.7333333333348073 -0.108888888888621 0
1.000000000002258 -0.1544444444443105 0
1.000000000002244 -0.108888888888621 0
0.8666666666685411 -0.108888888888621 0
0.8666666666685581 -0.1544444444443105 0
0.9333333333353796 -0.1544444444443105 0
0.9333333333353785 -0.108888888888621 0
1.200000000002134 -0.1544444444443105 0
1.200000000002114 -0.108888888888621 0
1.066666666668949 -0.108888888888621 0
1.066666666669047 -0.1544444444443105 0
1.13333333333562 -0.1544444444443105 0
1.133333333335546 -0.108888888888621 0
1.400000000001583 -0.1544444444443105 0
1.400000000001582 -0.108888888888621 0
1.266666666668602 -0.108888888888621 0
1.266666666668614 -0.1544444444443105 0
1.333333333335094 -0.1544444444443105 0
1.33333333333509 -0.108888888888621 0
1.600000000000898 -0.1544444444443105 0
1.600000000000911 -0.108888888888621 0
1.466666666668014 -0.108888888888621 0
1.466666666667997 -0.1544444444443105 0
1.533333333334439 -0.1544444444443105 0
1.533333333334459 -0.108888888888621 0
1.800000000000482 -0.1544444444443105 0
1.800000000000447 -0.108888888888621 0
1.666666666667429 -0.108888888888621 0
1.666666666667437 -0.1544444444443105 0
1.733333333333958 -0.1544444444443105 0
1.733333333333937 -0.108888888888621 0
1.866666666666967 -0.1088888888886207 0
1.866666666666992 -0.1544444444443072 0
1.933333333333415 -0.1544444444443041 0
1.933333333333443 -0.1088888888886205 0
2 81 0 208
233
234
235
236
237
238
239
240
241
242
243
244
245
246
247
248
2218
2219
2220
2221
2222
2223
2224
2225
2226
2227
2228
2229
2230
2231
2232
2233
2234
2235
2236
2237
2238
2239
2240
2241
2242
2243
2244
2245
2246
2247
2248
2249
2250
2251
2252
2253
2254
2255
2256
2257
2258
2259
2260
2261
2262
2263
2264
2265
2266
2267
2268
2269
2270
2271
2272
2273
2274
2275
2276
2277
2278
2279
2280
2281
2282
2283
2284
2285
2286
2287
2288
2289
2290
2291
2292
2293
2294
2295
2296
2297
2298
2299
2300
2301
2302
2303
2304
2305
2306
2307
2308
2309
2310
2311
2312
2313
2314
2315
2316
2317
2318
2319
2320
2321
2322
2323
2324
2325
2326
2327
2328
2329
2330
2331
2332
2333
2334
2335
2336
2337
2338
2339
2340
2341
2342
2343
2344
2345
2346
2347
2348
2349
2350
2351
2352
2353
2354
2355
2356
2357
2358
2359
2360
2361
2362
2363
2364
2365
2366
2367
2368
2369
2370
2371
2372
2373
2374
2375
2376
2377
2378
2379
2380
2381
2382
2383
2384
2385
2386
2387
2388
2389
2390
2391
2392
2393
2394
2395
2396
2397
2398
2399
2400
2401
2402
2403
2404
2405
2406
2407
2408
2409
0.4000000000005157 0.0733333333336763 0.1
0.6000000000010313 0.07333333333367631 0.1
0.8000000000015468 0.07333333333367632 0.1
1.000000000002106 0.07333333333367632 0.1
1.200000000002134 0.0733333333336763 0.1
1.400000000001706 0.07333333333367632 0.1
1.600000000001089 0.07333333333367634 0.1
1.800000000000371 0.07333333333367632 0.1
0.4000000000005157 -0.0633333333330011 0.1
0.6000000000010313 -0.06333333333300115 0.1
0.8000000000015468 -0.0633333333330011 0.1
1.000000000002106 -0.06333333333300109 0.1
1.200000000002134 -0.06333333333300113 0.1
1.400000000001706 -0.0633333333330011 0.1
1.600000000001088 -0.0633333333330011 0.1
1.800000000000371 -0.0633333333330011 0.1
0.2666666666668386 0.07333333333367631 0.1
0.3333333333336772 0.0733333333336763 0.1
0.4000000000005157 0.1188888888891175 0.1
0.4000000000005157 0.1644444444445587 0.1
0.2666666666668773 0.1644444444445337 0.1
0.266666666666858 0.1188888888890938 0.1
0.3333333333336578 0.1188888888891056 0.1
0.3333333333336383 0.1644444444445462 0.1
0.4666666666673542 0.0733333333336763 0.1
0.5333333333341927 0.07333333333367631 0.1
0.6000000000010313 0.1188888888891175 0.1
0.6000000000010313 0.1644444444445587 0.1
0.4666666666673424 0.1644444444445587 0.1
0.4666666666673484 0.1188888888891175 0.1
0.533333333334219 0.1188888888891175 0.1
0.533333333334245 0.1644444444445587 0.1
0.6666666666678698 0.07333333333367631 0.1
0.7333333333347083 0.07333333333367632 0.1
0.8000000000015468 0.1188888888891175 0.1
0.8000000000015468 0.1644444444445587 0.1
0.6666666666679087 0.1644444444445587 0.1
0.6666666666678892 0.1188888888891175 0.1
0.7333333333346893 0.1188888888891175 0.1
0.7333333333346702 0.1644444444445587 0.1
0.8666666666683998 0.07333333333367632 0.1
0.9333333333352527 0.07333333333367632 0.1
1.000000000002106 0.1188888888891175 0.1
1.000000000002106 0.1644444444445587 0.1
0.8666666666683784 0.1644444444445587 0.1
0.866666666668389 0.1188888888891175 0.1
0.9333333333352634 0.1188888888891175 0.1
0.9333333333352738 0.1644444444445587 0.1
1.066666666668782 0.07333333333367631 0.1
1.133333333335458 0.07333333333367631 0.1
1.200000000002134 0.1188888888891175 0.1
1.200000000002134 0.1644444444445587 0.1
1.066666666668907 0.1644444444445587 0.1
1.066666666668844 0.1188888888891175 0.1
1.133333333335527 0.1188888888891175 0.1
1.133333333335595 0.1644444444445587 0.1
1.266666666668658 0.07333333333367631 0.1
1.333333333335182 0.07333333333367631 0.1
1.400000000001706 0.1188888888891175 0.1
1.400000000001706 0.1644444444445587 0.1
1.266666666668625 0.1644444444445587 0.1
1.266666666668641 0.1188888888891175 0.1
1.333333333335178 0.1188888888891175 0.1
1.333333333335173 0.1644444444445587 0.1
1.466666666668167 0.07333333333367632 0.1
1.533333333334628 0.07333333333367634 0.1
1.600000000001089 0.1188888888891175 0.1
1.600000000001089 0.1644444444445587 0.1
1.466666666668204 0.1644444444445587 0.1
1.466666666668185 0.1188888888891175 0.1
1.533333333334626 0.1188888888891175 0.1
1.533333333334625 0.1644444444445587 0.1
1.666666666667517 0.07333333333367634 0.1
1.733333333333944 0.07333333333367632 0.1
1.800000000000371 0.1188888888891175 0.1
1.800000000000371 0.1644444444445587 0.1
1.666666666667456 0.1644444444445587 0.1
1.666666666667486 0.1188888888891175 0.1
1.733333333333949 0.1188888888891175 0.1
1.733333333333954 0.1644444444445587 0.1
1.866666666666914 0.07333333333367632 0.1
1.933333333333457 0.07333333333367631 0.1
1.866666666666952 0.1644444444445462 0.1
1.866666666666933 0.1188888888891057 0.1
1.933333333333458 0.1188888888890938 0.1
1.933333333333459 0.1644444444445337 0.1
0.2666666666668386 -0.06333333333300112 0.1
0.3333333333336772 -0.0633333333330011 0.1
0.4000000000005157 -0.01777777777744198 0.1
0.4000000000005157 0.02777777777811715 0.1
0.2666666666668386 0.02777777777821279 0.1
0.2666666666668386 -0.01777777777733967 0.1
0.3333333333336772 -0.01777777777739082 0.1
0.3333333333336771 0.02777777777816496 0.1
0.4666666666673542 -0.06333333333300112 0.1
0.5333333333341927 -0.06333333333300113 0.1
0.6000000000010313 -0.017777777777442 0.1
0.6000000000010313 0.02777777777811715 0.1
0.4666666666673542 0.02777777777811715 0.1
0.4666666666673542 -0.01777777777744199 0.1
0.5333333333341927 -0.01777777777744199 0.1
0.5333333333341927 0.02777777777811716 0.1
0.6666666666678698 -0.06333333333300113 0.1
0.7333333333347083 -0.06333333333300112 0.1
0.8000000000015468 -0.01777777777744196 0.1
0.8000000000015468 0.02777777777811718 0.1
0.6666666666678697 0.02777777777811716 0.1
0.6666666666678697 -0.01777777777744199 0.1
0.7333333333347083 -0.01777777777744198 0.1
0.7333333333347083 0.02777777777811717 0.1
0.8666666666683998 -0.0633333333330011 0.1
0.9333333333352527 -0.06333333333300109 0.1
1.000000000002106 -0.01777777777744196 0.1
1.000000000002106 0.02777777777811717 0.1
0.8666666666683998 0.02777777777811717 0.1
0.8666666666683996 -0.01777777777744196 0.1
0.9333333333352527 -0.01777777777744196 0.1
0.9333333333352527 0.02777777777811717 0.1
1.066666666668782 -0.0633333333330011 0.1
1.133333333335458 -0.06333333333300112 0.1
1.200000000002134 -0.01777777777744199 0.1
1.200000000002134 0.02777777777811715 0.1
1.066666666668782 0.02777777777811717 0.1
1.066666666668782 -0.01777777777744197 0.1
1.133333333335458 -0.01777777777744198 0.1
1.133333333335458 0.02777777777811716 0.1
1.266666666668658 -0.06333333333300112 0.1
1.333333333335182 -0.06333333333300112 0.1
1.400000000001706 -0.01777777777744196 0.1
1.400000000001706 0.02777777777811718 0.1
1.266666666668658 0.02777777777811717 0.1
1.266666666668658 -0.01777777777744198 0.1
1.333333333335182 -0.01777777777744197 0.1
1.333333333335182 0.02777777777811717 0.1
1.466666666668166 -0.0633333333330011 0.1
1.533333333334628 -0.0633333333330011 0.1
1.600000000001089 -0.01777777777744196 0.1
1.600000000001089 0.0277777777781172 0.1
1.466666666668167 0.02777777777811719 0.1
1.466666666668167 -0.01777777777744196 0.1
1.533333333334628 -0.01777777777744195 0.1
1.533333333334628 0.0277777777781172 0.1
1.666666666667516 -0.0633333333330011 0.1
1.733333333333943 -0.0633333333330011 0.1
1.800000000000371 -0.01777777777744196 0.1
1.800000000000371 0.02777777777811718 0.1
1.666666666667516 0.02777777777811719 0.1
1.666666666667516 -0.01777777777744195 0.1
1.733333333333944 -0.01777777777744196 0.1
1.733333333333944 0.02777777777811717 0.1
1.866666666666914 -0.0633333333330011 0.1
1.933333333333457 -0.06333333333300112 0.1
1.866666666666914 0.02777777777816499 0.1
1.866666666666914 -0.0177777777773908 0.1
1.933333333333457 -0.01777777777733968 0.1
1.933333333333457 0.02777777777821278 0.1
0.4000000000005157 -0.1544444444443337 0.1
0.4000000000005157 -0.1088888888886674 0.1
0.266666666666858 -0.1088888888886623 0.1
0.2666666666668773 -0.1544444444443387 0.1
0.3333333333336384 -0.1544444444443362 0.1
0.3333333333336577 -0.1088888888886648 0.1
0.6000000000010313 -0.1544444444443337 0.1
0.6000000000010313 -0.1088888888886674 0.1
0.4666666666673483 -0.1088888888886674 0.1
0.4666666666673424 -0.1544444444443336 0.1
0.533333333334245 -0.1544444444443336 0.1
0.533333333334219 -0.1088888888886674 0.1
0.8000000000015468 -0.1544444444443337 0.1
0.8000000000015468 -0.1088888888886674 0.1
0.6666666666678892 -0.1088888888886674 0.1
0.6666666666679087 -0.1544444444443336 0.1
0.7333333333346702 -0.1544444444443337 0.1
0.7333333333346892 -0.1088888888886674 0.1
1.000000000002106 -0.1544444444443337 0.1
1.000000000002106 -0.1088888888886674 0.1
0.8666666666683891 -0.1088888888886674 0.1
0.8666666666683783 -0.1544444444443336 0.1
0.9333333333352739 -0.1544444444443336 0.1
0.9333333333352632 -0.1088888888886674 0.1
1.200000000002134 -0.1544444444443337 0.1
1.200000000002134 -0.1088888888886674 0.1
1.066666666668845 -0.1088888888886674 0.1
1.066666666668907 -0.1544444444443336 0.1
1.133333333335595 -0.1544444444443337 0.1
1.133333333335526 -0.1088888888886674 0.1
1.400000000001706 -0.1544444444443337 0.1
1.400000000001706 -0.1088888888886674 0.1
1.266666666668641 -0.1088888888886674 0.1
1.266666666668625 -0.1544444444443336 0.1
1.333333333335173 -0.1544444444443337 0.1
1.333333333335177 -0.1088888888886674 0.1
1.600000000001089 -0.1544444444443337 0.1
1.600000000001089 -0.1088888888886674 0.1
1.466666666668185 -0.1088888888886674 0.1
1.466666666668204 -0.1544444444443336 0.1
1.533333333334625 -0.1544444444443336 0.1
1.533333333334626 -0.1088888888886674 0.1
1.800000000000371 -0.1544444444443337 0.1
1.800000000000371 -0.1088888888886674 0.1
1.666666666667486 -0.1088888888886674 0.1
1.666666666667455 -0.1544444444443336 0.1
1.733333333333954 -0.1544444444443336 0.1
1.733333333333949 -0.1088888888886674 0.1
1.866666666666933 -0.1088888888886648 0.1
1.866666666666952 -0.1544444444443362 0.1
1.933333333333459 -0.1544444444443388 0.1
1.933333333333458 -0.1088888888886623 0.1
3 1 0 440
249
250
251
252
253
254
2410
2411
2412
2413
2414
2415
2416
2417
2418
2419
2420
2421
2422
2423
2424
2425
2426
2427
2428
2429
2430
2431
2432
2433
2434
2435
2436
2437
2438
2439
2440
2441
2442
2443
2444
2445
2446
2447
2448
2449
2450
2451
2452
2453
2454
2455
2456
2457
2458
2459
2460
2461
2462
2463
2464
2465
2466
2467
2468
2469
2470
2471
2472
2473
2474
2475
2476
2477
2478
2479
2480
2481
2482
2483
2484
2485
2486
2487
2488
2489
2490
2491
2492
2493
2494
2495
2496
2497
2498
2499
2500
2501
2502
2503
2504
2505
2506
2507
2508
2509
2510
2511
2512
2513
2514
2515
2516
2517
2518
2519
2520
2521
2522
2523
2524
2525
2526
2527
2528
2529
2530
2531
2532
2533
2534
2535
2536
2537
2538
2539
2540
2541
2542
2543
2544
2545
2546
2547
2548
2549
2550
2551
2552
2553
2554
2555
2556
2557
2558
2559
2560
2561
2562
2563
2564
2565
2566
2567
2568
2569
2570
2571
2572
2573
2574
2575
2576
2577
2578
2579
2580
2581
2582
2583
2584
2585
2586
2587
2588
2589
2590
2591
2592
2593
2594
2595
2596
2597
2598
2599
2600
2601
2602
2603
2604
2605
2606
2607
2608
2609
2610
2611
2612
2613
2614
2615
2616
2617
2618
2619
2620
2621
2622
2623
2624
2625
2626
2627
2628
2629
2630
2631
2632
2633
2634
2635
2636
2637
2638
2639
2640
2641
2642
2643
2644
2645
2646
2647
2648
2649
2650
2651
2652
2653
2654
2655
2656
2657
2658
2659
2660
2661
2662
2663
2664
2665
2666
2667
2668
2669
2670
2671
2672
2673
2674
2675
2676
2677
2678
2679
2680
2681
2682
2683
2684
2685
2686
2687
2688
2689
2690
2691
2692
2693
2694
2695
2696
2697
2698
2699
2700
2701
2702
2703
2704
2705
2706
2707
2708
2709
2710
2711
2712
2713
2714
2715
2716
2717
2718
2719
2720
2721
2722
2723
2724
2725
2726
2727
2728
2729
2730
2731
2732
2733
2734
2735
2736
2737
2738
2739
2740
2741
2742
2743
2744
2745
2746
2747
2748
2749
2750
2751
2752
2753
2754
2755
2756
2757
2758
2759
2760
2761
2762
2763
2764
2765
2766
2767
2768
2769
2770
2771
2772
2773
2774
2775
2776
2777
2778
2779
2780
2781
2782
2783
2784
2785
2786
2787
2788
2789
2790
2791
2792
2793
2794
2795
2796
2797
2798
2799
2800
2801
2802
2803
2804
2805
2806
2807
2808
2809
2810
2811
2812
2813
2814
2815
2816
2817
2818
2819
2820
2821
2822
2823
2824
2825
2826
2827
2828
2829
2830
2831
2832
2833
2834
2835
2836
2837
2838
2839
2840
2841
2842
2843
-0.1486098549992734 -0.04626274358481993 0.04999999999986858
-0.1074977387363468 -0.03260627169857244 0.04999999999986858
-0.07460804575373058 -0.02168109419878113 0.04999999999986857
-0.1486098549854184 0.0528752097746621 0.04999999999986855
-0.1074977387114046 0.03650871082358823 0.04999999999986857
-0.0746080457199207 0.02341551167377009 0.04999999999986857
-0.1486098549992729 -0.04626274358481629 0.01666666666662286
-0.1486098549992731 -0.04626274358481811 0.03333333333324572
-0.1657399033328489 -0.05195294016778118 0.04999999999986857
-0.1828699516664244 -0.05764313675074242 0.04999999999986857
-0.1471485911984644 -0.07891718358882878 0.04999999999986857
-0.1456873273976554 -0.1115716235928376 0.04999999999986857
-0.1657399033328486 -0.05195294016777748 0.01666666666662285
-0.1828699516664243 -0.05764313675073865 0.01666666666662285
-0.1828699516664243 -0.05764313675074054 0.0333333333332457
-0.1657399033328488 -0.05195294016777934 0.03333333333324571
-0.1471485911984637 -0.07891718358882592 0.01666666666662285
-0.147148591198464 -0.07891718358882734 0.03333333333324571
-0.1456873273976549 -0.1115716235928366 0.0333333333332457
-0.1456873273976544 -0.1115716235928356 0.01666666666662285
-0.164765727465643 -0.08890775202226446 0.04999999999986858
-0.1823828637328214 -0.09889832045570011 0.04999999999986857
-0.1818957757992185 -0.1401535041606578 0.04999999999986857
-0.163791551598437 -0.1258625638767477 0.04999999999986857
-0.1647657274656371 -0.08890775202224374 0.01666666666662396
-0.1823828637328181 -0.09889832045566935 0.01666666666662506
-0.181895775799212 -0.1401535041606191 0.01666666666662727
-0.1637915515984255 -0.1258625638767196 0.01666666666662506
-0.16476572746564 -0.08890775202225412 0.03333333333324626
-0.1823828637328196 -0.0988983204556847 0.0333333333332468
-0.1818957757992152 -0.1401535041606384 0.03333333333324791
-0.1637915515984312 -0.1258625638767336 0.0333333333332468
-0.1486098549992737 -0.04626274358482176 0.06666666666657906
-0.148609854999274 -0.04626274358482359 0.08333333333328953
-0.1657399033328492 -0.05195294016778303 0.06666666666657906
-0.1828699516664246 -0.05764313675074428 0.06666666666657906
-0.1828699516664247 -0.05764313675074617 0.0833333333332895
-0.1657399033328494 -0.05195294016778487 0.08333333333328953
-0.1471485911984649 -0.07891718358883024 0.06666666666657906
-0.1471485911984653 -0.07891718358883165 0.08333333333328953
-0.1456873273976565 -0.1115716235928397 0.08333333333328952
-0.145687327397656 -0.1115716235928387 0.06666666666657906
-0.1647657274656439 -0.08890775202226542 0.06666666666657994
-0.1823828637328221 -0.09889832045570007 0.06666666666658085
-0.1818957757992196 -0.140153504160651 0.06666666666658261
-0.1637915515984384 -0.1258625638767454 0.06666666666658083
-0.1647657274656447 -0.08890775202226647 0.08333333333328635
-0.1823828637328228 -0.09889832045570002 0.08333333333328316
-0.1818957757992209 -0.1401535041606443 0.08333333333327678
-0.1637915515984401 -0.1258625638767432 0.08333333333328313
-0.107497738736359 -0.0326062716985761 0.01666666666662286
-0.1074977387363529 -0.03260627169857427 0.03333333333324572
-0.1212017774906557 -0.03715842899398827 0.04999999999986858
-0.1349058162449645 -0.0417105862894041 0.04999999999986858
-0.1048674638874319 -0.05493981919558229 0.04999999999986857
-0.1022371890385169 -0.07727336669259215 0.04999999999986857
-0.1212017774906637 -0.0371584289939895 0.01666666666662285
-0.1349058162449683 -0.04171058628940288 0.01666666666662286
-0.1349058162449664 -0.0417105862894035 0.03333333333324572
-0.1212017774906596 -0.03715842899398887 0.03333333333324571
-0.1048674638874447 -0.0549398191955894 0.01666666666662285
-0.1048674638874383 -0.05493981919558585 0.03333333333324571
-0.1022371890385237 -0.07727336669259743 0.0333333333332457
-0.1022371890385304 -0.07727336669260271 0.01666666666662285
-0.1189611729911094 -0.06293227399333112 0.04999999999986857
-0.1330548820947869 -0.07092472879107994 0.04999999999986858
-0.1312039479446093 -0.1001388712927558 0.04999999999986857
-0.1167205684915631 -0.08870611899267397 0.04999999999986857
-0.1189611729911295 -0.06293227399334676 0.01666666666662286
-0.1330548820948021 -0.07092472879109193 0.01666666666662285
-0.1312039479446361 -0.100138871292781 0.01666666666662285
-0.1167205684915953 -0.088706118992704 0.01666666666662284
-0.1189611729911194 -0.06293227399333894 0.03333333333324572
-0.1330548820947945 -0.07092472879108594 0.0333333333332457
-0.1312039479446227 -0.1001388712927684 0.03333333333324569
-0.1167205684915792 -0.08870611899268893 0.03333333333324569
-0.1074977387363407 -0.0326062716985706 0.06666666666657906
-0.1074977387363346 -0.03260627169856876 0.08333333333328953
-0.1212017774906517 -0.03715842899398765 0.06666666666657904
-0.1349058162449627 -0.04171058628940472 0.06666666666657906
-0.1349058162449609 -0.04171058628940532 0.08333333333328953
-0.1212017774906477 -0.03715842899398704 0.08333333333328952
-0.1048674638874255 -0.05493981919557874 0.06666666666657906
-0.104867463887419 -0.05493981919557517 0.08333333333328953
-0.1022371890385035 -0.07727336669258159 0.08333333333328952
-0.1022371890385102 -0.07727336669258686 0.06666666666657906
-0.1189611729911117 -0.06293227399333565 0.06666666666657906
-0.1330548820947893 -0.07092472879108397 0.06666666666657908
-0.1312039479446158 -0.1001388712927632 0.06666666666657906
-0.1167205684915717 -0.08870611899268363 0.06666666666657906
-0.118961172991114 -0.06293227399334016 0.08333333333328953
-0.1330548820947916 -0.07092472879108791 0.08333333333328949
-0.1312039479446224 -0.1001388712927705 0.0833333333332895
-0.1167205684915801 -0.08870611899269326 0.08333333333328952
-0.0746080457537377 -0.02168109419878349 0.01666666666662285
-0.07460804575373414 -0.02168109419878231 0.03333333333324571
-0.08557127674793599 -0.0253228200320449 0.04999999999986857
-0.0965345077421414 -0.02896454586530867 0.04999999999986857
-0.07104256206711862 -0.03575792769715232 0.04999999999986857
-0.06747707838050665 -0.04983476119552349 0.04999999999986856
-0.08557127674794479 -0.02532282003204769 0.01666666666662286
-0.09653450774215189 -0.02896454586531189 0.01666666666662286
-0.09653450774214664 -0.02896454586531028 0.03333333333324572
-0.08557127674794039 -0.0253228200320463 0.03333333333324572
-0.07104256206712607 -0.03575792769715661 0.01666666666662285
-0.07104256206712234 -0.03575792769715445 0.0333333333332457
-0.06747707838051055 -0.0498347611955266 0.0333333333332457
-0.06747707838051445 -0.04983476119552972 0.01666666666662285
-0.08231752934055638 -0.04215189152996231 0.04999999999986858
-0.09359249661399413 -0.0485458553627723 0.04999999999986857
-0.09065048548584684 -0.06812716486023591 0.04999999999986857
-0.07906378193317676 -0.05898096302787971 0.04999999999986857
-0.08231752934056623 -0.04215189152996815 0.01666666666662285
-0.0935924966140024 -0.04854585536277577 0.01666666666662286
-0.09065048548585297 -0.06812716486023966 0.01666666666662285
-0.07906378193318764 -0.0589809630278886 0.01666666666662285
-0.08231752934056129 -0.04215189152996526 0.0333333333332457
-0.09359249661399827 -0.04854585536277402 0.03333333333324572
-0.09065048548584986 -0.06812716486023776 0.03333333333324571
-0.07906378193318223 -0.05898096302788419 0.0333333333332457
-0.07460804575372702 -0.02168109419877994 0.06666666666657906
-0.07460804575372346 -0.02168109419877876 0.08333333333328952
-0.08557127674793158 -0.0253228200320435 0.06666666666657906
-0.09653450774213614 -0.02896454586530705 0.06666666666657906
-0.09653450774213085 -0.02896454586530543 0.08333333333328953
-0.08557127674792717 -0.02532282003204209 0.08333333333328953
-0.07104256206711489 -0.03575792769715017 0.06666666666657906
-0.07104256206711113 -0.035757927697148 0.08333333333328952
-0.06747707838049881 -0.04983476119551725 0.0833333333332895
-0.06747707838050275 -0.04983476119552038 0.06666666666657906
-0.08231752934055356 -0.04215189152996149 0.06666666666657906
-0.09359249661398938 -0.04854585536276999 0.06666666666657906
-0.09065048548584265 -0.06812716486023293 0.06666666666657903
-0.07906378193317554 -0.05898096302787953 0.06666666666657906
-0.08231752934055071 -0.04215189152996068 0.08333333333328952
-0.09359249661398462 -0.0485458553627677 0.08333333333328949
-0.09065048548583843 -0.06812716486022996 0.0833333333332895
-0.07906378193317429 -0.05898096302787927 0.08333333333328949
-0.0570668761396586 -0.01585433285780551 0.04999999999986857
-0.06583746094669458 -0.01876771352829332 0.04999999999986857
-0.05706687613966097 -0.01585433285780631 0.01666666666662285
-0.06583746094669933 -0.0187677135282949 0.01666666666662285
-0.06583746094669696 -0.01876771352829411 0.03333333333324571
-0.05706687613965979 -0.01585433285780592 0.0333333333332457
-0.0539166120283929 -0.0259517733393222 0.04999999999986858
-0.06247958704775577 -0.03085485051823726 0.04999999999986857
-0.05863725299629488 -0.042782781396477 0.04999999999986857
-0.0497974276120831 -0.03573080159743051 0.04999999999986857
-0.05389962412249967 -0.0259883193165096 0.01666666666662506
-0.0624710930948133 -0.03087312350683354 0.01666666666662396
-0.05863725299545031 -0.04278278139770344 0.01666666666662506
-0.04979742761038444 -0.03573080159987548 0.01666666666662727
-0.05390812359864021 -0.02597004889529829 0.03333333333324681
-0.06247534283288149 -0.03086398829622658 0.03333333333324626
-0.05863725299587261 -0.04278278139709023 0.03333333333324681
-0.04979742761123376 -0.03573080159865299 0.03333333333324791
-0.05706687613965742 -0.01585433285780509 0.06666666666657904
-0.06583746094669221 -0.01876771352829252 0.06666666666657906
-0.06583746094668984 -0.01876771352829172 0.0833333333332895
-0.05706687613965623 -0.01585433285780469 0.08333333333328952
-0.05390812359925996 -0.02597004889394754 0.06666666666658083
-0.06247534283318709 -0.03086398829554853 0.06666666666657994
-0.05863725299656793 -0.04278278139607476 0.06666666666658083
-0.04979742761263438 -0.03573080159663046 0.06666666666658261
-0.05389962412374077 -0.02598831931380886 0.08333333333328313
-0.0624710930954253 -0.03087312350547778 0.08333333333328631
-0.05863725299684091 -0.0427827813956725 0.08333333333328313
-0.04979742761318564 -0.03573080159583038 0.08333333333327679
-0.1486098549854184 0.0528752097746488 0.01666666666662285
-0.1486098549854184 0.05287520977465546 0.0333333333332457
-0.1657399033236123 0.05969458429409126 0.04999999999986856
-0.1828699516618061 0.0665139588135204 0.04999999999986855
-0.1486098549900367 0.01982922532150144 0.04999999999986857
-0.148609854994655 -0.01321675913165925 0.04999999999986857
-0.1657399033236123 0.05969458429407467 0.01666666666662285
-0.1828699516618061 0.06651395881350054 0.01666666666662285
-0.1828699516618061 0.06651395881351047 0.03333333333324569
-0.1657399033236123 0.05969458429408296 0.0333333333332457
-0.1486098549900365 0.01982922532149379 0.01666666666662285
-0.1486098549900366 0.01982922532149761 0.03333333333324571
-0.1486098549946549 -0.01321675913166025 0.0333333333332457
-0.1486098549946547 -0.01321675913166124 0.01666666666662285
-0.1657399033266912 0.02247874280680045 0.04999999999986857
-0.1828699516633455 0.02512826029209947 0.04999999999986857
-0.182869951664885 -0.01625743822932148 0.04999999999986857
-0.16573990332977 -0.01473709868049036 0.04999999999986857
-0.1657399033266911 0.02247874280677358 0.01666666666662285
-0.1828699516633454 0.02512826029205338 0.01666666666662285
-0.1828699516648848 -0.01625743822937296 0.01666666666662285
-0.1657399033297698 -0.0147370986805171 0.01666666666662285
-0.1657399033266911 0.02247874280678701 0.03333333333324571
-0.1828699516633455 0.02512826029207644 0.03333333333324571
-0.1828699516648848 -0.0162574382293472 0.0333333333332457
-0.1657399033297699 -0.01473709868050373 0.03333333333324569
-0.1486098549854185 0.05287520977466879 0.06666666666657904
-0.1486098549854186 0.05287520977467547 0.08333333333328952
-0.1657399033236124 0.05969458429409958 0.06666666666657906
-0.1828699516618061 0.06651395881353038 0.06666666666657904
-0.1828699516618062 0.06651395881354033 0.08333333333328952
-0.1657399033236124 0.0596945842941079 0.08333333333328952
-0.1486098549900369 0.01982922532150528 0.06666666666657904
-0.1486098549900371 0.01982922532150912 0.08333333333328952
-0.1486098549946556 -0.01321675913165724 0.08333333333328954
-0.1486098549946553 -0.01321675913165824 0.06666666666657904
-0.1657399033266914 0.02247874280679352 0.06666666666657908
-0.1828699516633455 0.0251282602920818 0.06666666666657908
-0.182869951664885 -0.01625743822934779 0.06666666666657906
-0.1657399033297702 -0.01473709868050303 0.06666666666657906
-0.1657399033266914 0.02247874280678658 0.08333333333328952
-0.1828699516633456 0.02512826029206406 0.0833333333332895
-0.1828699516648851 -0.01625743822937419 0.08333333333328949
-0.1657399033297703 -0.0147370986805157 0.08333333333328954
-0.1074977387114155 0.03650871082358445 0.01666666666662285
-0.1074977387114101 0.03650871082358634 0.03333333333324571
-0.1212017774694092 0.04196421047394619 0.04999999999986857
-0.1349058162274138 0.04741971012430415 0.04999999999986856
-0.1074977387197187 0.01347038331620134 0.04999999999986857
-0.1074977387280327 -0.009567944191185547 0.04999999999986857
-0.1212017774694165 0.04196421047393924 0.01666666666662285
-0.1349058162274174 0.04741971012429402 0.01666666666662285
-0.1349058162274156 0.04741971012429908 0.0333333333332457
-0.1212017774694129 0.04196421047394272 0.03333333333324571
-0.10749773871973 0.0134703833161976 0.01666666666662286
-0.1074977387197244 0.01347038331619948 0.03333333333324572
-0.1074977387280386 -0.009567944191187392 0.03333333333324572
-0.1074977387280445 -0.009567944191189247 0.01666666666662286
-0.1212017774764914 0.01558999731796805 0.04999999999986858
-0.134905816233264 0.01770961131973475 0.04999999999986857
-0.1349058162391142 -0.01200048748483468 0.04999999999986857
-0.1212017774835735 -0.01078421583801011 0.04999999999986857
-0.1212017774764989 0.015589997317963 0.01666666666662286
-0.1349058162332676 0.01770961131972841 0.01666666666662285
-0.134905816239118 -0.01200048748483723 0.01666666666662285
-0.1212017774835812 -0.01078421583801324 0.01666666666662285
-0.1212017774764952 0.01558999731796553 0.03333333333324572
-0.1349058162332659 0.01770961131973157 0.03333333333324571
-0.1349058162391161 -0.01200048748483596 0.03333333333324571
-0.1212017774835773 -0.01078421583801166 0.0333333333332457
-0.1074977387113991 0.0365087108235901 0.06666666666657906
-0.1074977387113936 0.03650871082359198 0.08333333333328952
-0.1212017774694056 0.04196421047394966 0.06666666666657906
-0.134905816227412 0.04741971012430923 0.06666666666657906
-0.1349058162274103 0.04741971012431431 0.0833333333332895
-0.1212017774694019 0.04196421047395315 0.08333333333328952
-0.107497738719713 0.0134703833162032 0.06666666666657906
-0.1074977387197073 0.01347038331620507 0.08333333333328953
-0.1074977387280209 -0.009567944191181843 0.08333333333328952
-0.1074977387280268 -0.009567944191183699 0.06666666666657906
-0.1212017774764876 0.01558999731797056 0.06666666666657906
-0.1349058162332622 0.01770961131973793 0.06666666666657906
-0.1349058162391124 -0.01200048748483339 0.06666666666657903
-0.1212017774835696 -0.01078421583800854 0.06666666666657903
-0.1212017774764839 0.01558999731797309 0.08333333333328952
-0.1349058162332604 0.01770961131974111 0.0833333333332895
-0.1349058162391107 -0.0120004874848321 0.08333333333328952
-0.1212017774835658 -0.01078421583800698 0.08333333333328952
-0.07460804571992674 0.02341551167377057 0.01666666666662285
-0.07460804571992372 0.02341551167377033 0.03333333333324571
-0.08557127671708201 0.02777991139037614 0.04999999999986857
-0.0965345077142433 0.03214431110698218 0.04999999999986857
-0.07460804573119068 0.008383309716253021 0.04999999999986857
-0.07460804574246062 -0.006648892241264053 0.04999999999986857
-0.08557127671708969 0.0277799113903752 0.01666666666662285
-0.09653450771425262 0.03214431110697982 0.01666666666662285
-0.09653450771424796 0.032144311106981 0.03333333333324571
-0.08557127671708584 0.02777991139037567 0.03333333333324571
-0.07460804573119706 0.008383309716252556 0.01666666666662285
-0.07460804573119387 0.008383309716252788 0.03333333333324571
-0.074608045742464 -0.006648892241264758 0.03333333333324571
-0.07460804574246738 -0.006648892241265465 0.01666666666662285
-0.08557127672736668 0.0100790009162358 0.04999999999986858
-0.09653450772354268 0.01177469211621857 0.04999999999986857
-0.09653450773284203 -0.008594926874545045 0.04999999999986858
-0.08557127673765133 -0.007621909557904551 0.04999999999986857
-0.08557127672737475 0.01007900091623424 0.01666666666662285
-0.09653450772355243 0.01177469211621592 0.01666666666662286
-0.09653450773285215 -0.008594926874547992 0.01666666666662286
-0.08557127673765974 -0.007621909557906727 0.01666666666662285
-0.08557127672737069 0.01007900091623502 0.03333333333324571
-0.09653450772354755 0.01177469211621725 0.03333333333324573
-0.09653450773284712 -0.008594926874546506 0.03333333333324572
-0.08557127673765552 -0.007621909557905637 0.0333333333332457
-0.07460804571991772 0.02341551167376988 0.06666666666657906
-0.07460804571991472 0.02341551167376966 0.08333333333328952
-0.08557127671707819 0.02777991139037662 0.06666666666657906
-0.09653450771423866 0.03214431110698335 0.06666666666657906
-0.096534507714234 0.03214431110698454 0.0833333333332895
-0.08557127671707435 0.0277799113903771 0.08333333333328952
-0.0746080457311875 0.008383309716253274 0.06666666666657906
-0.07460804573118429 0.008383309716253524 0.08333333333328952
-0.07460804574245387 -0.006648892241262612 0.08333333333328952
-0.07460804574245725 -0.006648892241263333 0.06666666666657906
-0.08557127672736264 0.01007900091623658 0.06666666666657907
-0.09653450772353783 0.01177469211621989 0.06666666666657906
-0.09653450773283698 -0.008594926874543581 0.06666666666657907
-0.08557127673764708 -0.00762190955790345 0.06666666666657908
-0.08557127672735861 0.01007900091623737 0.08333333333328953
-0.09653450772353293 0.01177469211622122 0.08333333333328952
-0.0965345077328319 -0.008594926874542094 0.0833333333332895
-0.08557127673764289 -0.007621909557902358 0.08333333333328952
-0.05706687610111898 0.01643247211790694 0.04999999999986857
-0.06583746091051984 0.01992399189583851 0.04999999999986857
-0.05706687610112045 0.01643247211790907 0.01666666666662285
-0.06583746091052359 0.01992399189583982 0.01666666666662285
-0.06583746091052171 0.01992399189583917 0.03333333333324571
-0.05706687610111971 0.016432472117908 0.0333333333332457
-0.05807453230223694 0.005714519599772312 0.04999999999986857
-0.06634128901671381 0.007048914658012665 0.04999999999986857
-0.06634128902873944 -0.005892636290042108 0.04999999999986857
-0.05807453231501828 -0.005136380338820164 0.04999999999986857
-0.05807540384730314 0.005704591980485142 0.01666666666662285
-0.0663417247892501 0.007043950848368848 0.01666666666662285
-0.06634172480239896 -0.005887672467409343 0.01666666666662286
-0.0580754038623306 -0.005126452693553213 0.01666666666662285
-0.05807496844578264 0.005709555822699902 0.03333333333324571
-0.06634150708848824 0.007046432769476343 0.03333333333324571
-0.06634150710107645 -0.005890154395011392 0.03333333333324572
-0.05807496845968897 -0.005131416548758024 0.03333333333324571
-0.05706687610111824 0.01643247211790587 0.06666666666657904
-0.06583746091051798 0.01992399189583787 0.06666666666657906
-0.06583746091051611 0.01992399189583724 0.0833333333332895
-0.05706687610111752 0.01643247211790482 0.08333333333328952
-0.05807496844583557 0.005709555822073182 0.06666666666657906
-0.06634150708851153 0.007046432769163224 0.06666666666657908
-0.06634150710106382 -0.005890154395103367 0.06666666666657903
-0.05807496845967044 -0.005131416548943397 0.06666666666657906
-0.05807540384740881 0.00570459197923167 0.08333333333328952
-0.06634172478929651 0.007043950847742592 0.08333333333328949
-0.06634172480237369 -0.005887672467593293 0.08333333333328949
-0.05807540386229352 -0.005126452693923965 0.08333333333328952
-0.1456873273930402 0.1181840897485367 0.04999999999986855
-0.1471485911892293 0.08552964976159941 0.04999999999986855
-0.1456873273930407 0.1181840897485328 0.01666666666662285
-0.1456873273930405 0.1181840897485348 0.0333333333332457
-0.1471485911892294 0.08552964976159513 0.0333333333332457
-0.1471485911892296 0.08552964976159083 0.01666666666662285
-0.1637915515953602 0.1336042079804633 0.04999999999986856
-0.18189577579768 0.1490243262123899 0.04999999999986857
-0.1823828637297431 0.1077691425129551 0.04999999999986855
-0.1647657274594862 0.09664939613727727 0.04999999999986856
-0.1637915515953536 0.1336042079804508 0.01666666666662506
-0.1818957757976702 0.1490243262123729 0.01666666666662727
-0.1823828637297382 0.1077691425129367 0.01666666666662506
-0.1647657274594829 0.09664939613726276 0.01666666666662395
-0.1637915515953569 0.133604207980457 0.03333333333324681
-0.1818957757976752 0.1490243262123813 0.03333333333324793
-0.1823828637297406 0.1077691425129459 0.0333333333332468
-0.1647657274594845 0.09664939613727 0.03333333333324625
-0.14568732739304 0.1181840897485386 0.06666666666657906
-0.1456873273930397 0.1181840897485406 0.0833333333332895
-0.1471485911892292 0.08552964976160803 0.08333333333328952
-0.1471485911892292 0.08552964976160374 0.06666666666657904
-0.1637915515953616 0.1336042079804646 0.06666666666658083
-0.1818957757976838 0.1490243262123913 0.06666666666658264
-0.1823828637297448 0.1077691425129595 0.0666666666665808
-0.164765727459487 0.09664939613728148 0.06666666666657994
-0.1637915515953629 0.133604207980466 0.08333333333328313
-0.1818957757976875 0.1490243262123928 0.08333333333327678
-0.1823828637297468 0.1077691425129638 0.08333333333328316
-0.1647657274594876 0.09664939613728557 0.08333333333328634
-0.102237189030202 0.08117580575574818 0.04999999999986857
-0.1048674638708033 0.0588422582896682 0.04999999999986857
-0.1022371890302134 0.08117580575575514 0.01666666666662285
-0.1022371890302077 0.08117580575575167 0.03333333333324571
-0.1048674638708089 0.05884225828966901 0.03333333333324572
-0.1048674638708145 0.0588422582896698 0.01666666666662286
-0.1167205684844814 0.09351190042001101 0.04999999999986858
-0.1312039479387608 0.1058479950842738 0.04999999999986856
-0.1330548820830873 0.07663385260428901 0.04999999999986856
-0.1189611729769453 0.0677380554469786 0.04999999999986857
-0.116720568484511 0.09351190042003743 0.01666666666662285
-0.131203947938784 0.1058479950842938 0.01666666666662285
-0.1330548820831007 0.07663385260429398 0.01666666666662285
-0.1189611729769637 0.06773805544698833 0.01666666666662286
-0.1167205684844962 0.09351190042002425 0.03333333333324571
-0.1312039479387724 0.1058479950842838 0.0333333333332457
-0.133054882083094 0.07663385260429149 0.03333333333324569
-0.1189611729769545 0.0677380554469835 0.03333333333324572
-0.1022371890301963 0.08117580575574468 0.06666666666657906
-0.1022371890301906 0.08117580575574118 0.08333333333328952
-0.1048674638707921 0.05884225828966659 0.08333333333328952
-0.1048674638707977 0.05884225828966739 0.06666666666657904
-0.1167205684844883 0.09351190042002075 0.06666666666657908
-0.1312039479387668 0.1058479950842826 0.06666666666657906
-0.1330548820830895 0.07663385260429594 0.06666666666657904
-0.1189611729769469 0.06773805544698523 0.06666666666657908
-0.1167205684844952 0.09351190042003052 0.08333333333328952
-0.131203947938773 0.1058479950842914 0.0833333333332895
-0.1330548820830917 0.07663385260430286 0.08333333333328949
-0.1189611729769486 0.06773805544699182 0.08333333333328952
-0.06747707836923689 0.05156917858647934 0.04999999999986857
-0.0710425620445788 0.03749234513012471 0.04999999999986857
-0.06747707836924344 0.05156917858648433 0.01666666666662285
-0.06747707836924016 0.05156917858648184 0.03333333333324571
-0.07104256204458194 0.03749234513012609 0.03333333333324572
-0.07104256204458509 0.03749234513012745 0.01666666666662286
-0.07906378192289193 0.06143805430956897 0.04999999999986858
-0.09065048547654696 0.07130693003265856 0.04999999999986857
-0.09359249659539512 0.05172562056982037 0.04999999999986857
-0.08231752931998695 0.04460898284997255 0.04999999999986858
-0.07906378192289976 0.06143805430957422 0.01666666666662286
-0.09065048547655542 0.07130693003266345 0.01666666666662286
-0.09359249659540402 0.05172562056982163 0.01666666666662286
-0.08231752931999475 0.04460898284997472 0.01666666666662286
-0.07906378192289593 0.06143805430957162 0.03333333333324572
-0.09065048547655122 0.07130693003266102 0.03333333333324572
-0.09359249659539957 0.05172562056982102 0.03333333333324573
-0.08231752931999084 0.04460898284997366 0.03333333333324572
-0.06747707836923364 0.05156917858647688 0.06666666666657906
-0.06747707836923038 0.0515691785864744 0.08333333333328952
-0.07104256204457253 0.03749234513012203 0.08333333333328952
-0.07104256204457568 0.03749234513012337 0.06666666666657904
-0.07906378192288845 0.06143805430956679 0.06666666666657906
-0.09065048547654346 0.07130693003265684 0.06666666666657908
-0.09359249659539105 0.05172562056982012 0.06666666666657904
-0.08231752931998332 0.0446089828499717 0.06666666666657906
-0.07906378192288499 0.06143805430956456 0.08333333333328952
-0.09065048547653984 0.07130693003265508 0.0833333333332895
-0.0935924965953869 0.05172562056981984 0.08333333333328949
-0.08231752931997964 0.04460898284997085 0.08333333333328952
-0.04979742758818215 0.03630894075651829 0.04999999999986857
-0.05863725297870952 0.04393905967149883 0.04999999999986857
-0.0624795870258856 0.03201112882163148 0.04999999999986857
-0.05391661200719241 0.02652991251313824 0.04999999999986857
-0.04979742758819068 0.03630894075651266 0.01666666666662728
-0.05863725297871888 0.04393905967150041 0.01666666666662507
-0.06247109306799542 0.03202940182080352 0.01666666666662395
-0.05389962409140395 0.02656645851147765 0.01666666666662506
-0.04979742758818638 0.03630894075651546 0.03333333333324792
-0.05863725297871417 0.04393905967149961 0.03333333333324681
-0.06247534280854066 0.03202026660491018 0.03333333333324627
-0.05390812357249848 0.02654818807969331 0.03333333333324681
-0.04979742758895372 0.03630894075541331 0.06666666666658264
-0.05863725297909412 0.04393905967094557 0.06666666666658086
-0.06247534280822782 0.03202026660557114 0.06666666666657992
-0.05390812357187951 0.02654818808101848 0.06666666666658083
-0.04979742758972532 0.03630894075430834 0.08333333333327678
-0.05863725297947872 0.04393905967039227 0.08333333333328315
-0.0624710930673689 0.03202940182212509 0.08333333333328632
-0.05389962409016445 0.02656645851412721 0.08333333333328313
3 2 0 440
255
256
257
258
259
260
2844
2845
2846
2847
2848
2849
2850
2851
2852
2853
2854
2855
2856
2857
2858
2859
2860
2861
2862
2863
2864
2865
2866
2867
2868
2869
2870
2871
2872
2873
2874
2875
2876
2877
2878
2879
2880
2881
2882
2883
2884
2885
2886
2887
2888
2889
2890
2891
2892
2893
2894
2895
2896
2897
2898
2899
2900
2901
2902
2903
2904
2905
2906
2907
2908
2909
2910
2911
2912
2913
2914
2915
2916
2917
2918
2919
2920
2921
2922
2923
2924
2925
2926
2927
2928
2929
2930
2931
2932
2933
2934
2935
2936
2937
2938
2939
2940
2941
2942
2943
2944
2945
2946
2947
2948
2949
2950
2951
2952
2953
2954
2955
2956
2957
2958
2959
2960
2961
2962
2963
2964
2965
2966
2967
2968
2969
2970
2971
2972
2973
2974
2975
2976
2977
2978
2979
2980
2981
2982
2983
2984
2985
2986
2987
2988
2989
2990
2991
2992
2993
2994
2995
2996
2997
2998
2999
3000
3001
3002
3003
3004
3005
3006
3007
3008
3009
3010
3011
3012
3013
3014
3015
3016
3017
3018
3019
3020
3021
3022
3023
3024
3025
3026
3027
3028
3029
3030
3031
3032
3033
3034
3035
3036
3037
3038
3039
3040
3041
3042
3043
3044
3045
3046
3047
3048
3049
3050
3051
3052
3053
3054
3055
3056
3057
3058
3059
3060
3061
3062
3063
3064
3065
3066
3067
3068
3069
3070
3071
3072
3073
3074
3075
3076
3077
3078
3079
3080
3081
3082
3083
3084
3085
3086
3087
3088
3089
3090
3091
3092
3093
3094
3095
3096
3097
3098
3099
3100
3101
3102
3103
3104
3105
3106
3107
3108
3109
3110
3111
3112
3113
3114
3115
3116
3117
3118
3119
3120
3121
3122
3123
3124
3125
3126
3127
3128
3129
3130
3131
3132
3133
3134
3135
3136
3137
3138
3139
3140
3141
3142
3143
3144
3145
3146
3147
3148
3149
3150
3151
3152
3153
3154
3155
3156
3157
3158
3159
3160
3161
3162
3163
3164
3165
3166
3167
3168
3169
3170
3171
3172
3173
3174
3175
3176
3177
3178
3179
3180
3181
3182
3183
3184
3185
3186
3187
3188
3189
3190
3191
3192
3193
3194
3195
3196
3197
3198
3199
3200
3201
3202
3203
3204
3205
3206
3207
3208
3209
3210
3211
3212
3213
3214
3215
3216
3217
3218
3219
3220
3221
3222
3223
3224
3225
3226
3227
3228
3229
3230
3231
3232
3233
3234
3235
3236
3237
3238
3239
3240
3241
3242
3243
3244
3245
3246
3247
3248
3249
3250
3251
3252
3253
3254
3255
3256
3257
3258
3259
3260
3261
3262
3263
3264
3265
3266
3267
3268
3269
3270
3271
3272
3273
3274
3275
3276
3277
-0.04846689896433917 0.1552223211378993 0.04999999999986855
0.04846689901556718 0.1552223211240427 0.04999999999986857
-0.0339070847092994 0.1114001777685734 0.04999999999986857
0.03390708480209694 0.1114001777436317 0.04999999999986857
-0.02225923331508783 0.07634246310266971 0.04999999999986857
0.02225923344114098 0.07634246306885978 0.04999999999986856
-0.04846689896433801 0.1552223211379001 0.01666666666662285
-0.04846689896433859 0.1552223211378997 0.03333333333324569
-0.1123063420526805 0.1522997935362824 0.04999999999986855
-0.08038662050850984 0.1537610573370909 0.04999999999986855
-0.05453348819855927 0.1734815474252662 0.04999999999986855
-0.06060007743277937 0.1917407737126331 0.04999999999986855
-0.1123063420526807 0.1522997935362833 0.01666666666662285
-0.08038662050850934 0.1537610573370917 0.01666666666662284
-0.08038662050850959 0.1537610573370913 0.03333333333324569
-0.1123063420526806 0.1522997935362828 0.03333333333324569
-0.05453348819855775 0.1734815474252667 0.01666666666662285
-0.0606000774327775 0.1917407737126334 0.01666666666662285
-0.06060007743277843 0.1917407737126332 0.03333333333324569
-0.05453348819855851 0.1734815474252664 0.03333333333324569
-0.1411391510546711 0.1907665978454275 0.04999999999986857
-0.1267227465536758 0.1715331956908549 0.04999999999986855
-0.09062811737611753 0.1725073715580606 0.04999999999986855
-0.1008696142437253 0.1912536857790303 0.04999999999986855
-0.1411391510546486 0.1907665978454171 0.01666666666662727
-0.1267227465536626 0.171533195690848 0.01666666666662505
-0.09062811737610896 0.1725073715580574 0.01666666666662394
-0.1008696142437105 0.1912536857790253 0.01666666666662505
-0.1411391510546599 0.1907665978454223 0.03333333333324792
-0.1267227465536692 0.1715331956908516 0.0333333333332468
-0.09062811737611322 0.172507371558059 0.03333333333324624
-0.1008696142437179 0.1912536857790277 0.0333333333332468
-0.04846689896433977 0.1552223211378989 0.06666666666657903
-0.04846689896434037 0.1552223211378985 0.08333333333328952
-0.1123063420526804 0.152299793536282 0.06666666666657904
-0.0803866205085101 0.1537610573370904 0.06666666666657903
-0.08038662050851036 0.1537610573370901 0.08333333333328952
-0.1123063420526803 0.1522997935362816 0.08333333333328952
-0.05453348819856003 0.1734815474252659 0.06666666666657903
-0.06060007743278031 0.191740773712633 0.06666666666657904
-0.06060007743278124 0.1917407737126328 0.08333333333328952
-0.0545334881985608 0.1734815474252657 0.08333333333328952
-0.1411391510546723 0.1907665978454313 0.06666666666658261
-0.126722746553676 0.1715331956908563 0.06666666666658085
-0.09062811737611773 0.1725073715580611 0.06666666666657989
-0.1008696142437258 0.1912536857790322 0.06666666666658083
-0.1411391510546734 0.1907665978454353 0.08333333333327678
-0.1267227465536762 0.1715331956908577 0.08333333333328316
-0.09062811737611798 0.1725073715580618 0.08333333333328634
-0.1008696142437262 0.191253685779034 0.08333333333328316
0.04846689901555101 0.1552223211240433 0.01666666666662285
0.04846689901555909 0.155222321124043 0.03333333333324571
-0.01615563297103706 0.1552223211332804 0.04999999999986855
0.01615563302226506 0.1552223211286616 0.04999999999986856
0.05453348823246663 0.1734815474160285 0.04999999999986857
0.06060007744936607 0.1917407737080142 0.04999999999986856
-0.01615563297104167 0.1552223211332812 0.01666666666662285
0.01615563302225467 0.1552223211286622 0.01666666666662285
0.01615563302225986 0.1552223211286619 0.0333333333332457
-0.01615563297103937 0.1552223211332808 0.0333333333332457
0.05453348823244705 0.1734815474160289 0.01666666666662285
0.06060007744934308 0.1917407737080144 0.01666666666662285
0.06060007744935457 0.1917407737080143 0.0333333333332457
0.05453348823245684 0.1734815474160287 0.0333333333332457
-0.02020002580539755 0.1917407737110935 0.04999999999986857
-0.01817782938821731 0.1734815474221869 0.04999999999986857
0.01817782942212466 0.1734815474191077 0.04999999999986857
0.02020002582198427 0.1917407737095538 0.04999999999986856
-0.0202000258054608 0.1917407737110936 0.01666666666662285
-0.01817782938825124 0.1734815474221873 0.01666666666662285
0.01817782942208448 0.1734815474191082 0.01666666666662285
0.02020002582191431 0.191740773709554 0.01666666666662285
-0.02020002580542916 0.1917407737110935 0.0333333333332457
-0.0181778293882343 0.1734815474221872 0.03333333333324571
0.01817782942210456 0.173481547419108 0.03333333333324571
0.02020002582194926 0.1917407737095539 0.0333333333332457
0.04846689901557528 0.1552223211240425 0.06666666666657906
0.04846689901558338 0.1552223211240422 0.08333333333328952
-0.01615563297103476 0.1552223211332801 0.06666666666657904
0.01615563302227026 0.1552223211286613 0.06666666666657904
0.01615563302227546 0.155222321128661 0.0833333333332895
-0.01615563297103246 0.1552223211332797 0.08333333333328952
0.05453348823247642 0.1734815474160283 0.06666666666657906
0.06060007744937755 0.1917407737080141 0.06666666666657906
0.06060007744938908 0.1917407737080141 0.0833333333332895
0.05453348823248623 0.1734815474160281 0.08333333333328952
-0.02020002580542199 0.1917407737110934 0.06666666666657906
-0.01817782938822838 0.1734815474221867 0.06666666666657908
0.01817782942211913 0.1734815474191075 0.06666666666657906
0.020200025821968 0.1917407737095538 0.06666666666657906
-0.02020002580544641 0.1917407737110932 0.08333333333328952
-0.01817782938823945 0.1734815474221864 0.08333333333328952
0.01817782942211362 0.1734815474191073 0.08333333333328949
0.0202000258219518 0.1917407737095536 0.08333333333328949
0.08038662054266184 0.1537610573278532 0.04999999999986857
0.1123063420697565 0.1522997935316636 0.04999999999986855
0.08038662054265132 0.1537610573278538 0.01666666666662285
0.1123063420697516 0.1522997935316643 0.01666666666662285
0.1123063420697541 0.152299793531664 0.0333333333332457
0.08038662054265658 0.1537610573278535 0.0333333333332457
0.1008696142547831 0.1912536857759511 0.04999999999986857
0.09062811739872245 0.1725073715519021 0.04999999999986857
0.1267227465649783 0.1715331956877757 0.04999999999986855
0.1411391510602 0.1907665978438878 0.04999999999986856
0.1008696142547532 0.1912536857759459 0.01666666666662506
0.0906281173987013 0.1725073715518989 0.01666666666662395
0.1267227465649555 0.1715331956877688 0.01666666666662506
0.1411391510601633 0.1907665978438776 0.01666666666662727
0.1008696142547682 0.1912536857759485 0.03333333333324681
0.09062811739871188 0.1725073715519004 0.03333333333324624
0.1267227465649669 0.1715331956877723 0.0333333333332468
0.1411391510601817 0.1907665978438826 0.03333333333324791
0.0803866205426671 0.1537610573278528 0.06666666666657906
0.1123063420697589 0.1522997935316632 0.06666666666657906
0.1123063420697613 0.1522997935316628 0.0833333333332895
0.08038662054267234 0.1537610573278525 0.08333333333328952
0.1008696142548015 0.1912536857759528 0.06666666666658086
0.0906281173987341 0.1725073715519027 0.06666666666657996
0.1267227465649859 0.1715331956877772 0.06666666666658083
0.1411391510602137 0.1907665978438917 0.06666666666658264
0.1008696142548198 0.1912536857759548 0.08333333333328313
0.09062811739874574 0.1725073715519033 0.08333333333328634
0.1267227465649937 0.1715331956877786 0.08333333333328315
0.1411391510602275 0.1907665978438957 0.08333333333327676
-0.03390708470930236 0.1114001777685849 0.01666666666662286
-0.03390708470930089 0.1114001777685792 0.03333333333324572
-0.07770697102950029 0.1061396280707432 0.04999999999986857
-0.05580702786939985 0.1087699029196583 0.04999999999986857
-0.03876035612764599 0.1260075588916821 0.04999999999986857
-0.04361362754599258 0.1406149400147907 0.04999999999986855
-0.07770697102950903 0.1061396280707553 0.01666666666662285
-0.05580702786940571 0.1087699029196701 0.01666666666662285
-0.05580702786940278 0.1087699029196642 0.03333333333324571
-0.07770697102950466 0.1061396280707493 0.03333333333324571
-0.03876035612764758 0.12600755889169 0.01666666666662285
-0.04361362754599279 0.140614940014795 0.01666666666662285
-0.0436136275459927 0.1406149400147928 0.0333333333332457
-0.03876035612764679 0.126007558891686 0.03333333333324571
-0.1007732183782871 0.1369130717144361 0.04999999999986857
-0.08924009470389371 0.1215263498925896 0.04999999999986857
-0.06400022541576986 0.1237669543921359 0.04999999999986857
-0.07219342296213985 0.1387640058646133 0.04999999999986855
-0.1007732183783093 0.1369130717144609 0.01666666666662285
-0.08924009470392129 0.121526349892621 0.01666666666662286
-0.06400022541578446 0.1237669543921554 0.01666666666662286
-0.07219342296215103 0.1387640058646279 0.01666666666662285
-0.1007732183782981 0.1369130717144484 0.03333333333324571
-0.08924009470390751 0.1215263498926053 0.03333333333324572
-0.06400022541577716 0.1237669543921457 0.03333333333324572
-0.07219342296214548 0.1387640058646206 0.03333333333324569
-0.03390708470929792 0.1114001777685677 0.06666666666657906
-0.03390708470929642 0.111400177768562 0.08333333333328953
-0.07770697102949591 0.1061396280707372 0.06666666666657904
-0.05580702786939691 0.1087699029196525 0.06666666666657904
-0.05580702786939396 0.1087699029196466 0.08333333333328952
-0.07770697102949151 0.1061396280707312 0.08333333333328952
-0.0387603561276452 0.1260075588916781 0.06666666666657904
-0.04361362754599248 0.1406149400147885 0.06666666666657903
-0.04361362754599238 0.1406149400147863 0.0833333333332895
-0.0387603561276444 0.1260075588916741 0.08333333333328952
-0.1007732183782937 0.1369130717144424 0.06666666666657906
-0.0892400947039015 0.1215263498925969 0.06666666666657906
-0.06400022541577334 0.1237669543921374 0.06666666666657906
-0.07219342296214311 0.1387640058646154 0.06666666666657904
-0.1007732183783004 0.1369130717144487 0.08333333333328952
-0.08924009470390934 0.1215263498926041 0.08333333333328952
-0.06400022541577684 0.1237669543921391 0.0833333333332895
-0.07219342296214643 0.1387640058646175 0.0833333333332895
0.03390708480209224 0.1114001777436426 0.01666666666662286
0.03390708480209459 0.1114001777436372 0.03333333333324572
-0.01130236153883396 0.1114001777602595 0.04999999999986858
0.01130236163163149 0.1114001777519456 0.04999999999986858
0.03876035620658702 0.1260075588704354 0.04999999999986858
0.0436136276110771 0.1406149399972391 0.04999999999986857
-0.0113023615388375 0.1114001777602708 0.01666666666662286
0.01130236163162738 0.1114001777519567 0.01666666666662286
0.01130236163162943 0.1114001777519511 0.03333333333324572
-0.01130236153883573 0.1114001777602652 0.03333333333324572
0.0387603562065785 0.1260075588704428 0.01666666666662286
0.04361362761106476 0.1406149399972431 0.01666666666662285
0.04361362761107092 0.1406149399972411 0.03333333333324571
0.03876035620658276 0.1260075588704391 0.03333333333324572
-0.01453787582696936 0.1406149400089401 0.04999999999986857
-0.01292011868290166 0.1260075588845999 0.04999999999986858
0.01292011876184268 0.1260075588775176 0.04999999999986858
0.01453787589205387 0.1406149400030896 0.04999999999986856
-0.0145378758269736 0.1406149400089444 0.01666666666662285
-0.01292011868290556 0.1260075588846076 0.01666666666662286
0.01292011876183648 0.1260075588775252 0.01666666666662285
0.01453787589204557 0.1406149400030937 0.01666666666662285
-0.0145378758269715 0.1406149400089422 0.0333333333332457
-0.01292011868290361 0.1260075588846036 0.03333333333324572
0.01292011876183957 0.1260075588775214 0.0333333333332457
0.01453787589204971 0.1406149400030916 0.03333333333324569
0.03390708480209928 0.1114001777436262 0.06666666666657906
0.03390708480210161 0.1114001777436207 0.08333333333328953
-0.01130236153883219 0.1114001777602539 0.06666666666657906
0.01130236163163354 0.11140017775194 0.06666666666657906
0.01130236163163559 0.1114001777519344 0.08333333333328953
-0.01130236153883042 0.1114001777602482 0.08333333333328952
0.03876035620659128 0.1260075588704317 0.06666666666657906
0.04361362761108328 0.1406149399972371 0.06666666666657906
0.04361362761108946 0.140614939997235 0.0833333333332895
0.03876035620659553 0.1260075588704279 0.08333333333328953
-0.01453787582696724 0.140614940008938 0.06666666666657906
-0.0129201186828997 0.1260075588845959 0.06666666666657906
0.01292011876184578 0.1260075588775138 0.06666666666657906
0.01453787589205802 0.1406149400030875 0.06666666666657906
-0.01453787582696512 0.1406149400089358 0.0833333333332895
-0.01292011868289777 0.126007558884592 0.08333333333328952
0.01292011876184887 0.1260075588775099 0.08333333333328953
0.01453787589206217 0.1406149400030855 0.08333333333328949
0.05580702793126487 0.1087699029030305 0.04999999999986857
0.0777069710604328 0.1061396280624293 0.04999999999986857
0.05580702793126562 0.1087699029030419 0.01666666666662285
0.07770697106043897 0.1061396280624412 0.01666666666662285
0.07770697106043589 0.1061396280624353 0.0333333333332457
0.05580702793126524 0.1087699029030362 0.03333333333324571
0.0721934230055295 0.1387640058529123 0.04999999999986857
0.06400022546839719 0.1237669543779714 0.04999999999986858
0.08924009473020736 0.1215263498855074 0.04999999999986857
0.1007732183999819 0.1369130717085855 0.04999999999986855
0.07219342300553232 0.1387640058529266 0.01666666666662285
0.06400022546840503 0.1237669543779907 0.01666666666662285
0.08924009473023156 0.1215263498855386 0.01666666666662285
0.1007732183999998 0.1369130717086102 0.01666666666662285
0.07219342300553089 0.1387640058529194 0.0333333333332457
0.06400022546840113 0.1237669543779811 0.0333333333332457
0.08924009473021949 0.121526349885523 0.03333333333324569
0.1007732183999909 0.1369130717085979 0.03333333333324569
0.05580702793126446 0.1087699029030248 0.06666666666657906
0.07770697106042967 0.1061396280624234 0.06666666666657906
0.07770697106042657 0.1061396280624174 0.0833333333332895
0.05580702793126407 0.1087699029030191 0.08333333333328953
0.07219342300553695 0.1387640058529145 0.06666666666657906
0.06400022546840409 0.1237669543779732 0.06666666666657906
0.08924009473021682 0.1215263498855148 0.06666666666657906
0.1007732183999907 0.1369130717085919 0.06666666666657906
0.07219342300554443 0.1387640058529166 0.08333333333328952
0.0640002254684109 0.1237669543779749 0.08333333333328949
0.08924009473022634 0.121526349885522 0.08333333333328949
0.1007732183999994 0.1369130717085983 0.08333333333328947
-0.02225923331508971 0.07634246310267642 0.01666666666662285
-0.02225923331508877 0.07634246310267306 0.03333333333324571
-0.0500274742342926 0.06921149572944588 0.04999999999986857
-0.03614335377469022 0.07277697941605779 0.04999999999986857
-0.02614185044649169 0.08802836799130428 0.04999999999986857
-0.03002446757789555 0.09971427287993885 0.04999999999986857
-0.05002747423429776 0.06921149572945293 0.01666666666662285
-0.03614335377469375 0.07277697941606469 0.01666666666662285
-0.03614335377469198 0.07277697941606125 0.03333333333324571
-0.05002747423429519 0.06921149572944942 0.0333333333332457
-0.02614185044649393 0.08802836799131258 0.01666666666662286
-0.03002446757789815 0.09971427287994872 0.01666666666662286
-0.03002446757789685 0.0997142728799438 0.03333333333324572
-0.02614185044649281 0.08802836799130845 0.03333333333324572
-0.06848047209776439 0.09383025062364413 0.04999999999986858
-0.0592539731660285 0.08152087317654502 0.04999999999986858
-0.0426979118062601 0.08477462058392465 0.04999999999986858
-0.04925246983782997 0.09677226175179147 0.04999999999986857
-0.06848047209777058 0.09383025062365312 0.01666666666662286
-0.05925397316603449 0.08152087317655339 0.01666666666662286
-0.04269791180626423 0.08477462058393299 0.01666666666662286
-0.04925246983783438 0.0967722617518009 0.01666666666662285
-0.0684804720977675 0.09383025062364862 0.03333333333324572
-0.0592539731660315 0.08152087317654923 0.03333333333324572
-0.04269791180626217 0.08477462058392882 0.03333333333324573
-0.04925246983783216 0.09677226175179622 0.03333333333324571
-0.0222592333150869 0.0763424631026664 0.06666666666657906
-0.02225923331508597 0.0763424631026631 0.08333333333328952
-0.05002747423429003 0.06921149572944238 0.06666666666657904
-0.03614335377468847 0.0727769794160544 0.06666666666657906
-0.03614335377468671 0.07277697941605099 0.0833333333332895
-0.05002747423428745 0.06921149572943888 0.08333333333328952
-0.02614185044649058 0.08802836799130018 0.06666666666657906
-0.03002446757789425 0.09971427287993392 0.06666666666657906
-0.03002446757789294 0.099714272879929 0.08333333333328953
-0.02614185044648945 0.08802836799129604 0.08333333333328953
-0.06848047209776194 0.09383025062364032 0.06666666666657906
-0.05925397316602594 0.08152087317654133 0.06666666666657908
-0.04269791180625825 0.08477462058392075 0.06666666666657908
-0.04925246983782811 0.09677226175178708 0.06666666666657903
-0.06848047209775948 0.09383025062363648 0.08333333333328952
-0.05925397316602333 0.08152087317653754 0.08333333333328952
-0.04269791180625639 0.0847746205839168 0.08333333333328952
-0.04925246983782619 0.09677226175178277 0.08333333333328952
0.02225923344114109 0.07634246306886583 0.01666666666662285
0.02225923344114103 0.0763424630688628 0.0333333333332457
-0.007419744396344899 0.07634246309139973 0.04999999999986857
0.00741974452239804 0.07634246308012975 0.04999999999986856
0.02614185056145964 0.08802836796045042 0.04999999999986857
0.03002446768177829 0.09971427285204107 0.04999999999986857
-0.007419744396346115 0.07634246309140624 0.01666666666662285
0.007419744522397485 0.07634246308013602 0.01666666666662285
0.007419744522397759 0.07634246308013287 0.0333333333332457
-0.007419744396345507 0.076342463091403 0.03333333333324571
0.02614185056145814 0.0880283679604581 0.01666666666662285
0.03002446768177519 0.09971427285205037 0.01666666666662285
0.03002446768177674 0.0997142728520457 0.03333333333324571
0.02614185056145889 0.08802836796045425 0.03333333333324571
-0.01000815582467094 0.09971427287063961 0.04999999999986858
-0.00871395011050792 0.08802836798101968 0.04999999999986858
0.008713950225475857 0.08802836797073504 0.04999999999986855
0.01000815592855367 0.09971427286134033 0.04999999999986858
-0.0100081558246737 0.09971427287064928 0.01666666666662286
-0.008713950110509907 0.0880283679810278 0.01666666666662286
0.008713950225474117 0.08802836797074293 0.01666666666662285
0.01000815592855074 0.09971427286134982 0.01666666666662286
-0.01000815582467233 0.09971427287064444 0.03333333333324572
-0.008713950110508914 0.08802836798102372 0.03333333333324572
0.008713950225474977 0.08802836797073896 0.0333333333332457
0.01000815592855221 0.09971427286134502 0.03333333333324572
0.02225923344114095 0.07634246306885679 0.06666666666657904
0.02225923344114091 0.07634246306885381 0.08333333333328952
-0.00741974439634429 0.07634246309139654 0.06666666666657906
0.007419744522398327 0.07634246308012665 0.06666666666657906
0.007419744522398615 0.07634246308012359 0.0833333333332895
-0.007419744396343676 0.07634246309139334 0.08333333333328952
0.02614185056146039 0.08802836796044658 0.06666666666657904
0.03002446768177983 0.09971427285203641 0.06666666666657904
0.03002446768178137 0.0997142728520317 0.08333333333328952
0.02614185056146114 0.08802836796044275 0.08333333333328952
-0.01000815582466956 0.09971427287063481 0.06666666666657906
-0.008713950110506928 0.08802836798101564 0.06666666666657906
0.008713950225476727 0.08802836797073113 0.06666666666657903
0.01000815592855512 0.09971427286133557 0.06666666666657906
-0.01000815582466818 0.09971427287062991 0.08333333333328952
-0.008713950110505925 0.08802836798101166 0.08333333333328952
0.008713950225477603 0.08802836797072724 0.08333333333328949
0.0100081559285566 0.09971427286133078 0.08333333333328949
0.03614335385872565 0.07277697939351785 0.04999999999986856
0.05002747427631031 0.06921149571817589 0.04999999999986855
0.03614335385872799 0.07277697939352429 0.01666666666662285
0.05002747427631488 0.06921149571818275 0.01666666666662285
0.05002747427631259 0.06921149571817933 0.03333333333324569
0.03614335385872682 0.07277697939352107 0.0333333333332457
0.04925246990708512 0.09677226173319298 0.04999999999986857
0.04269791188290539 0.08477462056335541 0.04999999999986857
0.05925397320435113 0.08152087316626039 0.04999999999986856
0.06848047213239196 0.09383025061434486 0.04999999999986857
0.04925246990708572 0.09677226173320205 0.01666666666662286
0.04269791188290702 0.08477462056336332 0.01666666666662285
0.05925397320435589 0.08152087316626856 0.01666666666662284
0.06848047213239625 0.09383025061435364 0.01666666666662285
0.04925246990708545 0.09677226173319746 0.03333333333324572
0.04269791188290621 0.08477462056335935 0.0333333333332457
0.05925397320435353 0.08152087316626448 0.03333333333324569
0.06848047213239411 0.09383025061434927 0.0333333333332457
0.0361433538587245 0.07277697939351466 0.06666666666657903
0.05002747427630804 0.06921149571817251 0.06666666666657904
0.05002747427630575 0.06921149571816911 0.08333333333328952
0.03614335385872333 0.07277697939351147 0.08333333333328952
0.04925246990708512 0.09677226173318879 0.06666666666657906
0.04269791188290479 0.08477462056335169 0.06666666666657906
0.05925397320434918 0.08152087316625678 0.06666666666657904
0.06848047213239045 0.09383025061434125 0.06666666666657906
0.04925246990708516 0.09677226173318459 0.08333333333328952
0.04269791188290417 0.0847746205633479 0.08333333333328952
0.0592539732043472 0.08152087316625313 0.0833333333332895
0.06848047213238898 0.09383025061433746 0.08333333333328949
-0.01604704589657441 0.05764501525597164 0.04999999999986857
-0.01915313960583112 0.06699373917932067 0.04999999999986857
-0.01604704589657506 0.05764501525597387 0.01666666666662285
-0.01915313960583239 0.06699373917932515 0.01666666666662285
-0.01915313960583175 0.06699373917932289 0.03333333333324571
-0.01604704589657473 0.05764501525597276 0.0333333333332457
-0.04293600072735025 0.05977617185400244 0.04999999999986858
-0.03584452722040789 0.05034084797855897 0.04999999999986857
-0.0261350599546431 0.05446925271976001 0.04999999999986857
-0.03113920686466666 0.06362311606790891 0.04999999999986857
-0.04291950824497479 0.05978774975619903 0.01666666666662507
-0.03581154225564817 0.05036400378294126 0.01666666666662728
-0.02613505995518415 0.05446925271951112 0.01666666666662506
-0.03113920686493987 0.06362311606778887 0.01666666666662396
-0.04292775623593197 0.05978196329761111 0.03333333333324682
-0.03582803823756687 0.05035243086577089 0.03333333333324792
-0.02613505995491361 0.05446925271963556 0.03333333333324681
-0.03113920686480325 0.06362311606784884 0.03333333333324626
-0.01604704589657408 0.05764501525597054 0.06666666666657904
-0.0191531396058305 0.06699373917931846 0.06666666666657906
-0.01915313960582987 0.06699373917931628 0.0833333333332895
-0.01604704589657376 0.05764501525596945 0.08333333333328952
-0.04292775623492176 0.05978196329831181 0.06666666666658086
-0.03582803823555256 0.05035243086718034 0.06666666666658264
-0.02613505995356696 0.05446925272026023 0.06666666666658083
-0.03113920686412795 0.06362311606815751 0.06666666666657997
-0.0429195082429535 0.05978774975759922 0.08333333333328313
-0.0358115422516178 0.05036400378575771 0.08333333333327678
-0.02613505995249085 0.05446925272076041 0.08333333333328313
-0.03113920686358923 0.06362311606840618 0.0833333333332863
0.0160470460403639 0.05764501521743201 0.04999999999986856
0.01915313974075244 0.06699373914314589 0.04999999999986855
0.01604704604036591 0.05764501521743348 0.01666666666662285
0.0191531397407535 0.06699373914314966 0.01666666666662285
0.01915313974075297 0.06699373914314777 0.0333333333332457
0.0160470460403649 0.05764501521743275 0.0333333333332457
-0.006429200555582931 0.06749555869010826 0.04999999999986857
-0.005438656714820958 0.05864865428881681 0.04999999999986857
0.005438656806074724 0.05864865428066257 0.04999999999986857
0.006429200664236381 0.06749555868039617 0.04999999999986855
-0.00640912868360352 0.06749733920740229 0.01666666666662285
-0.005398512970860922 0.05865221532339836 0.01666666666662285
0.005398513123682545 0.05865221530987998 0.01666666666662286
0.006409128823040011 0.06749733919500801 0.01666666666662285
-0.006419164888683129 0.06749645198222101 0.0333333333332457
-0.00541858538102075 0.05865044087303904 0.0333333333332457
0.005418585503056812 0.05865044086218412 0.03333333333324572
0.006419165012727285 0.06749645197115849 0.0333333333332457
0.01604704604036289 0.05764501521743128 0.06666666666657903
0.01915313974075191 0.06699373914314402 0.06666666666657904
0.0191531397407514 0.06699373914314218 0.0833333333332895
0.0160470460403619 0.05764501521743054 0.08333333333328952
-0.006419164888775241 0.06749645198220848 0.06666666666657908
-0.00541858538120618 0.05865044087302043 0.06666666666657906
0.005418585502430157 0.05865044086223763 0.06666666666657901
0.006419165012414242 0.06749645197118215 0.06666666666657906
-0.006409128683787736 0.06749733920737735 0.08333333333328953
-0.005398512971231796 0.0586522153233613 0.08333333333328952
0.00539851312242917 0.05865221530998629 0.0833333333332895
0.006409128822413885 0.06749733919505493 0.08333333333328947
0.03113920695252038 0.06362311603803966 0.04999999999986856
0.02613506004631511 0.05446925268256148 0.04999999999986857
0.03584452727489096 0.05034084794635036 0.04999999999986857
0.04293600077560064 0.05977617183226314 0.04999999999986857
0.03113920695197781 0.06362311603829934 0.01666666666662395
0.02613506004522581 0.05446925268307248 0.01666666666662506
0.03581154229988458 0.05036400375798952 0.01666666666662728
0.04291950828810156 0.05978774973808808 0.01666666666662507
0.03113920695224908 0.06362311603816947 0.03333333333324625
0.02613506004577044 0.05446925268281694 0.0333333333332468
0.03582803828692882 0.05035243083719382 0.03333333333324791
0.04292775628162161 0.05978196327768755 0.0333333333332468
0.03113920695290997 0.06362311603785571 0.06666666666657992
0.026135060047095 0.05446925268219636 0.0666666666665808
0.03582803828582775 0.05035243083796238 0.06666666666658261
0.04292775628106836 0.05978196327806791 0.06666666666658083
0.03113920695329955 0.0636231160376718 0.0833333333332863
0.02613506004787489 0.05446925268183125 0.08333333333328316
0.03581154229768151 0.05036400375952525 0.08333333333327679
0.04291950828699451 0.05978774973884809 0.08333333333328313
3 3 0 440
261
262
263
264
265
266
3278
3279
3280
3281
3282
3283
3284
3285
3286
3287
3288
3289
3290
3291
3292
3293
3294
3295
3296
3297
3298
3299
3300
3301
3302
3303
3304
3305
3306
3307
3308
3309
3310
3311
3312
3313
3314
3315
3316
3317
3318
3319
3320
3321
3322
3323
3324
3325
3326
3327
3328
3329
3330
3331
3332
3333
3334
3335
3336
3337
3338
3339
3340
3341
3342
3343
3344
3345
3346
3347
3348
3349
3350
3351
3352
3353
3354
3355
3356
3357
3358
3359
3360
3361
3362
3363
3364
3365
3366
3367
3368
3369
3370
3371
3372
3373
3374
3375
3376
3377
3378
3379
3380
3381
3382
3383
3384
3385
3386
3387
3388
3389
3390
3391
3392
3393
3394
3395
3396
3397
3398
3399
3400
3401
3402
3403
3404
3405
3406
3407
3408
3409
3410
3411
3412
3413
3414
3415
3416
3417
3418
3419
3420
3421
3422
3423
3424
3425
3426
3427
3428
3429
3430
3431
3432
3433
3434
3435
3436
3437
3438
3439
3440
3441
3442
3443
3444
3445
3446
3447
3448
3449
3450
3451
3452
3453
3454
3455
3456
3457
3458
3459
3460
3461
3462
3463
3464
3465
3466
3467
3468
3469
3470
3471
3472
3473
3474
3475
3476
3477
3478
3479
3480
3481
3482
3483
3484
3485
3486
3487
3488
3489
3490
3491
3492
3493
3494
3495
3496
3497
3498
3499
3500
3501
3502
3503
3504
3505
3506
3507
3508
3509
3510
3511
3512
3513
3514
3515
3516
3517
3518
3519
3520
3521
3522
3523
3524
3525
3526
3527
3528
3529
3530
3531
3532
3533
3534
3535
3536
3537
3538
3539
3540
3541
3542
3543
3544
3545
3546
3547
3548
3549
3550
3551
3552
3553
3554
3555
3556
3557
3558
3559
3560
3561
3562
3563
3564
3565
3566
3567
3568
3569
3570
3571
3572
3573
3574
3575
3576
3577
3578
3579
3580
3581
3582
3583
3584
3585
3586
3587
3588
3589
3590
3591
3592
3593
3594
3595
3596
3597
3598
3599
3600
3601
3602
3603
3604
3605
3606
3607
3608
3609
3610
3611
3612
3613
3614
3615
3616
3617
3618
3619
3620
3621
3622
3623
3624
3625
3626
3627
3628
3629
3630
3631
3632
3633
3634
3635
3636
3637
3638
3639
3640
3641
3642
3643
3644
3645
3646
3647
3648
3649
3650
3651
3652
3653
3654
3655
3656
3657
3658
3659
3660
3661
3662
3663
3664
3665
3666
3667
3668
3669
3670
3671
3672
3673
3674
3675
3676
3677
3678
3679
3680
3681
3682
3683
3684
3685
3686
3687
3688
3689
3690
3691
3692
3693
3694
3695
3696
3697
3698
3699
3700
3701
3702
3703
3704
3705
3706
3707
3708
3709
3710
3711
0.148609854999275 0.05287520972342562 0.04999999999986855
0.148609854985417 -0.0462627436360457 0.04999999999986857
0.1074977387363464 0.03650871073078564 0.04999999999986857
0.107497738711405 -0.03260627179136863 0.04999999999986857
0.07460804575373067 0.02341551154771469 0.04999999999986857
0.07460804571992059 -0.02168109432483372 0.04999999999986856
0.1486098549992752 0.05287520972342413 0.01666666666662285
0.1486098549992751 0.05287520972342487 0.03333333333324569
0.1456873273976591 0.1181840897314579 0.04999999999986855
0.1471485911984671 0.08552964972744173 0.04999999999986855
0.16573990333285 0.05969458426017393 0.04999999999986855
0.182869951666425 0.06651395879692225 0.04999999999986855
0.1456873273976597 0.1181840897314579 0.01666666666662285
0.1471485911984675 0.08552964972744105 0.01666666666662284
0.1471485911984673 0.08552964972744137 0.03333333333324569
0.1456873273976594 0.1181840897314579 0.03333333333324569
0.1657399033328502 0.05969458426017168 0.01666666666662285
0.1828699516664251 0.06651395879691922 0.01666666666662285
0.182869951666425 0.06651395879692072 0.03333333333324569
0.1657399033328501 0.05969458426017279 0.03333333333324569
0.1818957757992197 0.1490243262068572 0.04999999999986857
0.1637915515984394 0.1336042079691575 0.04999999999986855
0.1647657274656447 0.09664939611466572 0.04999999999986855
0.1823828637328223 0.1077691425018897 0.04999999999986855
0.1818957757992099 0.1490243262068321 0.01666666666662727
0.1637915515984329 0.1336042079691428 0.01666666666662505
0.1647657274656414 0.09664939611465248 0.01666666666662394
0.1823828637328175 0.1077691425018661 0.01666666666662505
0.1818957757992148 0.1490243262068446 0.03333333333324792
0.1637915515984361 0.1336042079691502 0.0333333333332468
0.1647657274656431 0.09664939611465911 0.03333333333324624
0.1823828637328199 0.1077691425018779 0.0333333333332468
0.148609854999275 0.05287520972342637 0.06666666666657903
0.148609854999275 0.05287520972342713 0.08333333333328952
0.1456873273976589 0.1181840897314578 0.06666666666657904
0.1471485911984669 0.08552964972744209 0.06666666666657903
0.1471485911984668 0.08552964972744245 0.08333333333328952
0.1456873273976586 0.1181840897314578 0.08333333333328952
0.16573990333285 0.05969458426017506 0.06666666666657903
0.182869951666425 0.06651395879692377 0.06666666666657904
0.182869951666425 0.06651395879692533 0.08333333333328952
0.16573990333285 0.05969458426017624 0.08333333333328952
0.1818957757992234 0.1490243262068533 0.06666666666658261
0.1637915515984409 0.1336042079691552 0.06666666666658085
0.1647657274656454 0.09664939611466322 0.06666666666657989
0.1823828637328242 0.1077691425018848 0.06666666666658083
0.1818957757992272 0.1490243262068495 0.08333333333327678
0.1637915515984422 0.1336042079691529 0.08333333333328316
0.164765727465646 0.09664939611466083 0.08333333333328634
0.182382863732826 0.1077691425018799 0.08333333333328316
0.1486098549854162 -0.04626274363603024 0.01666666666662285
0.1486098549854166 -0.04626274363603797 0.03333333333324571
0.1486098549946557 0.01982922527026851 0.04999999999986855
0.1486098549900363 -0.01321675918288859 0.04999999999986856
0.1657399033236113 -0.05195294020168591 0.04999999999986857
0.1828699516618056 -0.05764313676732612 0.04999999999986856
0.1486098549946555 0.01982922527027268 0.01666666666662285
0.1486098549900358 -0.01321675918287877 0.01666666666662285
0.1486098549900361 -0.01321675918288369 0.0333333333332457
0.1486098549946556 0.01982922527027059 0.0333333333332457
0.1657399033236108 -0.05195294020166787 0.01666666666662285
0.1828699516618054 -0.05764313676730551 0.01666666666662285
0.1828699516618055 -0.05764313676731581 0.0333333333332457
0.165739903323611 -0.05195294020167689 0.0333333333332457
0.1828699516648852 0.02512826027550613 0.04999999999986857
0.1657399033297705 0.02247874277288732 0.04999999999986857
0.1657399033266909 -0.01473709871439929 0.04999999999986857
0.1828699516633454 -0.01625743824590998 0.04999999999986856
0.1828699516648852 0.02512826027557463 0.01666666666662285
0.1657399033297704 0.02247874277292364 0.01666666666662285
0.1657399033266905 -0.01473709871435244 0.01666666666662285
0.1828699516633452 -0.0162574382458261 0.01666666666662285
0.1828699516648852 0.02512826027554039 0.0333333333332457
0.1657399033297703 0.02247874277290548 0.03333333333324571
0.1657399033266908 -0.01473709871437587 0.03333333333324571
0.1828699516633453 -0.01625743824586803 0.0333333333332457
0.1486098549854174 -0.04626274363605345 0.06666666666657906
0.1486098549854178 -0.04626274363606119 0.08333333333328952
0.1486098549946558 0.01982922527026644 0.06666666666657904
0.1486098549900366 -0.0132167591828935 0.06666666666657904
0.1486098549900369 -0.01321675918289841 0.0833333333332895
0.148609854994656 0.01982922527026437 0.08333333333328952
0.1657399033236116 -0.05195294020169496 0.06666666666657906
0.1828699516618058 -0.05764313676733644 0.06666666666657906
0.1828699516618059 -0.05764313676734675 0.0833333333332895
0.1657399033236119 -0.05195294020170397 0.08333333333328952
0.1828699516648852 0.02512826027553558 0.06666666666657906
0.1657399033297706 0.02247874277290101 0.06666666666657908
0.1657399033266911 -0.01473709871438789 0.06666666666657906
0.1828699516633454 -0.01625743824588225 0.06666666666657906
0.1828699516648853 0.02512826027556505 0.08333333333328952
0.1657399033297706 0.02247874277291472 0.08333333333328952
0.1657399033266913 -0.01473709871437645 0.08333333333328949
0.1828699516633456 -0.01625743824585451 0.08333333333328949
0.1471485911892268 -0.0789171836229793 0.04999999999986857
0.1456873273930366 -0.1115716236099129 0.04999999999986856
0.1471485911892259 -0.07891718362296855 0.01666666666662285
0.1456873273930355 -0.1115716236099069 0.01666666666662285
0.1456873273930361 -0.1115716236099099 0.0333333333332457
0.1471485911892263 -0.07891718362297392 0.0333333333332457
0.1823828637297423 -0.09889832046675595 0.04999999999986857
0.1647657274594845 -0.08890775204486762 0.04999999999986857
0.1637915515953578 -0.1258625638880493 0.04999999999986857
0.1818957757976789 -0.1401535041661857 0.04999999999986856
0.1823828637297388 -0.0988983204667387 0.01666666666662506
0.1647657274594785 -0.08890775204484976 0.01666666666662395
0.1637915515953461 -0.1258625638880297 0.01666666666662506
0.1818957757976724 -0.1401535041661681 0.01666666666662727
0.1823828637297406 -0.09889832046674729 0.0333333333332468
0.1647657274594814 -0.08890775204485869 0.03333333333324624
0.163791551595352 -0.1258625638880395 0.03333333333324681
0.1818957757976755 -0.1401535041661768 0.03333333333324791
0.1471485911892273 -0.07891718362298468 0.06666666666657906
0.1456873273930372 -0.1115716236099159 0.06666666666657906
0.1456873273930378 -0.1115716236099189 0.0833333333332895
0.1471485911892278 -0.07891718362299005 0.08333333333328952
0.182382863729743 -0.09889832046676177 0.06666666666658086
0.1647657274594855 -0.08890775204487347 0.06666666666657996
0.1637915515953592 -0.1258625638880545 0.06666666666658083
0.1818957757976801 -0.140153504166192 0.06666666666658261
0.1823828637297437 -0.09889832046676747 0.08333333333328313
0.1647657274594864 -0.08890775204487934 0.08333333333328634
0.1637915515953607 -0.1258625638880598 0.08333333333328315
0.1818957757976814 -0.1401535041661984 0.08333333333327676
0.1074977387363578 0.03650871073078767 0.01666666666662286
0.1074977387363521 0.03650871073078665 0.03333333333324572
0.102237189038516 0.08117580572481399 0.04999999999986857
0.1048674638874312 0.05884225822779982 0.04999999999986857
0.121201777490656 0.04196421039499897 0.04999999999986857
0.1349058162449655 0.04741971005921229 0.04999999999986855
0.1022371890385275 0.08117580572482291 0.01666666666662285
0.1048674638874427 0.05884225822780528 0.01666666666662285
0.1048674638874369 0.05884225822780256 0.03333333333324571
0.1022371890385217 0.08117580572481846 0.03333333333324571
0.1212017774906636 0.04196421039499983 0.01666666666662285
0.1349058162449694 0.04741971005921198 0.01666666666662285
0.1349058162449674 0.04741971005921213 0.0333333333332457
0.1212017774906598 0.0419642103949994 0.03333333333324571
0.1312039479446114 0.1058479950625766 0.04999999999986857
0.1167205684915637 0.09351190039369528 0.04999999999986857
0.1189611729911098 0.06773805539434713 0.04999999999986857
0.1330548820947884 0.07663385256089444 0.04999999999986855
0.1312039479446348 0.1058479950625998 0.01666666666662285
0.1167205684915933 0.0935119003937243 0.01666666666662286
0.1189611729911285 0.06773805539436205 0.01666666666662286
0.133054882094802 0.07663385256090594 0.01666666666662285
0.131203947944623 0.1058479950625882 0.03333333333324571
0.1167205684915785 0.0935119003937098 0.03333333333324572
0.1189611729911192 0.06773805539435461 0.03333333333324572
0.1330548820947953 0.07663385256090016 0.03333333333324569
0.1074977387363407 0.03650871073078463 0.06666666666657906
0.1074977387363349 0.03650871073078363 0.08333333333328953
0.1022371890385102 0.08117580572480954 0.06666666666657904
0.1048674638874254 0.05884225822779709 0.06666666666657904
0.1048674638874196 0.05884225822779435 0.08333333333328952
0.1022371890385043 0.08117580572480507 0.08333333333328952
0.1212017774906521 0.04196421039499856 0.06666666666657904
0.1349058162449636 0.04741971005921247 0.06666666666657903
0.1349058162449616 0.04741971005921263 0.0833333333332895
0.1212017774906483 0.04196421039499813 0.08333333333328952
0.1312039479446175 0.1058479950625837 0.06666666666657906
0.1167205684915705 0.09351190039370372 0.06666666666657906
0.1189611729911113 0.06773805539435115 0.06666666666657906
0.1330548820947904 0.07663385256089814 0.06666666666657904
0.1312039479446235 0.1058479950625909 0.08333333333328952
0.1167205684915773 0.09351190039371216 0.08333333333328952
0.1189611729911128 0.06773805539435514 0.0833333333332895
0.1330548820947925 0.07663385256090177 0.0833333333332895
0.1074977387114168 -0.03260627179136652 0.01666666666662286
0.1074977387114109 -0.03260627179136757 0.03333333333324572
0.1074977387280326 0.01347038322340089 0.04999999999986858
0.1074977387197188 -0.00956794428398387 0.04999999999986858
0.121201777469409 -0.03715842907292766 0.04999999999986858
0.134905816227413 -0.04171058635448668 0.04999999999986857
0.1074977387280441 0.01347038322340294 0.01666666666662286
0.1074977387197305 -0.009567944283981793 0.01666666666662286
0.1074977387197247 -0.00956794428398283 0.03333333333324572
0.1074977387280384 0.01347038322340191 0.03333333333324572
0.1212017774694166 -0.03715842907292109 0.01666666666662286
0.1349058162274164 -0.04171058635447566 0.01666666666662285
0.1349058162274147 -0.04171058635448116 0.03333333333324571
0.1212017774694128 -0.03715842907292437 0.03333333333324572
0.1349058162391147 0.01770961125464597 0.04999999999986857
0.1212017774835737 0.01558999723902343 0.04999999999986858
0.1212017774764913 -0.01078421591695211 0.04999999999986858
0.1349058162332638 -0.01200048754992035 0.04999999999986856
0.1349058162391184 0.01770961125464943 0.01666666666662285
0.1212017774835812 0.01558999723902618 0.01666666666662286
0.1212017774764989 -0.01078421591694745 0.01666666666662285
0.1349058162332674 -0.01200048754991311 0.01666666666662285
0.1349058162391165 0.01770961125464771 0.0333333333332457
0.1212017774835775 0.01558999723902481 0.03333333333324572
0.1212017774764951 -0.01078421591694978 0.0333333333332457
0.1349058162332655 -0.01200048754991672 0.03333333333324569
0.1074977387113992 -0.0326062717913697 0.06666666666657906
0.1074977387113933 -0.03260627179137076 0.08333333333328953
0.1074977387280268 0.01347038322339986 0.06666666666657906
0.107497738719713 -0.009567944283984916 0.06666666666657906
0.1074977387197072 -0.009567944283985963 0.08333333333328953
0.1074977387280211 0.01347038322339883 0.08333333333328952
0.1212017774694052 -0.03715842907293095 0.06666666666657906
0.1349058162274113 -0.04171058635449221 0.06666666666657906
0.1349058162274096 -0.04171058635449772 0.0833333333332895
0.1212017774694015 -0.03715842907293424 0.08333333333328953
0.1349058162391128 0.01770961125464425 0.06666666666657906
0.1212017774835698 0.01558999723902205 0.06666666666657906
0.1212017774764876 -0.01078421591695443 0.06666666666657906
0.134905816233262 -0.01200048754992398 0.06666666666657906
0.1349058162391109 0.01770961125464253 0.0833333333332895
0.121201777483566 0.01558999723902069 0.08333333333328952
0.1212017774764837 -0.01078421591695677 0.08333333333328953
0.1349058162332602 -0.01200048754992759 0.08333333333328949
0.104867463870804 -0.05493981925744643 0.04999999999986857
0.102237189030203 -0.07727336672352421 0.04999999999986857
0.1048674638708165 -0.05493981925744968 0.01666666666662285
0.1022371890302163 -0.07727336672353284 0.01666666666662285
0.1022371890302096 -0.07727336672352854 0.0333333333332457
0.1048674638708103 -0.05493981925744806 0.03333333333324571
0.1330548820830859 -0.07092472883446833 0.04999999999986857
0.118961172976945 -0.06293227404595739 0.04999999999986858
0.1167205684844809 -0.0887061190189871 0.04999999999986857
0.1312039479387588 -0.10013887131445 0.04999999999986857
0.133054882083101 -0.07092472883447376 0.01666666666662285
0.1189611729769648 -0.06293227404596784 0.01666666666662285
0.116720568484513 -0.08870611901901454 0.01666666666662285
0.1312039479387855 -0.1001388713144719 0.01666666666662284
0.1330548820830934 -0.07092472883447104 0.03333333333324571
0.1189611729769548 -0.06293227404596258 0.0333333333332457
0.1167205684844969 -0.08870611901900079 0.03333333333324569
0.131203947938772 -0.1001388713144609 0.03333333333324569
0.1048674638707978 -0.0549398192574448 0.06666666666657906
0.1022371890301964 -0.07727336672351991 0.06666666666657906
0.1022371890301898 -0.07727336672351558 0.0833333333332895
0.1048674638707915 -0.05493981925744316 0.08333333333328953
0.1330548820830882 -0.07092472883447558 0.06666666666657906
0.1189611729769474 -0.06293227404596451 0.06666666666657906
0.1167205684844894 -0.08870611901899807 0.06666666666657903
0.1312039479387654 -0.100138871314459 0.06666666666657906
0.1330548820830907 -0.07092472883448286 0.08333333333328952
0.1189611729769498 -0.06293227404597164 0.08333333333328949
0.1167205684844981 -0.08870611901900903 0.08333333333328949
0.131203947938772 -0.1001388713144681 0.08333333333328947
0.07460804575373736 0.02341551154771612 0.01666666666662285
0.07460804575373402 0.0234155115477154 0.03333333333324571
0.06747707838050689 0.05156917854446087 0.04999999999986857
0.07104256206711877 0.03749234504608778 0.04999999999986857
0.08557127674793592 0.02777991127540501 0.04999999999986857
0.09653450774214117 0.03214431100309532 0.04999999999986857
0.06747707838051364 0.05156917854446617 0.01666666666662285
0.0710425620671255 0.03749234504609115 0.01666666666662285
0.07104256206712214 0.03749234504608948 0.03333333333324571
0.06747707838051029 0.05156917854446354 0.0333333333332457
0.08557127674794418 0.02777991127540664 0.01666666666662286
0.096534507742151 0.03214431100309715 0.01666666666662286
0.09653450774214609 0.03214431100309623 0.03333333333324572
0.08557127674794004 0.02777991127540582 0.03333333333324572
0.09065048548584627 0.07130692999802962 0.04999999999986858
0.07906378193317656 0.06143805427124526 0.04999999999986858
0.08231752934055624 0.04460898277332513 0.04999999999986858
0.09359249661399369 0.05172562050056247 0.04999999999986857
0.09065048548585486 0.07130692999803596 0.01666666666662286
0.07906378193318458 0.06143805427125139 0.01666666666662286
0.08231752934056438 0.044608982773329 0.01666666666662286
0.09359249661400289 0.05172562050056653 0.01666666666662285
0.09065048548585058 0.07130692999803276 0.03333333333324572
0.0790637819331806 0.06143805427124834 0.03333333333324572
0.08231752934056033 0.04460898277332709 0.03333333333324573
0.09359249661399832 0.05172562050056449 0.03333333333324571
0.07460804575372736 0.023415511547714 0.06666666666657906
0.07460804575372404 0.02341551154771331 0.08333333333328952
0.06747707838050353 0.05156917854445826 0.06666666666657904
0.07104256206711543 0.03749234504608612 0.06666666666657906
0.07104256206711208 0.03749234504608447 0.0833333333332895
0.06747707838050013 0.05156917854445563 0.08333333333328952
0.0855712767479318 0.02777991127540421 0.06666666666657906
0.09653450774213625 0.03214431100309442 0.06666666666657906
0.09653450774213131 0.03214431100309352 0.08333333333328953
0.08557127674792767 0.02777991127540341 0.08333333333328953
0.09065048548584263 0.07130692999802719 0.06666666666657906
0.07906378193317301 0.06143805427124266 0.06666666666657908
0.08231752934055239 0.04460898277332342 0.06666666666657908
0.09359249661398941 0.0517256205005608 0.06666666666657903
0.09065048548583896 0.07130692999802477 0.08333333333328952
0.07906378193316936 0.06143805427124002 0.08333333333328952
0.08231752934054852 0.0446089827733217 0.08333333333328952
0.09359249661398511 0.05172562050055914 0.08333333333328952
0.07460804571992712 -0.02168109432483512 0.01666666666662285
0.07460804571992385 -0.02168109432483442 0.0333333333332457
0.07460804574246065 0.008383309590198559 0.04999999999986857
0.07460804573119062 -0.006648892367317581 0.04999999999986856
0.08557127671708208 -0.02532282014701202 0.04999999999986857
0.09653450771424354 -0.02896454596919033 0.04999999999986857
0.07460804574246728 0.008383309590199041 0.01666666666662285
0.0746080457311972 -0.006648892367318041 0.01666666666662285
0.07460804573119389 -0.006648892367317811 0.0333333333332457
0.07460804574246396 0.0083833095901988 0.03333333333324571
0.08557127671709033 -0.02532282014701226 0.01666666666662285
0.09653450771425358 -0.02896454596918939 0.01666666666662285
0.09653450771424854 -0.02896454596918986 0.03333333333324571
0.0855712767170862 -0.02532282014701214 0.03333333333324571
0.09653450773284197 0.01177469201233344 0.04999999999986858
0.0855712767376513 0.01007900080126601 0.04999999999986858
0.08557127672736668 -0.007621909672873006 0.04999999999986855
0.09653450772354275 -0.00859492697842844 0.04999999999986858
0.09653450773285187 0.01177469201233498 0.01666666666662286
0.08557127673765957 0.01007900080126701 0.01666666666662286
0.08557127672737494 -0.007621909672872621 0.01666666666662285
0.09653450772355272 -0.008594926978427207 0.01666666666662286
0.09653450773284691 0.01177469201233421 0.03333333333324572
0.08557127673765541 0.01007900080126651 0.03333333333324572
0.08557127672737079 -0.007621909672872813 0.0333333333332457
0.09653450772354775 -0.008594926978427817 0.03333333333324572
0.07460804571991737 -0.02168109432483301 0.06666666666657904
0.07460804571991414 -0.02168109432483229 0.08333333333328952
0.07460804574245737 0.008383309590198335 0.06666666666657906
0.07460804573118736 -0.006648892367317335 0.06666666666657906
0.0746080457311841 -0.006648892367317092 0.0833333333332895
0.07460804574245407 0.008383309590198106 0.08333333333328952
0.08557127671707798 -0.0253228201470119 0.06666666666657904
0.09653450771423856 -0.0289645459691908 0.06666666666657904
0.09653450771423358 -0.02896454596919127 0.08333333333328952
0.08557127671707386 -0.02532282014701178 0.08333333333328952
0.09653450773283702 0.01177469201233269 0.06666666666657906
0.08557127673764724 0.01007900080126551 0.06666666666657906
0.08557127672736255 -0.007621909672873194 0.06666666666657903
0.09653450772353783 -0.008594926978429054 0.06666666666657906
0.09653450773283208 0.01177469201233192 0.08333333333328952
0.08557127673764305 0.01007900080126502 0.08333333333328952
0.08557127672735845 -0.007621909672873383 0.08333333333328949
0.09653450772353284 -0.008594926978429666 0.08333333333328949
0.07104256204457862 -0.03575792778118737 0.04999999999986856
0.06747707836923665 -0.04983476123754103 0.04999999999986855
0.0710425620445857 -0.03575792778119103 0.01666666666662285
0.06747707836924427 -0.04983476123754694 0.01666666666662285
0.06747707836924045 -0.04983476123754398 0.03333333333324569
0.07104256204458215 -0.0357579277811892 0.0333333333332457
0.09359249659539556 -0.04854585543202673 0.04999999999986857
0.08231752931998709 -0.04215189160660707 0.04999999999986857
0.07906378192289211 -0.05898096306620208 0.04999999999986856
0.09065048547654757 -0.06812716489486315 0.04999999999986857
0.09359249659540357 -0.04854585543202743 0.01666666666662286
0.0823175293199966 -0.0421518916066112 0.01666666666662285
0.07906378192290278 -0.05898096306621012 0.01666666666662284
0.09065048547655354 -0.06812716489486548 0.01666666666662285
0.09359249659539949 -0.04854585543202707 0.03333333333324572
0.08231752931999181 -0.04215189160660913 0.0333333333332457
0.07906378192289748 -0.05898096306620615 0.03333333333324569
0.09065048547655054 -0.06812716489486434 0.0333333333332457
0.07104256204457512 -0.03575792778118554 0.06666666666657903
0.06747707836923286 -0.04983476123753806 0.06666666666657904
0.06747707836922903 -0.04983476123753509 0.08333333333328952
0.0710425620445716 -0.03575792778118368 0.08333333333328952
0.09359249659539105 -0.04854585543202585 0.06666666666657906
0.08231752931998451 -0.04215189160660711 0.06666666666657906
0.07906378192289101 -0.05898096306620228 0.06666666666657904
0.09065048547654347 -0.06812716489486088 0.06666666666657906
0.09359249659538652 -0.04854585543202493 0.08333333333328952
0.08231752931998185 -0.04215189160660713 0.08333333333328952
0.07906378192288983 -0.05898096306620247 0.0833333333332895
0.09065048547653935 -0.06812716489485857 0.08333333333328949
0.05706687613965863 0.01643247197411669 0.04999999999986857
0.06583746094669465 0.01992399176091569 0.04999999999986857
0.05706687613966085 0.01643247197411719 0.01666666666662285
0.06583746094669911 0.01992399176091665 0.01666666666662285
0.06583746094669687 0.01992399176091617 0.03333333333324571
0.05706687613965974 0.01643247197411694 0.0333333333332457
0.05863725299629504 0.04393905962910194 0.04999999999986858
0.04979742761208318 0.03630894071374298 0.04999999999986857
0.05391661202839296 0.02652991245563402 0.04999999999986857
0.06247958704775587 0.03201112875086091 0.04999999999986858
0.05863725299544836 0.0439390596303265 0.01666666666662507
0.04979742761037943 0.03630894071618297 0.01666666666662728
0.0538996241224971 0.02656645843281878 0.01666666666662507
0.06247109309481223 0.03202940173945593 0.01666666666662396
0.05863725299587171 0.04393905962971423 0.03333333333324682
0.04979742761123128 0.03630894071496296 0.03333333333324792
0.0539081235986389 0.02654818801160878 0.03333333333324683
0.06247534283288102 0.03202026652884962 0.03333333333324627
0.05706687613965752 0.01643247197411645 0.06666666666657904
0.06583746094669245 0.01992399176091523 0.06666666666657906
0.06583746094669023 0.01992399176091476 0.0833333333332895
0.05706687613965642 0.0164324719741162 0.08333333333328952
0.05863725299657143 0.04393905962870301 0.06666666666658086
0.04979742761263842 0.03630894071294686 0.06666666666658264
0.05390812359926203 0.02654818801026144 0.06666666666658083
0.06247534283318897 0.03202026652817401 0.06666666666657997
0.05863725299684777 0.04393905962830412 0.08333333333328313
0.04979742761319367 0.03630894071215075 0.08333333333327678
0.05389962412374492 0.02656645843012481 0.08333333333328313
0.06247109309542891 0.0320294017381051 0.0833333333332863
0.05706687610111895 -0.01585433300159481 0.04999999999986856
0.06583746091051977 -0.01876771366321427 0.04999999999986855
0.05706687610112057 -0.01585433300159726 0.01666666666662285
0.06583746091052385 -0.01876771366321619 0.01666666666662285
0.0658374609105218 -0.01876771366321522 0.0333333333332457
0.05706687610111977 -0.01585433300159603 0.0333333333332457
0.06634128902873948 0.007048914522665114 0.04999999999986857
0.05807453231501829 0.005714519455131666 0.04999999999986857
0.05807453230223693 -0.005136380483460498 0.04999999999986857
0.06634128901671378 -0.00589263642538904 0.04999999999986855
0.06634172480239892 0.00704395070003172 0.01666666666662285
0.05807540386233053 0.005704591809864405 0.01666666666662285
0.05807540384730318 -0.005126452864173639 0.01666666666662285
0.06634172478925018 -0.005887672615745841 0.01666666666662285
0.06634150710107647 0.007046432627634087 0.0333333333332457
0.05807496845968896 0.005709555665069367 0.0333333333332457
0.05807496844578262 -0.005131416706388245 0.03333333333324571
0.06634150708848828 -0.005890154536853025 0.0333333333332457
0.05706687610111813 -0.01585433300159357 0.06666666666657903
0.06583746091051774 -0.01876771366321329 0.06666666666657904
0.06583746091051572 -0.01876771366321232 0.0833333333332895
0.05706687610111731 -0.01585433300159236 0.08333333333328952
0.06634150710106393 0.007046432627726709 0.06666666666657908
0.05807496845967046 0.005709555665255071 0.06666666666657906
0.0580749684458355 -0.00513141670576119 0.06666666666657901
0.06634150708851143 -0.00589015453653926 0.06666666666657906
0.0663417248023738 0.007043950700216959 0.08333333333328953
0.05807540386229357 0.005704591810235804 0.08333333333328952
0.0580754038474087 -0.005126452862919515 0.0833333333332895
0.06634172478929637 -0.005887672615118298 0.08333333333328947
0.06247958702588549 -0.03085485058900658 0.04999999999986856
0.05391661200719235 -0.02595177339682578 0.04999999999986857
0.04979742758818207 -0.03573080164020551 0.04999999999986855
0.05863725297870937 -0.04278278143887328 0.04999999999986856
0.06247109306799653 -0.03087312358817988 0.01666666666662395
0.05389962409140649 -0.02598831939516785 0.01666666666662506
0.04979742758819566 -0.03573080164020487 0.01666666666662727
0.05863725297872086 -0.04278278143887675 0.01666666666662506
0.06247534280854116 -0.03086398837228591 0.03333333333324625
0.05390812357249974 -0.02597004896338219 0.0333333333332468
0.04979742758818886 -0.03573080164020517 0.03333333333324792
0.05863725297871511 -0.04278278143887502 0.0333333333332468
0.06247534280822596 -0.03086398837294442 0.06666666666657992
0.05390812357187744 -0.02597004896470397 0.0666666666665808
0.04979742758894967 -0.03573080163909657 0.06666666666658258
0.05863725297909063 -0.04278278143831667 0.06666666666658085
0.06247109306736529 -0.03087312358949651 0.0833333333332863
0.0538996240901603 -0.02598831939781064 0.08333333333328316
0.04979742758971727 -0.03573080163798766 0.08333333333327679
0.05863725297947184 -0.04278278143776007 0.08333333333328313
3 4 0 440
267
268
269
270
271
272
3712
3713
3714
3715
3716
3717
3718
3719
3720
3721
3722
3723
3724
3725
3726
3727
3728
3729
3730
3731
3732
3733
3734
3735
3736
3737
3738
3739
3740
3741
3742
3743
3744
3745
3746
3747
3748
3749
3750
3751
3752
3753
3754
3755
3756
3757
3758
3759
3760
3761
3762
3763
3764
3765
3766
3767
3768
3769
3770
3771
3772
3773
3774
3775
3776
3777
3778
3779
3780
3781
3782
3783
3784
3785
3786
3787
3788
3789
3790
3791
3792
3793
3794
3795
3796
3797
3798
3799
3800
3801
3802
3803
3804
3805
3806
3807
3808
3809
3810
3811
3812
3813
3814
3815
3816
3817
3818
3819
3820
3821
3822
3823
3824
3825
3826
3827
3828
3829
3830
3831
3832
3833
3834
3835
3836
3837
3838
3839
3840
3841
3842
3843
3844
3845
3846
3847
3848
3849
3850
3851
3852
3853
3854
3855
3856
3857
3858
3859
3860
3861
3862
3863
3864
3865
3866
3867
3868
3869
3870
3871
3872
3873
3874
3875
3876
3877
3878
3879
3880
3881
3882
3883
3884
3885
3886
3887
3888
3889
3890
3891
3892
3893
3894
3895
3896
3897
3898
3899
3900
3901
3902
3903
3904
3905
3906
3907
3908
3909
3910
3911
3912
3913
3914
3915
3916
3917
3918
3919
3920
3921
3922
3923
3924
3925
3926
3927
3928
3929
3930
3931
3932
3933
3934
3935
3936
3937
3938
3939
3940
3941
3942
3943
3944
3945
3946
3947
3948
3949
3950
3951
3952
3953
3954
3955
3956
3957
3958
3959
3960
3961
3962
3963
3964
3965
3966
3967
3968
3969
3970
3971
3972
3973
3974
3975
3976
3977
3978
3979
3980
3981
3982
3983
3984
3985
3986
3987
3988
3989
3990
3991
3992
3993
3994
3995
3996
3997
3998
3999
4000
4001
4002
4003
4004
4005
4006
4007
4008
4009
4010
4011
4012
4013
4014
4015
4016
4017
4018
4019
4020
4021
4022
4023
4024
4025
4026
4027
4028
4029
4030
4031
4032
4033
4034
4035
4036
4037
4038
4039
4040
4041
4042
4043
4044
4045
4046
4047
4048
4049
4050
4051
4052
4053
4054
4055
4056
4057
4058
4059
4060
4061
4062
4063
4064
4065
4066
4067
4068
4069
4070
4071
4072
4073
4074
4075
4076
4077
4078
4079
4080
4081
4082
4083
4084
4085
4086
4087
4088
4089
4090
4091
4092
4093
4094
4095
4096
4097
4098
4099
4100
4101
4102
4103
4104
4105
4106
4107
4108
4109
4110
4111
4112
4113
4114
4115
4116
4117
4118
4119
4120
4121
4122
4123
4124
4125
4126
4127
4128
4129
4130
4131
4132
4133
4134
4135
4136
4137
4138
4139
4140
4141
4142
4143
4144
4145
0.02225923331508775 -0.07460804575373049 0.04999999999986857
0.03390708470929983 -0.1074977387363472 0.04999999999986858
0.04846689896433767 -0.1486098549992722 0.04999999999986858
-0.02225923344114089 -0.07460804571992055 0.04999999999986858
-0.03390708480209735 -0.1074977387114054 0.04999999999986857
-0.04846689901556567 -0.1486098549854156 0.04999999999986857
0.02225923331508542 -0.07460804575372298 0.08333333333328954
0.02225923331508658 -0.07460804575372673 0.06666666666657906
0.01915313960583107 -0.06583746094669454 0.04999999999986857
0.01604704589657438 -0.05706687613965856 0.04999999999986857
0.03614335377469007 -0.07104256206711856 0.04999999999986857
0.05002747423429237 -0.06747707838050662 0.04999999999986857
0.01915313960582949 -0.06583746094668953 0.08333333333328954
0.01604704589657357 -0.05706687613965607 0.08333333333328952
0.01604704589657397 -0.05706687613965732 0.06666666666657906
0.01915313960583027 -0.06583746094669204 0.06666666666657906
0.03614335377468578 -0.07104256206711082 0.08333333333328953
0.03614335377468792 -0.07104256206711469 0.06666666666657906
0.05002747423428926 -0.06747707838050264 0.06666666666657904
0.05002747423428613 -0.06747707838049866 0.08333333333328953
0.03113920686466656 -0.06246683783528277 0.04999999999986858
0.02613505995464305 -0.05389111360344695 0.04999999999986857
0.0358445272204078 -0.04976270886224589 0.04999999999986857
0.04293600072735009 -0.05861989362137626 0.04999999999986857
0.03113920686358562 -0.06246683783577636 0.08333333333328638
0.02613505995248674 -0.05389111360444322 0.08333333333328315
0.03581154225160976 -0.04978586466943673 0.08333333333327676
0.04291950824294665 -0.05863147152496639 0.08333333333328319
0.03113920686412608 -0.06246683783552958 0.06666666666657994
0.02613505995356488 -0.05389111360394511 0.06666666666658085
0.03582803823554852 -0.04977429175086331 0.06666666666658261
0.04292775623491825 -0.05862568506568235 0.06666666666658083
0.0222592333150889 -0.07460804575373425 0.03333333333324572
0.02225923331509005 -0.07460804575373801 0.01666666666662286
0.01915313960583184 -0.06583746094669704 0.03333333333324572
0.01604704589657478 -0.05706687613965981 0.03333333333324571
0.01604704589657517 -0.05706687613966106 0.01666666666662285
0.01915313960583261 -0.06583746094669954 0.01666666666662286
0.03614335377469219 -0.07104256206712242 0.03333333333324572
0.03614335377469431 -0.07104256206712627 0.01666666666662286
0.05002747423429858 -0.06747707838051456 0.01666666666662285
0.05002747423429547 -0.06747707838051059 0.03333333333324571
0.03113920686480377 -0.06246683783522332 0.03333333333324628
0.02613505995491487 -0.05389111360332378 0.03333333333324681
0.03582803823756936 -0.04977429174946033 0.03333333333324792
0.04292775623593286 -0.05862568506498591 0.03333333333324683
0.03113920686494093 -0.0624668378351639 0.01666666666662397
0.02613505995518671 -0.05389111360320063 0.01666666666662506
0.03581154225565317 -0.04978586466663314 0.01666666666662728
0.04291950824497673 -0.05863147152357472 0.01666666666662506
0.0339070847092961 -0.1074977387363343 0.08333333333328954
0.03390708470929796 -0.1074977387363407 0.06666666666657906
0.03002446757789581 -0.09653450774214162 0.04999999999986858
0.02614185044649178 -0.08557127674793605 0.04999999999986858
0.05580702786940056 -0.1048674638874321 0.04999999999986857
0.07770697102950128 -0.1022371890385171 0.04999999999986857
0.03002446757789254 -0.09653450774213054 0.08333333333328954
0.02614185044648898 -0.08557127674792675 0.08333333333328954
0.02614185044649037 -0.08557127674793139 0.06666666666657906
0.03002446757789417 -0.09653450774213607 0.06666666666657906
0.0558070278693934 -0.1048674638874189 0.08333333333328953
0.05580702786939698 -0.1048674638874255 0.06666666666657906
0.07770697102949597 -0.1022371890385102 0.06666666666657904
0.0777069710294907 -0.1022371890385034 0.08333333333328953
0.0492524698378304 -0.0935924966139943 0.04999999999986858
0.04269791180626023 -0.08231752934055643 0.04999999999986858
0.05925397316602866 -0.07906378193317677 0.04999999999986857
0.06848047209776498 -0.09065048548584691 0.04999999999986857
0.04925246983782575 -0.09359249661398446 0.08333333333328952
0.04269791180625861 -0.08231752934055048 0.08333333333328952
0.05925397316602819 -0.07906378193317415 0.08333333333328953
0.06848047209775901 -0.09065048548583832 0.0833333333332895
0.04925246983782807 -0.09359249661398936 0.06666666666657906
0.04269791180625943 -0.08231752934055342 0.06666666666657906
0.05925397316602844 -0.07906378193317547 0.06666666666657906
0.06848047209776198 -0.09065048548584261 0.06666666666657906
0.0339070847093017 -0.1074977387363536 0.03333333333324572
0.03390708470930357 -0.1074977387363601 0.01666666666662286
0.03002446757789744 -0.09653450774214718 0.03333333333324573
0.02614185044649317 -0.08557127674794071 0.03333333333324572
0.02614185044649455 -0.08557127674794536 0.01666666666662286
0.03002446757789906 -0.09653450774215272 0.01666666666662286
0.05580702786940415 -0.1048674638874388 0.03333333333324572
0.05580702786940772 -0.1048674638874454 0.01666666666662286
0.07770697102951186 -0.1022371890385307 0.01666666666662285
0.07770697102950658 -0.1022371890385239 0.03333333333324571
0.04925246983783213 -0.09359249661399865 0.03333333333324574
0.04269791180626317 -0.08231752934056155 0.03333333333324572
0.05925397316603315 -0.07906378193318232 0.03333333333324571
0.06848047209776684 -0.0906504854858501 0.03333333333324572
0.04925246983783387 -0.093592496614003 0.01666666666662287
0.04269791180626609 -0.08231752934056659 0.01666666666662286
0.05925397316603755 -0.07906378193318786 0.01666666666662285
0.06848047209776871 -0.09065048548585324 0.01666666666662286
0.04846689896433956 -0.1486098549992734 0.08333333333328954
0.04846689896433862 -0.1486098549992728 0.06666666666657906
0.04361362754599173 -0.1349058162449638 0.04999999999986858
0.03876035612764578 -0.1212017774906555 0.04999999999986858
0.08038662050850728 -0.1471485911984636 0.04999999999986857
0.1123063420526769 -0.1456873273976551 0.04999999999986857
0.04361362754599173 -0.1349058162449603 0.08333333333328954
0.03876035612764392 -0.1212017774906473 0.08333333333328954
0.03876035612764484 -0.1212017774906514 0.06666666666657906
0.04361362754599173 -0.1349058162449621 0.06666666666657906
0.08038662050850898 -0.1471485911984649 0.08333333333328953
0.08038662050850813 -0.1471485911984642 0.06666666666657906
0.1123063420526776 -0.1456873273976557 0.06666666666657904
0.1123063420526784 -0.1456873273976563 0.08333333333328953
0.07219342296213838 -0.1330548820947864 0.04999999999986857
0.06400022541576947 -0.1189611729911093 0.04999999999986858
0.08924009470389313 -0.116720568491563 0.04999999999986857
0.100773218378285 -0.131203947944609 0.04999999999986857
0.07219342296214556 -0.1330548820947913 0.08333333333328952
0.06400022541577809 -0.1189611729911137 0.08333333333328952
0.08924009470391225 -0.11672056849158 0.08333333333328953
0.1007732183782994 -0.1312039479446222 0.0833333333332895
0.072193422962142 -0.1330548820947888 0.06666666666657906
0.06400022541577374 -0.1189611729911114 0.06666666666657906
0.08924009470390265 -0.1167205684915715 0.06666666666657906
0.1007732183782922 -0.1312039479446157 0.06666666666657906
0.04846689896433674 -0.1486098549992716 0.03333333333324572
0.04846689896433581 -0.148609854999271 0.01666666666662286
0.04361362754599173 -0.1349058162449656 0.03333333333324572
0.03876035612764671 -0.1212017774906596 0.03333333333324572
0.03876035612764765 -0.1212017774906637 0.01666666666662286
0.04361362754599173 -0.1349058162449673 0.01666666666662286
0.08038662050850645 -0.147148591198463 0.03333333333324572
0.08038662050850562 -0.1471485911984624 0.01666666666662286
0.1123063420526754 -0.1456873273976538 0.01666666666662285
0.1123063420526761 -0.1456873273976544 0.03333333333324571
0.07219342296214477 -0.133054882094794 0.03333333333324573
0.0640002254157775 -0.1189611729911194 0.03333333333324573
0.08924009470390822 -0.1167205684915792 0.03333333333324571
0.1007732183782978 -0.1312039479446224 0.03333333333324571
0.07219342296215116 -0.1330548820948015 0.01666666666662286
0.06400022541578554 -0.1189611729911295 0.01666666666662286
0.08924009470392344 -0.1167205684915954 0.01666666666662285
0.1007732183783106 -0.1312039479446357 0.01666666666662285
0.06060007743277887 -0.1828699516664241 0.04999999999986857
0.05453348819855827 -0.1657399033328481 0.04999999999986857
0.06060007743278098 -0.1828699516664245 0.08333333333328954
0.05453348819856027 -0.1657399033328489 0.08333333333328954
0.05453348819855929 -0.1657399033328485 0.06666666666657904
0.06060007743277993 -0.1828699516664243 0.06666666666657904
0.1008696142437244 -0.1823828637328213 0.04999999999986857
0.09062811737611587 -0.1647657274656424 0.04999999999986857
0.1267227465536734 -0.1637915515984367 0.04999999999986857
0.14113915105467 -0.1818957757992184 0.04999999999986857
0.100869614243723 -0.1823828637328226 0.08333333333328316
0.09062811737611659 -0.1647657274656444 0.08333333333328637
0.126722746553674 -0.1637915515984398 0.08333333333328315
0.1411391510546673 -0.1818957757992208 0.08333333333327679
0.1008696142437237 -0.182382863732822 0.06666666666658083
0.0906281173761162 -0.1647657274656434 0.06666666666657996
0.1267227465536737 -0.1637915515984383 0.06666666666658083
0.1411391510546686 -0.1818957757992197 0.06666666666658261
0.06060007743277782 -0.1828699516664239 0.0333333333332457
0.05453348819855729 -0.1657399033328477 0.03333333333324572
0.05453348819855629 -0.1657399033328473 0.01666666666662286
0.06060007743277677 -0.1828699516664237 0.01666666666662285
0.1008696142437178 -0.1823828637328196 0.03333333333324681
0.09062811737611019 -0.1647657274656393 0.03333333333324627
0.1267227465536643 -0.1637915515984307 0.03333333333324681
0.1411391510546603 -0.181895775799215 0.03333333333324792
0.1008696142437112 -0.1823828637328177 0.01666666666662506
0.09062811737610454 -0.1647657274656362 0.01666666666662397
0.1267227465536553 -0.163791551598425 0.01666666666662506
0.1411391510546507 -0.1818957757992117 0.01666666666662727
-0.02225923344114034 -0.07460804571991367 0.08333333333328954
-0.02225923344114061 -0.07460804571991711 0.06666666666657906
-0.01915313974075238 -0.06583746091051974 0.04999999999986857
-0.01604704604036387 -0.05706687610111893 0.04999999999986857
-0.007419744522398011 -0.07460804573119054 0.04999999999986858
0.007419744396344869 -0.07460804574246052 0.04999999999986858
-0.01915313974075102 -0.06583746091051543 0.08333333333328953
-0.01604704604036171 -0.05706687610111717 0.08333333333328952
-0.01604704604036278 -0.05706687610111805 0.06666666666657904
-0.0191531397407517 -0.06583746091051758 0.06666666666657906
-0.007419744522398423 -0.07460804573118346 0.08333333333328954
-0.007419744522398216 -0.07460804573118697 0.06666666666657906
0.007419744396344182 -0.07460804574245686 0.06666666666657906
0.007419744396343494 -0.07460804574245321 0.08333333333328954
-0.006429200664236361 -0.06633928044777002 0.04999999999986858
-0.005438656806074714 -0.05807051516434949 0.04999999999986858
0.005438656714820949 -0.05807051517250373 0.04999999999986857
0.00642920055558291 -0.06633928045748214 0.04999999999986859
-0.006409128822413764 -0.0663410609624282 0.08333333333328952
-0.005398513122429111 -0.05807407619367293 0.08333333333328949
0.00539851297123173 -0.05807407620704791 0.08333333333328947
0.006409128683787612 -0.06634106097475057 0.08333333333328956
-0.006419165012414171 -0.06634017373855569 0.06666666666657906
-0.005418585502430124 -0.05807230174592441 0.06666666666657907
0.005418585381206146 -0.05807230175670717 0.06666666666657903
0.006419164888775159 -0.06634017374958202 0.06666666666657906
-0.02225923344114116 -0.07460804571992398 0.03333333333324572
-0.02225923344114143 -0.07460804571992741 0.01666666666662286
-0.01915313974075305 -0.06583746091052187 0.03333333333324572
-0.01604704604036494 -0.0570668761011198 0.03333333333324571
-0.01604704604036602 -0.05706687610112067 0.01666666666662285
-0.01915313974075372 -0.06583746091052403 0.01666666666662286
-0.007419744522397806 -0.07460804573119408 0.03333333333324573
-0.007419744522397602 -0.07460804573119761 0.01666666666662286
0.007419744396346222 -0.07460804574246782 0.01666666666662286
0.007419744396345546 -0.07460804574246419 0.03333333333324572
-0.006419165012727315 -0.06634017373853261 0.03333333333324573
-0.005418585503056827 -0.05807230174587116 0.03333333333324572
0.005418585381020767 -0.0580723017567261 0.03333333333324571
0.006419164888683152 -0.06634017374959511 0.03333333333324572
-0.006409128823040089 -0.06634106096238238 0.01666666666662286
-0.005398513123682582 -0.05807407619356718 0.01666666666662286
0.00539851297086096 -0.05807407620708556 0.01666666666662285
0.006409128683603592 -0.06634106097477666 0.01666666666662286
-0.03390708480210126 -0.107497738711393 0.08333333333328954
-0.03390708480209931 -0.1074977387113992 0.06666666666657906
-0.03002446768177853 -0.09653450771424382 0.04999999999986858
-0.02614185056145971 -0.08557127671708219 0.04999999999986858
-0.01130236163163163 -0.1074977387197194 0.04999999999986858
0.0113023615388341 -0.1074977387280333 0.04999999999986858
-0.03002446768178096 -0.09653450771423322 0.08333333333328956
-0.02614185056146065 -0.08557127671707343 0.08333333333328954
-0.02614185056146018 -0.08557127671707782 0.06666666666657906
-0.03002446768177974 -0.09653450771423852 0.06666666666657906
-0.01130236163163547 -0.1074977387197068 0.08333333333328954
-0.01130236163163355 -0.1074977387197131 0.06666666666657906
0.0113023615388322 -0.1074977387280269 0.06666666666657906
0.01130236153883031 -0.1074977387280205 0.08333333333328954
-0.01000815592855375 -0.09653450772354309 0.04999999999986858
-0.008713950225475883 -0.08557127672736682 0.04999999999986858
0.008713950110507946 -0.08557127673765144 0.04999999999986858
0.01000815582467103 -0.09653450773284235 0.04999999999986858
-0.01000815592855646 -0.09653450772353231 0.08333333333328954
-0.008713950225477437 -0.0855712767273579 0.08333333333328952
0.008713950110505762 -0.08557127673764232 0.08333333333328954
0.01000815582466803 -0.09653450773283147 0.08333333333328952
-0.0100081559285551 -0.09653450772353769 0.06666666666657903
-0.008713950225476663 -0.08557127672736231 0.06666666666657903
0.00871395011050685 -0.08557127673764686 0.06666666666657906
0.01000815582466952 -0.09653450773283685 0.06666666666657906
-0.03390708480209539 -0.1074977387114117 0.03333333333324572
-0.03390708480209344 -0.1074977387114179 0.01666666666662286
-0.03002446768177731 -0.0965345077142491 0.03333333333324573
-0.02614185056145923 -0.08557127671708653 0.03333333333324572
-0.02614185056145876 -0.08557127671709089 0.01666666666662286
-0.0300244676817761 -0.09653450771425438 0.01666666666662286
-0.0113023616316297 -0.1074977387197256 0.03333333333324573
-0.01130236163162777 -0.1074977387197319 0.01666666666662286
0.0113023615388379 -0.107497738728046 0.01666666666662286
0.011302361538836 -0.1074977387280396 0.03333333333324572
-0.0100081559285524 -0.09653450772354844 0.03333333333324572
-0.008713950225475097 -0.08557127672737125 0.03333333333324573
0.008713950110509038 -0.08557127673765601 0.03333333333324572
0.01000815582467252 -0.09653450773284782 0.03333333333324572
-0.01000815592855104 -0.09653450772355385 0.01666666666662286
-0.008713950225474325 -0.08557127672737569 0.01666666666662286
0.008713950110510115 -0.08557127673766057 0.01666666666662286
0.01000815582467401 -0.0965345077328533 0.01666666666662286
-0.04846689901558252 -0.1486098549854171 0.08333333333328954
-0.04846689901557409 -0.1486098549854163 0.06666666666657906
-0.04361362761107623 -0.1349058162274122 0.04999999999986858
-0.03876035620658679 -0.1212017774694088 0.04999999999986858
-0.01615563302226456 -0.1486098549900345 0.04999999999986858
0.01615563297103656 -0.1486098549946533 0.04999999999986858
-0.04361362761108877 -0.134905816227409 0.08333333333328956
-0.03876035620659501 -0.121201777469401 0.08333333333328954
-0.03876035620659089 -0.1212017774694049 0.06666666666657906
-0.0436136276110825 -0.1349058162274106 0.06666666666657906
-0.01615563302227517 -0.1486098549900358 0.08333333333328954
-0.01615563302226986 -0.1486098549900352 0.06666666666657906
0.01615563297103437 -0.148609854994654 0.06666666666657906
0.01615563297103219 -0.1486098549946546 0.08333333333328954
-0.01453787589205358 -0.1349058162332628 0.04999999999986858
-0.0129201187618426 -0.1212017774764911 0.04999999999986858
0.01292011868290159 -0.1212017774835733 0.04999999999986858
0.01453787582696907 -0.1349058162391133 0.04999999999986858
-0.01453787589206195 -0.1349058162332595 0.08333333333328954
-0.01292011876184871 -0.1212017774764831 0.08333333333328952
0.0129201186828976 -0.1212017774835652 0.08333333333328954
0.0145378758269649 -0.1349058162391099 0.08333333333328952
-0.01453787589205776 -0.1349058162332611 0.06666666666657903
-0.01292011876184566 -0.1212017774764871 0.06666666666657903
0.0129201186828996 -0.1212017774835692 0.06666666666657906
0.01453787582696699 -0.1349058162391116 0.06666666666657906
-0.04846689901555724 -0.1486098549854149 0.03333333333324572
-0.04846689901554881 -0.1486098549854142 0.01666666666662286
-0.04361362761106997 -0.1349058162274138 0.03333333333324573
-0.03876035620658268 -0.1212017774694127 0.03333333333324573
-0.03876035620657856 -0.1212017774694166 0.01666666666662286
-0.04361362761106369 -0.1349058162274154 0.01666666666662286
-0.01615563302225925 -0.1486098549900338 0.03333333333324573
-0.01615563302225393 -0.1486098549900331 0.01666666666662286
0.01615563297104092 -0.148609854994652 0.01666666666662286
0.01615563297103874 -0.1486098549946527 0.03333333333324572
-0.01453787589204941 -0.1349058162332644 0.03333333333324572
-0.01292011876183955 -0.121201777476495 0.03333333333324574
0.01292011868290358 -0.1212017774835773 0.03333333333324573
0.01453787582697116 -0.134905816239115 0.03333333333324572
-0.01453787589204522 -0.134905816233266 0.01666666666662286
-0.01292011876183649 -0.121201777476499 0.01666666666662287
0.01292011868290558 -0.1212017774835813 0.01666666666662286
0.01453787582697325 -0.1349058162391167 0.01666666666662286
-0.06060007744936557 -0.1828699516618052 0.04999999999986857
-0.05453348823246562 -0.1657399033236104 0.04999999999986857
-0.06060007744938881 -0.1828699516618057 0.08333333333328954
-0.05453348823248567 -0.1657399033236114 0.08333333333328954
-0.05453348823247561 -0.1657399033236109 0.06666666666657904
-0.06060007744937716 -0.1828699516618055 0.06666666666657906
-0.0202000258219841 -0.1828699516633449 0.04999999999986858
-0.01817782942212432 -0.1657399033266897 0.04999999999986857
0.01817782938821697 -0.1657399033297689 0.04999999999986857
0.02020002580539738 -0.1828699516648845 0.04999999999986857
-0.02020002582195171 -0.1828699516633453 0.08333333333328952
-0.01817782942211344 -0.1657399033266905 0.08333333333328953
0.01817782938823926 -0.1657399033297697 0.08333333333328953
0.02020002580544633 -0.1828699516648848 0.08333333333328954
-0.02020002582196784 -0.182869951663345 0.06666666666657908
-0.01817782942211884 -0.1657399033266901 0.06666666666657904
0.01817782938822813 -0.1657399033297693 0.06666666666657903
0.02020002580542186 -0.1828699516648846 0.06666666666657904
-0.06060007744935396 -0.182869951661805 0.03333333333324572
-0.0545334882324556 -0.1657399033236099 0.03333333333324572
-0.05453348823244557 -0.1657399033236094 0.01666666666662286
-0.06060007744934233 -0.1828699516618048 0.01666666666662286
-0.02020002582194905 -0.1828699516633446 0.03333333333324572
-0.01817782942210414 -0.1657399033266894 0.03333333333324572
0.01817782938823386 -0.1657399033297685 0.03333333333324572
0.02020002580542896 -0.1828699516648842 0.03333333333324572
-0.02020002582191406 -0.1828699516633444 0.01666666666662286
-0.01817782942208398 -0.1657399033266887 0.01666666666662286
0.01817782938825074 -0.165739903329768 0.01666666666662286
0.02020002580546056 -0.182869951664884 0.01666666666662286
-0.05002747427631009 -0.06747707836923664 0.04999999999986857
-0.03614335385872548 -0.07104256204457859 0.04999999999986857
-0.05002747427630445 -0.06747707836922889 0.08333333333328954
-0.05002747427630728 -0.06747707836923275 0.06666666666657904
-0.03614335385872394 -0.07104256204457493 0.06666666666657904
-0.03614335385872239 -0.07104256204457128 0.08333333333328952
-0.04293600077560049 -0.05861989359963695 0.04999999999986858
-0.03584452727489087 -0.04976270883003726 0.04999999999986857
-0.02613506004631506 -0.05389111356624837 0.04999999999986857
-0.03113920695252027 -0.06246683780541349 0.04999999999986857
-0.04291950828698766 -0.05863147150621529 0.08333333333328316
-0.03581154229767348 -0.04978586464320427 0.08333333333327678
-0.02613506004787079 -0.05389111356551406 0.08333333333328315
-0.03113920695329593 -0.062466837805042 0.08333333333328632
-0.04292775628106484 -0.05862568504543837 0.06666666666658086
-0.03582803828582371 -0.04977429172164531 0.06666666666658264
-0.02613506004709292 -0.0538911135658812 0.0666666666665808
-0.0311392069529081 -0.06246683780522773 0.06666666666657994
-0.0500274742763129 -0.06747707836924051 0.0333333333332457
-0.05002747427631571 -0.06747707836924437 0.01666666666662285
-0.03614335385872856 -0.07104256204458588 0.01666666666662286
-0.03614335385872702 -0.07104256204458224 0.03333333333324572
-0.04292775628162256 -0.05862568504506231 0.03333333333324683
-0.03582803828693127 -0.04977429172088323 0.03333333333324793
-0.0261350600457717 -0.05389111356650522 0.03333333333324682
-0.03113920695224958 -0.06246683780554391 0.03333333333324627
-0.04291950828810349 -0.05863147150546373 0.01666666666662507
-0.03581154229988958 -0.04978586464168143 0.01666666666662729
-0.02613506004522836 -0.05389111356676199 0.01666666666662507
-0.03113920695197887 -0.06246683780567436 0.01666666666662396
-0.0777069710604338 -0.1022371890302032 0.04999999999986857
-0.05580702793126557 -0.1048674638708043 0.04999999999986857
-0.07770697106042576 -0.1022371890301897 0.08333333333328954
-0.07770697106042979 -0.1022371890301964 0.06666666666657906
-0.05580702793126455 -0.1048674638707978 0.06666666666657904
-0.05580702793126352 -0.1048674638707913 0.08333333333328954
-0.06848047213239257 -0.09065048547654767 0.04999999999986858
-0.05925397320435132 -0.07906378192289215 0.04999999999986857
-0.04269791188290552 -0.08231752931998718 0.04999999999986857
-0.04925246990708555 -0.09359249659539574 0.04999999999986857
-0.0684804721323885 -0.09065048547653923 0.08333333333328954
-0.05925397320435211 -0.07906378192288974 0.08333333333328952
-0.04269791188290638 -0.08231752931998153 0.08333333333328953
-0.04925246990708473 -0.09359249659538625 0.08333333333328956
-0.06848047213239053 -0.09065048547654346 0.06666666666657908
-0.05925397320435172 -0.07906378192289094 0.06666666666657907
-0.04269791188290596 -0.08231752931998443 0.06666666666657906
-0.04925246990708516 -0.09359249659539097 0.06666666666657903
-0.07770697106043781 -0.1022371890302099 0.03333333333324572
-0.07770697106044182 -0.1022371890302166 0.01666666666662286
-0.05580702793126764 -0.1048674638708172 0.01666666666662286
-0.05580702793126661 -0.1048674638708108 0.03333333333324572
-0.06848047213239346 -0.0906504854765507 0.03333333333324572
-0.05925397320435517 -0.07906378192289759 0.03333333333324572
-0.0426979118829072 -0.08231752931999209 0.03333333333324573
-0.0492524699070854 -0.09359249659539989 0.03333333333324572
-0.0684804721323944 -0.0906504854765538 0.01666666666662286
-0.05925397320435896 -0.07906378192290302 0.01666666666662286
-0.04269791188290888 -0.08231752931999696 0.01666666666662286
-0.04925246990708525 -0.09359249659540414 0.01666666666662286
-0.1123063420697529 -0.1456873273930362 0.04999999999986857
-0.08038662054265927 -0.1471485911892259 0.04999999999986857
-0.1123063420697593 -0.1456873273930375 0.08333333333328954
-0.1123063420697561 -0.1456873273930369 0.06666666666657906
-0.08038662054266511 -0.1471485911892266 0.06666666666657904
-0.08038662054267096 -0.1471485911892273 0.08333333333328954
-0.1007732183999798 -0.1312039479387585 0.04999999999986858
-0.08924009473020683 -0.1167205684844808 0.04999999999986858
-0.0640002254683968 -0.1189611729769448 0.04999999999986857
-0.07219342300552804 -0.1330548820830854 0.04999999999986857
-0.1007732183999984 -0.1312039479387717 0.08333333333328954
-0.08924009473022927 -0.116720568484498 0.08333333333328952
-0.06400022546841216 -0.1189611729769494 0.08333333333328956
-0.07219342300554361 -0.1330548820830904 0.08333333333328956
-0.1007732183999891 -0.1312039479387652 0.06666666666657908
-0.08924009473021807 -0.1167205684844894 0.06666666666657908
-0.06400022546840445 -0.1189611729769472 0.06666666666657906
-0.07219342300553584 -0.1330548820830879 0.06666666666657903
-0.1123063420697496 -0.1456873273930355 0.03333333333324572
-0.1123063420697464 -0.1456873273930349 0.01666666666662286
-0.08038662054264761 -0.1471485911892245 0.01666666666662286
-0.08038662054265344 -0.1471485911892252 0.03333333333324572
-0.1007732183999905 -0.1312039479387718 0.03333333333324573
-0.08924009473022024 -0.1167205684844969 0.03333333333324572
-0.06400022546840146 -0.1189611729769549 0.03333333333324572
-0.07219342300553024 -0.1330548820830929 0.03333333333324572
-0.1007732184000012 -0.1312039479387851 0.01666666666662286
-0.08924009473023368 -0.116720568484513 0.01666666666662286
-0.06400022546840614 -0.1189611729769649 0.01666666666662286
-0.07219342300553246 -0.1330548820831003 0.01666666666662286
-0.1411391510601989 -0.1818957757976788 0.04999999999986857
-0.1267227465649759 -0.1637915515953575 0.04999999999986857
-0.09062811739872076 -0.164765727459484 0.04999999999986857
-0.1008696142547822 -0.182382863729742 0.04999999999986857
-0.1411391510602213 -0.1818957757976813 0.0833333333332768
-0.1267227465649916 -0.1637915515953606 0.08333333333328316
-0.09062811739874438 -0.164765727459486 0.08333333333328637
-0.1008696142548166 -0.1823828637297435 0.08333333333328319
-0.1411391510602101 -0.18189577579768 0.06666666666658264
-0.1267227465649837 -0.1637915515953591 0.06666666666658085
-0.09062811739873258 -0.164765727459485 0.06666666666657994
-0.1008696142547994 -0.1823828637297427 0.0666666666665808
-0.141139151060182 -0.1818957757976754 0.03333333333324795
-0.126722746564962 -0.1637915515953516 0.03333333333324683
-0.0906281173987088 -0.1647657274594807 0.03333333333324628
-0.1008696142547681 -0.1823828637297402 0.03333333333324683
-0.1411391510601654 -0.1818957757976721 0.01666666666662728
-0.1267227465649481 -0.1637915515953456 0.01666666666662507
-0.09062811739869694 -0.1647657274594776 0.01666666666662396
-0.1008696142547539 -0.1823828637297384 0.01666666666662506
3 5 0 1040
273
274
275
276
277
278
279
280
281
282
283
284
285
286
287
288
4146
4147
4148
4149
4150
4151
4152
4153
4154
4155
4156
4157
4158
4159
4160
4161
4162
4163
4164
4165
4166
4167
4168
4169
4170
4171
4172
4173
4174
4175
4176
4177
4178
4179
4180
4181
4182
4183
4184
4185
4186
4187
4188
4189
4190
4191
4192
4193
4194
4195
4196
4197
4198
4199
4200
4201
4202
4203
4204
4205
4206
4207
4208
4209
4210
4211
4212
4213
4214
4215
4216
4217
4218
4219
4220
4221
4222
4223
4224
4225
4226
4227
4228
4229
4230
4231
4232
4233
4234
4235
4236
4237
4238
4239
4240
4241
4242
4243
4244
4245
4246
4247
4248
4249
4250
4251
4252
4253
4254
4255
4256
4257
4258
4259
4260
4261
4262
4263
4264
4265
4266
4267
4268
4269
4270
4271
4272
4273
4274
4275
4276
4277
4278
4279
4280
4281
4282
4283
4284
4285
4286
4287
4288
4289
4290
4291
4292
4293
4294
4295
4296
4297
4298
4299
4300
4301
4302
4303
4304
4305
4306
4307
4308
4309
4310
4311
4312
4313
4314
4315
4316
4317
4318
4319
4320
4321
4322
4323
4324
4325
4326
4327
4328
4329
4330
4331
4332
4333
4334
4335
4336
4337
4338
4339
4340
4341
4342
4343
4344
4345
4346
4347
4348
4349
4350
4351
4352
4353
4354
4355
4356
4357
4358
4359
4360
4361
4362
4363
4364
4365
4366
4367
4368
4369
4370
4371
4372
4373
4374
4375
4376
4377
4378
4379
4380
4381
4382
4383
4384
4385
4386
4387
4388
4389
4390
4391
4392
4393
4394
4395
4396
4397
4398
4399
4400
4401
4402
4403
4404
4405
4406
4407
4408
4409
4410
4411
4412
4413
4414
4415
4416
4417
4418
4419
4420
4421
4422
4423
4424
4425
4426
4427
4428
4429
4430
4431
4432
4433
4434
4435
4436
4437
4438
4439
4440
4441
4442
4443
4444
4445
4446
4447
4448
4449
4450
4451
4452
4453
4454
4455
4456
4457
4458
4459
4460
4461
4462
4463
4464
4465
4466
4467
4468
4469
4470
4471
4472
4473
4474
4475
4476
4477
4478
4479
4480
4481
4482
4483
4484
4485
4486
4487
4488
4489
4490
4491
4492
4493
4494
4495
4496
4497
4498
4499
4500
4501
4502
4503
4504
4505
4506
4507
4508
4509
4510
4511
4512
4513
4514
4515
4516
4517
4518
4519
4520
4521
4522
4523
4524
4525
4526
4527
4528
4529
4530
4531
4532
4533
4534
4535
4536
4537
4538
4539
4540
4541
4542
4543
4544
4545
4546
4547
4548
4549
4550
4551
4552
4553
4554
4555
4556
4557
4558
4559
4560
4561
4562
4563
4564
4565
4566
4567
4568
4569
4570
4571
4572
4573
4574
4575
4576
4577
4578
4579
4580
4581
4582
4583
4584
4585
4586
4587
4588
4589
4590
4591
4592
4593
4594
4595
4596
4597
4598
4599
4600
4601
4602
4603
4604
4605
4606
4607
4608
4609
4610
4611
4612
4613
4614
4615
4616
4617
4618
4619
4620
4621
4622
4623
4624
4625
4626
4627
4628
4629
4630
4631
4632
4633
4634
4635
4636
4637
4638
4639
4640
4641
4642
4643
4644
4645
4646
4647
4648
4649
4650
4651
4652
4653
4654
4655
4656
4657
4658
4659
4660
4661
4662
4663
4664
4665
4666
4667
4668
4669
4670
4671
4672
4673
4674
4675
4676
4677
4678
4679
4680
4681
4682
4683
4684
4685
4686
4687
4688
4689
4690
4691
4692
4693
4694
4695
4696
4697
4698
4699
4700
4701
4702
4703
4704
4705
4706
4707
4708
4709
4710
4711
4712
4713
4714
4715
4716
4717
4718
4719
4720
4721
4722
4723
4724
4725
4726
4727
4728
4729
4730
4731
4732
4733
4734
4735
4736
4737
4738
4739
4740
4741
4742
4743
4744
4745
4746
4747
4748
4749
4750
4751
4752
4753
4754
4755
4756
4757
4758
4759
4760
4761
4762
4763
4764
4765
4766
4767
4768
4769
4770
4771
4772
4773
4774
4775
4776
4777
4778
4779
4780
4781
4782
4783
4784
4785
4786
4787
4788
4789
4790
4791
4792
4793
4794
4795
4796
4797
4798
4799
4800
4801
4802
4803
4804
4805
4806
4807
4808
4809
4810
4811
4812
4813
4814
4815
4816
4817
4818
4819
4820
4821
4822
4823
4824
4825
4826
4827
4828
4829
4830
4831
4832
4833
4834
4835
4836
4837
4838
4839
4840
4841
4842
4843
4844
4845
4846
4847
4848
4849
4850
4851
4852
4853
4854
4855
4856
4857
4858
4859
4860
4861
4862
4863
4864
4865
4866
4867
4868
4869
4870
4871
4872
4873
4874
4875
4876
4877
4878
4879
4880
4881
4882
4883
4884
4885
4886
4887
4888
4889
4890
4891
4892
4893
4894
4895
4896
4897
4898
4899
4900
4901
4902
4903
4904
4905
4906
4907
4908
4909
4910
4911
4912
4913
4914
4915
4916
4917
4918
4919
4920
4921
4922
4923
4924
4925
4926
4927
4928
4929
4930
4931
4932
4933
4934
4935
4936
4937
4938
4939
4940
4941
4942
4943
4944
4945
4946
4947
4948
4949
4950
4951
4952
4953
4954
4955
4956
4957
4958
4959
4960
4961
4962
4963
4964
4965
4966
4967
4968
4969
4970
4971
4972
4973
4974
4975
4976
4977
4978
4979
4980
4981
4982
4983
4984
4985
4986
4987
4988
4989
4990
4991
4992
4993
4994
4995
4996
4997
4998
4999
5000
5001
5002
5003
5004
5005
5006
5007
5008
5009
5010
5011
5012
5013
5014
5015
5016
5017
5018
5019
5020
5021
5022
5023
5024
5025
5026
5027
5028
5029
5030
5031
5032
5033
5034
5035
5036
5037
5038
5039
5040
5041
5042
5043
5044
5045
5046
5047
5048
5049
5050
5051
5052
5053
5054
5055
5056
5057
5058
5059
5060
5061
5062
5063
5064
5065
5066
5067
5068
5069
5070
5071
5072
5073
5074
5075
5076
5077
5078
5079
5080
5081
5082
5083
5084
5085
5086
5087
5088
5089
5090
5091
5092
5093
5094
5095
5096
5097
5098
5099
5100
5101
5102
5103
5104
5105
5106
5107
5108
5109
5110
5111
5112
5113
5114
5115
5116
5117
5118
5119
5120
5121
5122
5123
5124
5125
5126
5127
5128
5129
5130
5131
5132
5133
5134
5135
5136
5137
5138
5139
5140
5141
5142
5143
5144
5145
5146
5147
5148
5149
5150
5151
5152
5153
5154
5155
5156
5157
5158
5159
5160
5161
5162
5163
5164
5165
5166
5167
5168
5169
0.4000000000005665 0.07333333333367055 0.04999999999986857
0.6000000000010103 0.07333333333367055 0.04999999999986857
0.8000000000016088 0.07333333333367055 0.04999999999986858
1.000000000002147 0.07333333333367058 0.04999999999986856
1.200000000002083 0.07333333333367059 0.04999999999986857
1.400000000001643 0.07333333333367056 0.04999999999986858
1.600000000001029 0.07333333333367061 0.04999999999986856
1.80000000000034 0.07333333333367062 0.04999999999986857
0.4000000000005821 -0.06333333333296635 0.04999999999986856
0.6000000000010417 -0.06333333333296631 0.04999999999986858
0.8000000000016089 -0.06333333333296629 0.04999999999986857
1.000000000002168 -0.06333333333296631 0.04999999999986855
1.200000000002113 -0.06333333333296638 0.04999999999986857
1.400000000001645 -0.06333333333296631 0.04999999999986857
1.600000000001007 -0.06333333333296631 0.04999999999986857
1.800000000000392 -0.0633333333329663 0.04999999999986857
0.4000000000005327 0.07333333333367438 0.08333333333328954
0.4000000000005496 0.07333333333367247 0.06666666666657906
0.333333333333711 0.07333333333367056 0.04999999999986857
0.2666666666668555 0.07333333333367056 0.04999999999986857
0.4000000000005612 0.1188888888891137 0.04999999999986857
0.4000000000005559 0.1644444444445568 0.04999999999986857
0.3333333333336885 0.07333333333367439 0.08333333333328954
0.2666666666668442 0.07333333333367438 0.08333333333328952
0.2666666666668498 0.07333333333367248 0.06666666666657906
0.3333333333336997 0.07333333333367247 0.06666666666657906
0.4000000000005309 0.1188888888891163 0.08333333333328953
0.400000000000546 0.118888888889115 0.06666666666657906
0.4000000000005425 0.1644444444445575 0.06666666666657904
0.4000000000005292 0.1644444444445581 0.08333333333328953
0.3333333333337075 0.1188888888891137 0.04999999999986858
0.2666666666668537 0.1188888888891137 0.04999999999986857
0.266666666666852 0.1644444444445568 0.04999999999986857
0.333333333333704 0.1644444444445568 0.04999999999986857
0.3333333333336745 0.1188888888891083 0.08333333333328638
0.2666666666668566 0.1188888888891004 0.08333333333328315
0.2666666666668688 0.1644444444445414 0.08333333333327676
0.3333333333336602 0.1644444444445497 0.08333333333328319
0.333333333333691 0.118888888889111 0.06666666666657994
0.266666666666855 0.118888888889107 0.06666666666658085
0.2666666666668603 0.1644444444445491 0.06666666666658261
0.333333333333682 0.1644444444445532 0.06666666666658083
0.4000000000005834 0.07333333333366865 0.03333333333324572
0.4000000000006003 0.07333333333366675 0.01666666666662286
0.3333333333337223 0.07333333333366865 0.03333333333324572
0.2666666666668611 0.07333333333366863 0.03333333333324571
0.2666666666668668 0.07333333333366673 0.01666666666662285
0.3333333333337335 0.07333333333366675 0.01666666666662286
0.4000000000005765 0.1188888888891124 0.03333333333324573
0.4000000000005915 0.1188888888891112 0.01666666666662286
0.4000000000005828 0.1644444444445555 0.01666666666662286
0.4000000000005693 0.1644444444445562 0.03333333333324572
0.3333333333337157 0.1188888888891083 0.03333333333324628
0.266666666666857 0.1188888888891041 0.03333333333324682
0.2666666666668528 0.1644444444445493 0.03333333333324793
0.3333333333337088 0.1644444444445527 0.03333333333324683
0.3333333333337236 0.118888888889103 0.01666666666662397
0.2666666666668601 0.1188888888890947 0.01666666666662507
0.2666666666668535 0.1644444444445418 0.01666666666662728
0.3333333333337139 0.1644444444445486 0.01666666666662507
0.6000000000010243 0.07333333333367439 0.08333333333328953
0.6000000000010173 0.07333333333367247 0.06666666666657906
0.5333333333341956 0.07333333333367055 0.04999999999986857
0.4666666666673811 0.07333333333367055 0.04999999999986857
0.600000000001 0.1188888888891137 0.04999999999986857
0.6000000000009895 0.1644444444445568 0.04999999999986856
0.5333333333341936 0.07333333333367439 0.08333333333328954
0.4666666666673632 0.07333333333367438 0.08333333333328954
0.4666666666673721 0.07333333333367247 0.06666666666657906
0.5333333333341946 0.07333333333367247 0.06666666666657906
0.6000000000010208 0.1188888888891163 0.08333333333328953
0.6000000000010104 0.118888888889115 0.06666666666657906
0.6000000000010034 0.1644444444445575 0.06666666666657906
0.6000000000010174 0.1644444444445581 0.08333333333328952
0.533333333334187 0.1188888888891137 0.04999999999986858
0.4666666666673742 0.1188888888891137 0.04999999999986858
0.4666666666673671 0.1644444444445568 0.04999999999986857
0.5333333333341783 0.1644444444445568 0.04999999999986857
0.5333333333342083 0.1188888888891163 0.08333333333328952
0.4666666666673569 0.1188888888891163 0.08333333333328952
0.4666666666673506 0.164444444444558 0.08333333333328953
0.5333333333342228 0.164444444444558 0.0833333333332895
0.5333333333341975 0.118888888889115 0.06666666666657906
0.4666666666673654 0.118888888889115 0.06666666666657906
0.4666666666673587 0.1644444444445575 0.06666666666657906
0.5333333333342005 0.1644444444445574 0.06666666666657904
0.6000000000010034 0.07333333333366865 0.03333333333324572
0.6000000000009964 0.07333333333366673 0.01666666666662286
0.5333333333341967 0.07333333333366865 0.03333333333324573
0.4666666666673901 0.07333333333366865 0.03333333333324573
0.466666666667399 0.07333333333366675 0.01666666666662286
0.5333333333341976 0.07333333333366673 0.01666666666662286
0.6000000000009895 0.1188888888891124 0.03333333333324572
0.6000000000009791 0.1188888888891111 0.01666666666662286
0.6000000000009617 0.1644444444445555 0.01666666666662285
0.6000000000009756 0.1644444444445562 0.03333333333324571
0.5333333333341816 0.1188888888891124 0.03333333333324573
0.4666666666673812 0.1188888888891124 0.03333333333324574
0.4666666666673722 0.1644444444445562 0.03333333333324573
0.5333333333341661 0.1644444444445561 0.03333333333324573
0.5333333333341761 0.1188888888891112 0.01666666666662286
0.4666666666673882 0.1188888888891112 0.01666666666662287
0.4666666666673776 0.1644444444445555 0.01666666666662286
0.5333333333341541 0.1644444444445555 0.01666666666662286
0.8000000000015675 0.07333333333367441 0.08333333333328954
0.8000000000015881 0.07333333333367248 0.06666666666657906
0.7333333333347427 0.07333333333367055 0.04999999999986858
0.6666666666678764 0.07333333333367055 0.04999999999986857
0.8000000000016085 0.1188888888891137 0.04999999999986857
0.8000000000016083 0.1644444444445568 0.04999999999986857
0.7333333333347197 0.07333333333367442 0.08333333333328954
0.6666666666678719 0.07333333333367439 0.08333333333328954
0.6666666666678742 0.07333333333367247 0.06666666666657906
0.7333333333347312 0.07333333333367247 0.06666666666657906
0.8000000000015675 0.1188888888891163 0.08333333333328953
0.800000000001588 0.118888888889115 0.06666666666657906
0.8000000000015877 0.1644444444445574 0.06666666666657904
0.8000000000015673 0.1644444444445581 0.08333333333328953
0.733333333334739 0.1188888888891137 0.04999999999986858
0.6666666666678696 0.1188888888891137 0.04999999999986857
0.6666666666678625 0.1644444444445568 0.04999999999986856
0.7333333333347355 0.1644444444445568 0.04999999999986857
0.7333333333347059 0.1188888888891163 0.08333333333328952
0.6666666666678829 0.1188888888891163 0.0833333333332895
0.6666666666678933 0.164444444444558 0.08333333333328952
0.7333333333346919 0.1644444444445581 0.0833333333332895
0.7333333333347226 0.118888888889115 0.06666666666657906
0.6666666666678759 0.118888888889115 0.06666666666657908
0.6666666666678774 0.1644444444445575 0.06666666666657906
0.7333333333347137 0.1644444444445574 0.06666666666657906
0.8000000000016293 0.07333333333366865 0.03333333333324572
0.8000000000016497 0.07333333333366673 0.01666666666662286
0.733333333334754 0.07333333333366865 0.03333333333324572
0.6666666666678787 0.07333333333366865 0.03333333333324572
0.6666666666678809 0.07333333333366673 0.01666666666662286
0.7333333333347654 0.07333333333366673 0.01666666666662286
0.8000000000016292 0.1188888888891124 0.03333333333324573
0.8000000000016494 0.1188888888891111 0.01666666666662286
0.8000000000016492 0.1644444444445555 0.01666666666662286
0.8000000000016287 0.1644444444445562 0.03333333333324572
0.7333333333347574 0.1188888888891124 0.03333333333324574
0.6666666666678702 0.1188888888891124 0.03333333333324572
0.6666666666678625 0.1644444444445562 0.03333333333324572
0.7333333333347607 0.1644444444445561 0.03333333333324572
0.7333333333347756 0.1188888888891111 0.01666666666662287
0.6666666666678718 0.1188888888891111 0.01666666666662286
0.6666666666678625 0.1644444444445555 0.01666666666662286
0.7333333333347857 0.1644444444445555 0.01666666666662286
1.00000000000212 0.07333333333367442 0.08333333333328953
1.000000000002133 0.07333333333367249 0.06666666666657904
0.9333333333353011 0.07333333333367058 0.04999999999986857
0.8666666666684548 0.07333333333367056 0.04999999999986857
1.00000000000214 0.1188888888891137 0.04999999999986856
1.000000000002133 0.1644444444445569 0.04999999999986855
0.9333333333352689 0.07333333333367442 0.08333333333328954
0.8666666666684182 0.07333333333367442 0.08333333333328954
0.8666666666684366 0.07333333333367248 0.06666666666657904
0.9333333333352851 0.07333333333367249 0.06666666666657904
1.000000000002117 0.1188888888891163 0.08333333333328953
1.000000000002129 0.118888888889115 0.06666666666657906
1.000000000002124 0.1644444444445575 0.06666666666657904
1.000000000002115 0.1644444444445581 0.08333333333328952
0.9333333333352964 0.1188888888891137 0.04999999999986857
0.8666666666684524 0.1188888888891137 0.04999999999986857
0.8666666666684497 0.1644444444445568 0.04999999999986857
0.9333333333352914 0.1644444444445569 0.04999999999986857
0.9333333333352742 0.1188888888891163 0.08333333333328952
0.8666666666684102 0.1188888888891162 0.0833333333332895
0.8666666666684024 0.164444444444558 0.08333333333328956
0.9333333333352795 0.1644444444445581 0.0833333333332895
0.9333333333352852 0.1188888888891149 0.06666666666657908
0.8666666666684313 0.118888888889115 0.06666666666657907
0.8666666666684253 0.1644444444445573 0.06666666666657906
0.9333333333352852 0.1644444444445574 0.06666666666657906
1.000000000002161 0.07333333333366868 0.03333333333324571
1.000000000002174 0.07333333333366676 0.01666666666662285
0.9333333333353172 0.07333333333366868 0.03333333333324572
0.866666666668473 0.07333333333366865 0.03333333333324572
0.8666666666684912 0.07333333333366675 0.01666666666662286
0.9333333333353326 0.07333333333366675 0.01666666666662286
1.000000000002152 0.1188888888891124 0.03333333333324571
1.000000000002162 0.1188888888891112 0.01666666666662285
1.000000000002151 0.1644444444445556 0.01666666666662286
1.000000000002142 0.1644444444445562 0.03333333333324572
0.9333333333353017 0.1188888888891124 0.03333333333324572
0.8666666666684785 0.1188888888891124 0.03333333333324572
0.8666666666684837 0.1644444444445561 0.03333333333324572
0.933333333335286 0.1644444444445561 0.03333333333324573
0.933333333335306 0.1188888888891111 0.01666666666662286
0.8666666666685038 0.1188888888891111 0.01666666666662286
0.8666666666685167 0.1644444444445556 0.01666666666662286
0.93333333333528 0.1644444444445555 0.01666666666662286
1.200000000002117 0.07333333333367439 0.08333333333328953
1.2000000000021 0.07333333333367249 0.06666666666657906
1.133333333335437 0.07333333333367059 0.04999999999986857
1.066666666668792 0.07333333333367059 0.04999999999986856
1.200000000002072 0.1188888888891137 0.04999999999986857
1.200000000002061 0.1644444444445569 0.04999999999986856
1.133333333335451 0.07333333333367439 0.08333333333328954
1.066666666668785 0.07333333333367441 0.08333333333328953
1.066666666668789 0.07333333333367251 0.06666666666657906
1.133333333335444 0.07333333333367249 0.06666666666657906
1.200000000002114 0.1188888888891163 0.08333333333328953
1.200000000002093 0.118888888889115 0.06666666666657906
1.200000000002086 0.1644444444445575 0.06666666666657906
1.20000000000211 0.1644444444445581 0.08333333333328952
1.133333333335428 0.1188888888891137 0.04999999999986857
1.066666666668784 0.1188888888891137 0.04999999999986856
1.066666666668776 0.1644444444445569 0.04999999999986855
1.133333333335419 0.1644444444445569 0.04999999999986856
1.133333333335494 0.1188888888891162 0.08333333333328952
1.066666666668824 0.1188888888891163 0.0833333333332895
1.066666666668864 0.1644444444445581 0.0833333333332895
1.133333333335536 0.1644444444445581 0.08333333333328953
1.13333333333546 0.118888888889115 0.06666666666657908
1.066666666668804 0.118888888889115 0.06666666666657904
1.066666666668819 0.1644444444445575 0.06666666666657906
1.133333333335477 0.1644444444445574 0.06666666666657903
1.200000000002065 0.07333333333366868 0.03333333333324572
1.200000000002048 0.07333333333366676 0.01666666666662286
1.13333333333543 0.07333333333366868 0.03333333333324572
1.066666666668795 0.07333333333366868 0.03333333333324571
1.066666666668799 0.07333333333366676 0.01666666666662285
1.133333333335423 0.07333333333366678 0.01666666666662286
1.200000000002051 0.1188888888891124 0.03333333333324572
1.20000000000203 0.1188888888891112 0.01666666666662286
1.200000000002013 0.1644444444445556 0.01666666666662285
1.200000000002037 0.1644444444445562 0.03333333333324571
1.133333333335404 0.1188888888891124 0.03333333333324573
1.066666666668759 0.1188888888891125 0.03333333333324571
1.066666666668724 0.1644444444445562 0.03333333333324573
1.133333333335378 0.1644444444445561 0.03333333333324572
1.133333333335379 0.1188888888891112 0.01666666666662286
1.066666666668735 0.1188888888891112 0.01666666666662285
1.066666666668672 0.1644444444445556 0.01666666666662286
1.133333333335336 0.1644444444445555 0.01666666666662286
1.400000000001685 0.07333333333367441 0.08333333333328954
1.400000000001664 0.07333333333367248 0.06666666666657906
1.333333333335123 0.07333333333367058 0.04999999999986858
1.266666666668603 0.07333333333367058 0.04999999999986857
1.400000000001643 0.1188888888891137 0.04999999999986857
1.400000000001643 0.1644444444445568 0.04999999999986857
1.333333333335162 0.07333333333367439 0.08333333333328954
1.266666666668639 0.07333333333367439 0.08333333333328954
1.266666666668621 0.07333333333367249 0.06666666666657906
1.333333333335143 0.07333333333367248 0.06666666666657906
1.400000000001685 0.1188888888891163 0.08333333333328953
1.400000000001664 0.118888888889115 0.06666666666657906
1.400000000001664 0.1644444444445574 0.06666666666657904
1.400000000001685 0.1644444444445581 0.08333333333328953
1.33333333333512 0.1188888888891137 0.04999999999986858
1.266666666668596 0.1188888888891137 0.04999999999986857
1.266666666668589 0.1644444444445569 0.04999999999986856
1.333333333335116 0.1644444444445569 0.04999999999986857
1.333333333335158 0.1188888888891162 0.08333333333328952
1.266666666668626 0.1188888888891162 0.0833333333332895
1.266666666668612 0.164444444444558 0.08333333333328952
1.333333333335155 0.164444444444558 0.0833333333332895
1.333333333335139 0.118888888889115 0.06666666666657906
1.266666666668611 0.118888888889115 0.06666666666657908
1.266666666668601 0.1644444444445575 0.06666666666657906
1.333333333335136 0.1644444444445574 0.06666666666657906
1.400000000001623 0.07333333333366865 0.03333333333324572
1.400000000001602 0.07333333333366675 0.01666666666662286
1.333333333335104 0.07333333333366865 0.03333333333324572
1.266666666668584 0.07333333333366865 0.03333333333324572
1.266666666668566 0.07333333333366675 0.01666666666662286
1.333333333335084 0.07333333333366675 0.01666666666662286
1.400000000001623 0.1188888888891124 0.03333333333324573
1.400000000001602 0.1188888888891112 0.01666666666662286
1.400000000001601 0.1644444444445555 0.01666666666662286
1.400000000001622 0.1644444444445562 0.03333333333324572
1.333333333335094 0.1188888888891124 0.03333333333324574
1.266666666668575 0.1188888888891124 0.03333333333324572
1.266666666668565 0.1644444444445562 0.03333333333324572
1.333333333335083 0.1644444444445561 0.03333333333324572
1.333333333335068 0.1188888888891111 0.01666666666662287
1.266666666668553 0.1188888888891112 0.01666666666662286
1.266666666668541 0.1644444444445555 0.01666666666662286
1.333333333335052 0.1644444444445555 0.01666666666662286
1.600000000001069 0.07333333333367442 0.08333333333328953
1.600000000001049 0.07333333333367251 0.06666666666657904
1.533333333334567 0.07333333333367059 0.04999999999986857
1.466666666668105 0.07333333333367058 0.04999999999986857
1.600000000001035 0.1188888888891137 0.04999999999986856
1.600000000001041 0.1644444444445569 0.04999999999986855
1.533333333334608 0.07333333333367442 0.08333333333328954
1.466666666668146 0.07333333333367441 0.08333333333328954
1.466666666668126 0.07333333333367248 0.06666666666657904
1.533333333334587 0.07333333333367251 0.06666666666657904
1.600000000001071 0.1188888888891163 0.08333333333328953
1.600000000001053 0.118888888889115 0.06666666666657906
1.600000000001057 0.1644444444445575 0.06666666666657904
1.600000000001073 0.1644444444445581 0.08333333333328952
1.533333333334571 0.1188888888891137 0.04999999999986857
1.466666666668107 0.1188888888891137 0.04999999999986857
1.466666666668109 0.1644444444445568 0.04999999999986857
1.533333333334575 0.1644444444445569 0.04999999999986855
1.533333333334609 0.1188888888891163 0.08333333333328952
1.46666666666816 0.1188888888891162 0.0833333333332895
1.466666666668172 0.164444444444558 0.08333333333328956
1.533333333334608 0.1644444444445581 0.0833333333332895
1.533333333334589 0.1188888888891149 0.06666666666657908
1.466666666668133 0.118888888889115 0.06666666666657907
1.46666666666814 0.1644444444445573 0.06666666666657906
1.533333333334591 0.1644444444445574 0.06666666666657906
1.600000000001008 0.07333333333366868 0.03333333333324571
1.600000000000987 0.07333333333366676 0.01666666666662285
1.533333333334546 0.07333333333366868 0.03333333333324572
1.466666666668084 0.07333333333366865 0.03333333333324572
1.466666666668063 0.07333333333366673 0.01666666666662286
1.533333333334525 0.07333333333366676 0.01666666666662286
1.600000000001016 0.1188888888891124 0.03333333333324571
1.600000000000998 0.1188888888891112 0.01666666666662286
1.600000000001009 0.1644444444445556 0.01666666666662286
1.600000000001025 0.1644444444445562 0.03333333333324571
1.533333333334552 0.1188888888891124 0.03333333333324572
1.466666666668086 0.1188888888891124 0.03333333333324572
1.466666666668089 0.1644444444445562 0.03333333333324573
1.533333333334557 0.1644444444445561 0.03333333333324572
1.533333333334532 0.1188888888891112 0.01666666666662286
1.466666666668066 0.1188888888891112 0.01666666666662286
1.466666666668069 0.1644444444445555 0.01666666666662286
1.53333333333454 0.1644444444445555 0.01666666666662285
1.800000000000361 0.07333333333367442 0.08333333333328953
1.80000000000035 0.07333333333367252 0.06666666666657906
1.733333333333903 0.07333333333367062 0.04999999999986857
1.666666666667466 0.07333333333367061 0.04999999999986856
1.800000000000323 0.1188888888891138 0.04999999999986857
1.800000000000305 0.1644444444445569 0.04999999999986856
1.73333333333393 0.07333333333367442 0.08333333333328954
1.6666666666675 0.07333333333367442 0.08333333333328953
1.666666666667483 0.07333333333367251 0.06666666666657906
1.733333333333917 0.07333333333367252 0.06666666666657906
1.800000000000355 0.1188888888891163 0.08333333333328953
1.800000000000339 0.118888888889115 0.06666666666657906
1.800000000000327 0.1644444444445575 0.06666666666657906
1.800000000000349 0.1644444444445581 0.08333333333328952
1.733333333333894 0.1188888888891137 0.04999999999986857
1.666666666667464 0.1188888888891137 0.04999999999986856
1.666666666667462 0.1644444444445569 0.04999999999986855
1.733333333333885 0.1644444444445569 0.04999999999986856
1.733333333333931 0.1188888888891163 0.08333333333328952
1.666666666667479 0.1188888888891163 0.0833333333332895
1.666666666667457 0.1644444444445581 0.0833333333332895
1.733333333333931 0.1644444444445581 0.08333333333328953
1.733333333333912 0.118888888889115 0.06666666666657908
1.666666666667471 0.1188888888891149 0.06666666666657904
1.666666666667459 0.1644444444445575 0.06666666666657906
1.733333333333908 0.1644444444445574 0.06666666666657903
1.80000000000033 0.0733333333336687 0.03333333333324572
1.80000000000032 0.07333333333366678 0.01666666666662286
1.73333333333389 0.0733333333336687 0.03333333333324572
1.666666666667449 0.07333333333366868 0.03333333333324571
1.666666666667431 0.07333333333366678 0.01666666666662285
1.733333333333875 0.07333333333366678 0.01666666666662286
1.800000000000307 0.1188888888891124 0.03333333333324572
1.80000000000029 0.1188888888891111 0.01666666666662286
1.800000000000262 0.1644444444445556 0.01666666666662285
1.800000000000284 0.1644444444445562 0.03333333333324571
1.733333333333869 0.1188888888891124 0.03333333333324572
1.666666666667444 0.1188888888891124 0.03333333333324571
1.666666666667439 0.1644444444445562 0.03333333333324571
1.733333333333848 0.1644444444445561 0.03333333333324572
1.733333333333842 0.1188888888891111 0.01666666666662286
1.666666666667423 0.1188888888891112 0.01666666666662286
1.666666666667417 0.1644444444445556 0.01666666666662286
1.733333333333811 0.1644444444445555 0.01666666666662286
1.933333333333447 0.07333333333367062 0.04999999999986857
1.866666666666893 0.07333333333367062 0.04999999999986857
1.933333333333454 0.07333333333367441 0.08333333333328954
1.866666666666907 0.07333333333367442 0.08333333333328953
1.8666666666669 0.07333333333367251 0.06666666666657906
1.93333333333345 0.07333333333367251 0.06666666666657906
1.933333333333441 0.1188888888891137 0.04999999999986857
1.866666666666882 0.1188888888891138 0.04999999999986857
1.86666666666687 0.1644444444445569 0.04999999999986855
1.933333333333435 0.1644444444445569 0.04999999999986856
1.933333333333452 0.1188888888891004 0.08333333333328317
1.866666666666916 0.1188888888891084 0.08333333333328637
1.866666666666924 0.1644444444445497 0.08333333333328312
1.933333333333451 0.1644444444445414 0.08333333333327678
1.933333333333447 0.118888888889107 0.06666666666658083
1.866666666666898 0.118888888889111 0.06666666666657993
1.866666666666897 0.1644444444445533 0.06666666666658083
1.933333333333442 0.1644444444445491 0.06666666666658259
1.933333333333443 0.0733333333336687 0.03333333333324572
1.866666666666887 0.0733333333336687 0.03333333333324572
1.86666666666688 0.07333333333366676 0.01666666666662286
1.93333333333344 0.07333333333366676 0.01666666666662286
1.933333333333434 0.1188888888891042 0.03333333333324683
1.86666666666687 0.1188888888891083 0.03333333333324628
1.866666666666854 0.1644444444445528 0.03333333333324681
1.933333333333426 0.1644444444445493 0.03333333333324794
1.933333333333428 0.1188888888890947 0.01666666666662507
1.866666666666858 0.1188888888891029 0.01666666666662397
1.866666666666839 0.1644444444445486 0.01666666666662507
1.933333333333416 0.1644444444445418 0.01666666666662728
0.4000000000005379 -0.06333333333298952 0.08333333333328953
0.40000000000056 -0.06333333333297794 0.06666666666657904
0.3333333333337214 -0.06333333333296635 0.04999999999986856
0.2666666666668607 -0.06333333333296634 0.04999999999986855
0.4000000000005769 -0.01777777777742072 0.04999999999986857
0.4000000000005717 0.02777777777812491 0.04999999999986857
0.3333333333336919 -0.06333333333298952 0.08333333333328953
0.2666666666668459 -0.06333333333298952 0.08333333333328952
0.2666666666668533 -0.06333333333297794 0.06666666666657904
0.3333333333337067 -0.06333333333297794 0.06666666666657906
0.4000000000005361 -0.0177777777774349 0.08333333333328954
0.4000000000005567 -0.01777777777742781 0.06666666666657906
0.400000000000553 0.02777777777812232 0.06666666666657904
0.4000000000005344 0.02777777777811974 0.08333333333328954
0.3333333333337181 -0.01777777777742071 0.04999999999986857
0.266666666666859 -0.01777777777742069 0.04999999999986857
0.2666666666668572 0.02777777777812492 0.04999999999986857
0.3333333333337145 0.02777777777812492 0.04999999999986857
0.3333333333336909 -0.01777777777740079 0.08333333333328954
0.2666666666668454 -0.01777777777736668 0.08333333333328949
0.2666666666668447 0.02777777777818349 0.0833333333332895
0.3333333333336895 0.02777777777815162 0.08333333333328954
0.3333333333337045 -0.01777777777741076 0.06666666666657908
0.2666666666668521 -0.01777777777739371 0.06666666666657907
0.2666666666668509 0.02777777777815421 0.06666666666657903
0.3333333333337021 0.02777777777813824 0.06666666666657903
0.4000000000006044 -0.06333333333295474 0.03333333333324571
0.4000000000006266 -0.06333333333294312 0.01666666666662285
0.3333333333337363 -0.06333333333295474 0.0333333333332457
0.2666666666668682 -0.06333333333295472 0.0333333333332457
0.2666666666668755 -0.06333333333294311 0.01666666666662285
0.3333333333337511 -0.06333333333294311 0.01666666666662285
0.4000000000005975 -0.01777777777741361 0.03333333333324572
0.4000000000006179 -0.01777777777740649 0.01666666666662286
0.400000000000609 0.02777777777813012 0.01666666666662286
0.4000000000005904 0.02777777777812752 0.03333333333324572
0.3333333333337318 -0.01777777777739581 0.03333333333324572
0.2666666666668657 -0.01777777777737802 0.03333333333324572
0.2666666666668633 0.02777777777815935 0.03333333333324572
0.3333333333337269 0.02777777777814343 0.03333333333324571
0.3333333333337453 -0.0177777777773709 0.01666666666662286
0.2666666666668725 -0.01777777777733533 0.01666666666662286
0.2666666666668696 0.02777777777819375 0.01666666666662286
0.3333333333337394 0.02777777777816193 0.01666666666662285
0.6000000000010348 -0.06333333333298954 0.08333333333328954
0.6000000000010383 -0.06333333333297791 0.06666666666657906
0.5333333333342218 -0.06333333333296633 0.04999999999986857
0.466666666667402 -0.06333333333296634 0.04999999999986857
0.6000000000010313 -0.0177777777774207 0.04999999999986858
0.6000000000010207 0.02777777777812493 0.04999999999986857
0.5333333333342025 -0.06333333333298953 0.08333333333328954
0.4666666666673701 -0.06333333333298953 0.08333333333328954
0.466666666667386 -0.06333333333297794 0.06666666666657904
0.5333333333342121 -0.06333333333297793 0.06666666666657906
0.6000000000010313 -0.0177777777774349 0.08333333333328954
0.6000000000010313 -0.01777777777742779 0.06666666666657906
0.6000000000010242 0.02777777777812233 0.06666666666657906
0.6000000000010277 0.02777777777811974 0.08333333333328953
0.5333333333342132 -0.01777777777742071 0.04999999999986858
0.4666666666673951 -0.01777777777742071 0.04999999999986858
0.466666666667388 0.02777777777812492 0.04999999999986857
0.5333333333342043 0.02777777777812492 0.04999999999986857
0.5333333333341996 -0.0177777777774349 0.08333333333328954
0.4666666666673679 -0.0177777777774349 0.08333333333328952
0.4666666666673653 0.02777777777811972 0.08333333333328954
0.5333333333341965 0.02777777777811975 0.08333333333328953
0.533333333334206 -0.01777777777742781 0.06666666666657903
0.4666666666673815 -0.01777777777742782 0.06666666666657908
0.4666666666673765 0.02777777777812231 0.06666666666657907
0.5333333333342003 0.02777777777812232 0.06666666666657907
0.6000000000010453 -0.06333333333295471 0.03333333333324572
0.6000000000010487 -0.0633333333329431 0.01666666666662286
0.5333333333342317 -0.06333333333295472 0.03333333333324572
0.4666666666674181 -0.06333333333295472 0.03333333333324572
0.4666666666674339 -0.06333333333294311 0.01666666666662286
0.5333333333342414 -0.06333333333294311 0.01666666666662286
0.6000000000010314 -0.0177777777774136 0.03333333333324572
0.6000000000010314 -0.01777777777740649 0.01666666666662286
0.6000000000010137 0.02777777777813012 0.01666666666662286
0.6000000000010175 0.02777777777812752 0.03333333333324572
0.53333333333422 -0.01777777777741363 0.03333333333324573
0.4666666666674089 -0.01777777777741361 0.03333333333324573
0.4666666666673997 0.02777777777812752 0.03333333333324573
0.5333333333342084 0.02777777777812751 0.03333333333324572
0.5333333333342269 -0.0177777777774065 0.01666666666662286
0.4666666666674223 -0.01777777777740649 0.01666666666662286
0.4666666666674105 0.02777777777813013 0.01666666666662286
0.5333333333342121 0.02777777777813009 0.01666666666662286
0.8000000000015676 -0.0633333333329895 0.08333333333328954
0.8000000000015882 -0.06333333333297789 0.06666666666657906
0.7333333333347533 -0.0633333333329663 0.04999999999986858
0.6666666666678975 -0.0633333333329663 0.04999999999986858
0.800000000001609 -0.01777777777742068 0.04999999999986858
0.8000000000016088 0.02777777777812493 0.04999999999986858
0.7333333333347235 -0.06333333333298952 0.08333333333328956
0.6666666666678791 -0.06333333333298953 0.08333333333328954
0.6666666666678883 -0.0633333333329779 0.06666666666657906
0.7333333333347383 -0.06333333333297789 0.06666666666657906
0.8000000000015677 -0.01777777777743487 0.08333333333328954
0.8000000000015882 -0.01777777777742777 0.06666666666657906
0.8000000000015882 0.02777777777812235 0.06666666666657906
0.8000000000015675 0.02777777777811977 0.08333333333328954
0.7333333333347498 -0.01777777777742069 0.04999999999986858
0.6666666666678904 -0.0177777777774207 0.04999999999986858
0.6666666666678833 0.02777777777812493 0.04999999999986857
0.733333333334746 0.02777777777812492 0.04999999999986858
0.7333333333347223 -0.0177777777774349 0.08333333333328954
0.6666666666678762 -0.01777777777743491 0.08333333333328954
0.666666666667874 0.02777777777811975 0.08333333333328953
0.7333333333347212 0.02777777777811976 0.08333333333328952
0.7333333333347359 -0.01777777777742777 0.06666666666657903
0.6666666666678838 -0.01777777777742779 0.06666666666657903
0.6666666666678789 0.02777777777812234 0.06666666666657904
0.7333333333347334 0.02777777777812234 0.06666666666657906
0.8000000000016296 -0.0633333333329547 0.03333333333324572
0.8000000000016503 -0.0633333333329431 0.01666666666662286
0.7333333333347682 -0.0633333333329547 0.03333333333324573
0.6666666666679066 -0.06333333333295471 0.03333333333324572
0.6666666666679159 -0.0633333333329431 0.01666666666662286
0.7333333333347831 -0.06333333333294311 0.01666666666662286
0.8000000000016296 -0.01777777777741359 0.03333333333324573
0.8000000000016501 -0.01777777777740649 0.01666666666662286
0.8000000000016501 0.02777777777813011 0.01666666666662286
0.8000000000016294 0.02777777777812753 0.03333333333324572
0.7333333333347638 -0.01777777777741359 0.03333333333324572
0.6666666666678975 -0.0177777777774136 0.03333333333324573
0.6666666666678883 0.02777777777812752 0.03333333333324572
0.7333333333347589 0.02777777777812752 0.03333333333324573
0.7333333333347772 -0.0177777777774065 0.01666666666662286
0.6666666666679044 -0.01777777777740649 0.01666666666662286
0.6666666666678925 0.02777777777813011 0.01666666666662286
0.7333333333347714 0.0277777777781301 0.01666666666662286
1.000000000002127 -0.0633333333329895 0.08333333333328953
1.000000000002147 -0.0633333333329779 0.06666666666657903
0.9333333333353151 -0.06333333333296631 0.04999999999986856
0.8666666666684619 -0.0633333333329663 0.04999999999986857
1.000000000002161 -0.01777777777742068 0.04999999999986855
1.000000000002154 0.02777777777812495 0.04999999999986855
0.9333333333352736 -0.06333333333298949 0.08333333333328954
0.8666666666684206 -0.0633333333329895 0.08333333333328954
0.8666666666684411 -0.06333333333297789 0.06666666666657904
0.9333333333352943 -0.0633333333329779 0.06666666666657904
1.000000000002124 -0.01777777777743487 0.08333333333328954
1.000000000002143 -0.01777777777742778 0.06666666666657903
1.000000000002138 0.02777777777812235 0.06666666666657904
1.000000000002122 0.02777777777811977 0.08333333333328953
0.9333333333353105 -0.01777777777742069 0.04999999999986857
0.8666666666684595 -0.01777777777742068 0.04999999999986857
0.8666666666684573 0.02777777777812494 0.04999999999986857
0.9333333333353058 0.02777777777812495 0.04999999999986856
0.9333333333352717 -0.01777777777743488 0.08333333333328953
0.8666666666684197 -0.01777777777743486 0.08333333333328953
0.8666666666684191 0.02777777777811977 0.08333333333328953
0.9333333333352705 0.02777777777811976 0.08333333333328953
0.9333333333352913 -0.01777777777742779 0.06666666666657906
0.8666666666684394 -0.01777777777742776 0.06666666666657903
0.8666666666684377 0.02777777777812233 0.06666666666657906
0.9333333333352882 0.02777777777812234 0.06666666666657903
1.000000000002189 -0.06333333333295471 0.0333333333332457
1.00000000000221 -0.06333333333294312 0.01666666666662285
0.933333333335336 -0.06333333333295471 0.03333333333324572
0.8666666666684827 -0.0633333333329547 0.03333333333324572
0.8666666666685032 -0.0633333333329431 0.01666666666662286
0.9333333333353564 -0.06333333333294311 0.01666666666662286
1.00000000000218 -0.01777777777741359 0.03333333333324572
1.000000000002198 -0.0177777777774065 0.01666666666662286
1.000000000002186 0.02777777777813013 0.01666666666662286
1.00000000000217 0.02777777777812753 0.03333333333324572
0.9333333333353299 -0.01777777777741361 0.03333333333324573
0.8666666666684796 -0.01777777777741359 0.03333333333324573
0.8666666666684764 0.02777777777812752 0.03333333333324572
0.9333333333353234 0.02777777777812752 0.03333333333324572
0.9333333333353483 -0.01777777777740649 0.01666666666662286
0.8666666666684988 -0.01777777777740649 0.01666666666662286
0.8666666666684956 0.02777777777813011 0.01666666666662286
0.9333333333353402 0.02777777777813011 0.01666666666662286
1.200000000002127 -0.06333333333298956 0.08333333333328953
1.20000000000212 -0.06333333333297797 0.06666666666657906
1.133333333335464 -0.06333333333296637 0.04999999999986857
1.066666666668816 -0.06333333333296634 0.04999999999986855
1.200000000002103 -0.01777777777742073 0.04999999999986857
1.200000000002093 0.02777777777812493 0.04999999999986857
1.13333333333546 -0.06333333333298954 0.08333333333328954
1.066666666668793 -0.06333333333298952 0.08333333333328953
1.066666666668804 -0.06333333333297793 0.06666666666657903
1.133333333335462 -0.06333333333297797 0.06666666666657904
1.200000000002124 -0.01777777777743492 0.08333333333328954
1.200000000002113 -0.01777777777742781 0.06666666666657906
1.200000000002106 0.02777777777812233 0.06666666666657906
1.20000000000212 0.02777777777811973 0.08333333333328953
1.133333333335456 -0.01777777777742072 0.04999999999986857
1.066666666668808 -0.01777777777742071 0.04999999999986856
1.0666666666688 0.02777777777812494 0.04999999999986855
1.133333333335446 0.02777777777812493 0.04999999999986857
1.133333333335457 -0.01777777777743491 0.08333333333328956
1.066666666668791 -0.01777777777743487 0.08333333333328953
1.066666666668788 0.02777777777811975 0.08333333333328953
1.133333333335453 0.02777777777811974 0.08333333333328956
1.133333333335456 -0.0177777777774278 0.06666666666657906
1.066666666668799 -0.01777777777742779 0.06666666666657903
1.066666666668794 0.02777777777812234 0.06666666666657906
1.13333333333545 0.02777777777812234 0.06666666666657904
1.200000000002106 -0.06333333333295477 0.03333333333324572
1.200000000002099 -0.06333333333294314 0.01666666666662286
1.133333333335467 -0.06333333333295477 0.03333333333324572
1.066666666668828 -0.06333333333295474 0.03333333333324571
1.06666666666884 -0.06333333333294314 0.01666666666662285
1.133333333335469 -0.06333333333294314 0.01666666666662286
1.200000000002092 -0.01777777777741363 0.03333333333324572
1.200000000002082 -0.01777777777740652 0.01666666666662286
1.200000000002065 0.02777777777813012 0.01666666666662286
1.200000000002079 0.02777777777812752 0.03333333333324572
1.133333333335455 -0.01777777777741365 0.03333333333324572
1.066666666668817 -0.01777777777741363 0.03333333333324572
1.066666666668806 0.02777777777812753 0.03333333333324572
1.133333333335442 0.02777777777812751 0.03333333333324572
1.133333333335454 -0.01777777777740651 0.01666666666662286
1.066666666668825 -0.01777777777740653 0.01666666666662286
1.066666666668812 0.02777777777813011 0.01666666666662286
1.133333333335439 0.02777777777813011 0.01666666666662286
1.400000000001685 -0.06333333333298952 0.08333333333328954
1.400000000001665 -0.06333333333297791 0.06666666666657906
1.333333333335134 -0.06333333333296634 0.04999999999986858
1.266666666668623 -0.06333333333296635 0.04999999999986857
1.400000000001644 -0.01777777777742069 0.04999999999986858
1.400000000001644 0.02777777777812493 0.04999999999986858
1.333333333335166 -0.06333333333298953 0.08333333333328954
1.266666666668646 -0.06333333333298953 0.08333333333328954
1.266666666668635 -0.06333333333297794 0.06666666666657906
1.33333333333515 -0.06333333333297794 0.06666666666657906
1.400000000001685 -0.01777777777743488 0.08333333333328954
1.400000000001665 -0.01777777777742779 0.06666666666657906
1.400000000001664 0.02777777777812233 0.06666666666657906
1.400000000001685 0.02777777777811977 0.08333333333328954
1.333333333335131 -0.01777777777742071 0.04999999999986858
1.266666666668616 -0.01777777777742071 0.04999999999986858
1.266666666668609 0.02777777777812493 0.04999999999986857
1.333333333335127 0.02777777777812493 0.04999999999986858
1.333333333335166 -0.01777777777743489 0.08333333333328954
1.266666666668644 -0.0177777777774349 0.08333333333328954
1.266666666668642 0.02777777777811974 0.08333333333328953
1.333333333335163 0.02777777777811973 0.08333333333328954
1.333333333335147 -0.01777777777742781 0.06666666666657903
1.26666666666863 -0.01777777777742779 0.06666666666657908
1.266666666668625 0.02777777777812234 0.06666666666657904
1.333333333335145 0.02777777777812231 0.06666666666657906
1.400000000001624 -0.06333333333295471 0.03333333333324572
1.400000000001603 -0.0633333333329431 0.01666666666662286
1.333333333335118 -0.06333333333295472 0.03333333333324573
1.266666666668612 -0.06333333333295474 0.03333333333324572
1.266666666668601 -0.06333333333294311 0.01666666666662286
1.333333333335102 -0.06333333333294311 0.01666666666662286
1.400000000001624 -0.0177777777774136 0.03333333333324573
1.400000000001603 -0.01777777777740649 0.01666666666662286
1.400000000001602 0.02777777777813013 0.01666666666662286
1.400000000001623 0.02777777777812752 0.03333333333324572
1.333333333335113 -0.01777777777741361 0.03333333333324573
1.266666666668603 -0.01777777777741361 0.03333333333324573
1.266666666668593 0.0277777777781275 0.03333333333324572
1.333333333335108 0.0277777777781275 0.03333333333324573
1.333333333335096 -0.0177777777774065 0.01666666666662286
1.266666666668589 -0.01777777777740649 0.01666666666662286
1.266666666668577 0.02777777777813012 0.01666666666662286
1.33333333333509 0.02777777777813011 0.01666666666662286
1.600000000001061 -0.06333333333298952 0.08333333333328953
1.600000000001034 -0.06333333333297791 0.06666666666657906
1.533333333334553 -0.06333333333296631 0.04999999999986857
1.466666666668099 -0.06333333333296631 0.04999999999986857
1.600000000001014 -0.01777777777742068 0.04999999999986857
1.600000000001021 0.02777777777812496 0.04999999999986856
1.533333333334603 -0.06333333333298952 0.08333333333328954
1.466666666668144 -0.06333333333298952 0.08333333333328954
1.466666666668121 -0.06333333333297791 0.06666666666657906
1.533333333334578 -0.06333333333297791 0.06666666666657906
1.600000000001064 -0.01777777777743487 0.08333333333328954
1.600000000001039 -0.01777777777742778 0.06666666666657906
1.600000000001044 0.02777777777812235 0.06666666666657903
1.600000000001067 0.02777777777811977 0.08333333333328953
1.533333333334558 -0.01777777777742068 0.04999999999986858
1.466666666668101 -0.01777777777742068 0.04999999999986857
1.466666666668103 0.02777777777812494 0.04999999999986858
1.533333333334562 0.02777777777812495 0.04999999999986857
1.533333333334605 -0.01777777777743487 0.08333333333328954
1.466666666668145 -0.01777777777743487 0.08333333333328952
1.466666666668146 0.02777777777811978 0.08333333333328954
1.533333333334607 0.02777777777811977 0.08333333333328954
1.533333333334581 -0.01777777777742779 0.06666666666657906
1.466666666668122 -0.01777777777742777 0.06666666666657906
1.466666666668124 0.02777777777812232 0.06666666666657903
1.533333333334584 0.02777777777812235 0.06666666666657903
1.60000000000098 -0.06333333333295471 0.03333333333324572
1.600000000000952 -0.06333333333294312 0.01666666666662286
1.533333333334528 -0.06333333333295471 0.03333333333324573
1.466666666668076 -0.06333333333295471 0.03333333333324573
1.466666666668053 -0.06333333333294311 0.01666666666662286
1.533333333334503 -0.06333333333294311 0.01666666666662286
1.600000000000989 -0.01777777777741359 0.03333333333324572
1.600000000000964 -0.01777777777740649 0.01666666666662286
1.600000000000975 0.02777777777813013 0.01666666666662286
1.600000000000998 0.02777777777812753 0.03333333333324572
1.533333333334534 -0.0177777777774136 0.03333333333324574
1.466666666668079 -0.0177777777774136 0.03333333333324574
1.466666666668081 0.0277777777781275 0.03333333333324573
1.53333333333454 0.02777777777812752 0.03333333333324573
1.53333333333451 -0.01777777777740651 0.01666666666662287
1.466666666668057 -0.0177777777774065 0.01666666666662287
1.46666666666806 0.0277777777781301 0.01666666666662286
1.533333333334518 0.02777777777813012 0.01666666666662286
1.800000000000378 -0.0633333333329895 0.08333333333328953
1.800000000000385 -0.0633333333329779 0.06666666666657906
1.73333333333393 -0.06333333333296631 0.04999999999986857
1.666666666667469 -0.06333333333296631 0.04999999999986857
1.800000000000375 -0.01777777777742066 0.04999999999986857
1.800000000000357 0.02777777777812498 0.04999999999986857
1.733333333333939 -0.0633333333329895 0.08333333333328954
1.6666666666675 -0.0633333333329895 0.08333333333328953
1.666666666667485 -0.0633333333329779 0.06666666666657906
1.733333333333935 -0.0633333333329779 0.06666666666657906
1.800000000000372 -0.01777777777743486 0.08333333333328954
1.800000000000373 -0.01777777777742777 0.06666666666657906
1.800000000000362 0.02777777777812238 0.06666666666657906
1.800000000000366 0.02777777777811978 0.08333333333328953
1.733333333333921 -0.01777777777742067 0.04999999999986857
1.666666666667468 -0.01777777777742068 0.04999999999986857
1.666666666667467 0.02777777777812496 0.04999999999986855
1.733333333333912 0.02777777777812497 0.04999999999986857
1.733333333333936 -0.01777777777743488 0.08333333333328954
1.6666666666675 -0.01777777777743486 0.08333333333328953
1.6666666666675 0.02777777777811976 0.0833333333332895
1.733333333333934 0.02777777777811977 0.08333333333328953
1.733333333333929 -0.01777777777742777 0.06666666666657908
1.666666666667483 -0.0177777777774278 0.06666666666657906
1.666666666667483 0.02777777777812235 0.06666666666657901
1.733333333333923 0.02777777777812235 0.06666666666657903
1.800000000000399 -0.0633333333329547 0.03333333333324572
1.800000000000406 -0.0633333333329431 0.01666666666662286
1.733333333333926 -0.06333333333295471 0.03333333333324572
1.666666666667453 -0.06333333333295471 0.03333333333324572
1.666666666667437 -0.0633333333329431 0.01666666666662286
1.733333333333921 -0.06333333333294311 0.01666666666662286
1.800000000000376 -0.01777777777741357 0.03333333333324572
1.800000000000377 -0.01777777777740647 0.01666666666662286
1.800000000000348 0.02777777777813015 0.01666666666662286
1.800000000000353 0.02777777777812758 0.03333333333324572
1.733333333333914 -0.01777777777741359 0.03333333333324574
1.666666666667452 -0.0177777777774136 0.03333333333324571
1.66666666666745 0.02777777777812755 0.03333333333324572
1.733333333333901 0.02777777777812756 0.03333333333324572
1.733333333333906 -0.01777777777740648 0.01666666666662287
1.666666666667435 -0.01777777777740648 0.01666666666662285
1.666666666667434 0.02777777777813014 0.01666666666662286
1.73333333333389 0.02777777777813015 0.01666666666662286
1.933333333333464 -0.06333333333296634 0.04999999999986857
1.866666666666928 -0.06333333333296631 0.04999999999986857
1.933333333333459 -0.06333333333298952 0.08333333333328953
1.866666666666918 -0.0633333333329895 0.08333333333328953
1.866666666666923 -0.06333333333297791 0.06666666666657906
1.933333333333461 -0.06333333333297794 0.06666666666657906
1.933333333333458 -0.01777777777742067 0.04999999999986857
1.866666666666917 -0.01777777777742066 0.04999999999986857
1.866666666666905 0.02777777777812498 0.04999999999986857
1.933333333333453 0.02777777777812497 0.04999999999986857
1.933333333333458 -0.01777777777736668 0.0833333333332895
1.866666666666915 -0.01777777777740076 0.0833333333332895
1.866666666666911 0.02777777777815163 0.0833333333332895
1.933333333333455 0.0277777777781835 0.0833333333332895
1.933333333333457 -0.01777777777739369 0.06666666666657908
1.866666666666915 -0.01777777777741072 0.06666666666657906
1.866666666666908 0.02777777777813829 0.06666666666657903
1.933333333333453 0.02777777777815422 0.06666666666657903
1.933333333333466 -0.06333333333295474 0.03333333333324572
1.866666666666932 -0.0633333333329547 0.03333333333324572
1.866666666666937 -0.06333333333294311 0.01666666666662286
1.933333333333469 -0.06333333333294311 0.01666666666662286
1.933333333333459 -0.017777777777378 0.03333333333324573
1.866666666666917 -0.01777777777739576 0.03333333333324573
1.866666666666902 0.02777777777814348 0.03333333333324571
1.93333333333345 0.0277777777781594 0.03333333333324571
1.933333333333459 -0.01777777777733532 0.01666666666662286
1.866666666666918 -0.01777777777737091 0.01666666666662286
1.866666666666899 0.02777777777816194 0.01666666666662285
1.933333333333449 0.02777777777819376 0.01666666666662285
0.4000000000005929 -0.1544444444443221 0.04999999999986856
0.4000000000005875 -0.1088888888886442 0.04999999999986855
0.4000000000005414 -0.1544444444443298 0.08333333333328953
0.4000000000005671 -0.154444444444326 0.06666666666657906
0.4000000000005636 -0.108888888888652 0.06666666666657904
0.4000000000005395 -0.1088888888886597 0.08333333333328953
0.3333333333337286 -0.1544444444443221 0.04999999999986857
0.2666666666668643 -0.1544444444443221 0.04999999999986857
0.2666666666668625 -0.1088888888886443 0.04999999999986855
0.333333333333725 -0.1088888888886442 0.04999999999986856
0.3333333333336683 -0.1544444444443315 0.08333333333328317
0.2666666666668728 -0.1544444444443332 0.08333333333327679
0.2666666666668592 -0.1088888888886562 0.08333333333328317
0.3333333333336801 -0.108888888888658 0.08333333333328634
0.3333333333336986 -0.1544444444443268 0.06666666666658086
0.2666666666668686 -0.1544444444443277 0.06666666666658261
0.2666666666668609 -0.1088888888886503 0.06666666666658082
0.3333333333337026 -0.1088888888886511 0.06666666666657994
0.4000000000006186 -0.1544444444443183 0.03333333333324571
0.4000000000006443 -0.1544444444443143 0.01666666666662285
0.4000000000006355 -0.1088888888886287 0.01666666666662285
0.4000000000006115 -0.1088888888886365 0.0333333333332457
0.3333333333337459 -0.1544444444443172 0.03333333333324683
0.2666666666668729 -0.154444444444316 0.03333333333324794
0.2666666666668704 -0.1088888888886364 0.03333333333324683
0.333333333333741 -0.1088888888886364 0.03333333333324626
0.3333333333337629 -0.1544444444443123 0.01666666666662507
0.2666666666668813 -0.1544444444443101 0.01666666666662729
0.2666666666668785 -0.1088888888886285 0.01666666666662507
0.333333333333757 -0.1088888888886286 0.01666666666662396
0.6000000000010626 -0.1544444444443221 0.04999999999986857
0.6000000000010521 -0.1088888888886442 0.04999999999986857
0.6000000000010417 -0.1544444444443298 0.08333333333328954
0.6000000000010522 -0.154444444444326 0.06666666666657904
0.6000000000010451 -0.1088888888886519 0.06666666666657904
0.6000000000010383 -0.1088888888886597 0.08333333333328952
0.5333333333342394 -0.1544444444443221 0.04999999999986857
0.4666666666674161 -0.1544444444443221 0.04999999999986857
0.466666666667409 -0.1088888888886442 0.04999999999986857
0.5333333333342305 -0.1088888888886442 0.04999999999986857
0.5333333333342432 -0.1544444444443298 0.08333333333328952
0.466666666667367 -0.1544444444443298 0.08333333333328952
0.4666666666673686 -0.1088888888886596 0.08333333333328953
0.5333333333342228 -0.1088888888886597 0.08333333333328953
0.5333333333342412 -0.1544444444443259 0.06666666666657908
0.4666666666673916 -0.1544444444443259 0.06666666666657908
0.4666666666673886 -0.1088888888886519 0.06666666666657903
0.5333333333342265 -0.1088888888886519 0.06666666666657906
0.600000000001073 -0.1544444444443182 0.03333333333324572
0.6000000000010833 -0.1544444444443143 0.01666666666662286
0.6000000000010661 -0.1088888888886287 0.01666666666662286
0.600000000001059 -0.1088888888886365 0.03333333333324572
0.5333333333342579 -0.1544444444443182 0.03333333333324574
0.4666666666674356 -0.1544444444443183 0.03333333333324573
0.4666666666674267 -0.1088888888886364 0.03333333333324573
0.5333333333342445 -0.1088888888886364 0.03333333333324572
0.5333333333342765 -0.1544444444443144 0.01666666666662287
0.4666666666674547 -0.1544444444443143 0.01666666666662286
0.4666666666674444 -0.1088888888886287 0.01666666666662286
0.5333333333342589 -0.1088888888886287 0.01666666666662286
0.8000000000016093 -0.1544444444443221 0.04999999999986857
0.8000000000016091 -0.1088888888886442 0.04999999999986857
0.8000000000015677 -0.1544444444443298 0.08333333333328954
0.8000000000015886 -0.154444444444326 0.06666666666657906
0.8000000000015883 -0.1088888888886519 0.06666666666657904
0.8000000000015677 -0.1088888888886597 0.08333333333328954
0.7333333333347604 -0.1544444444443221 0.04999999999986858
0.6666666666679115 -0.1544444444443221 0.04999999999986857
0.6666666666679045 -0.1088888888886442 0.04999999999986857
0.7333333333347568 -0.1088888888886442 0.04999999999986857
0.7333333333347002 -0.1544444444443299 0.08333333333328954
0.66666666666791 -0.1544444444443298 0.08333333333328952
0.6666666666678942 -0.1088888888886597 0.08333333333328953
0.733333333334712 -0.1088888888886597 0.08333333333328956
0.7333333333347304 -0.1544444444443259 0.06666666666657908
0.6666666666679106 -0.1544444444443259 0.06666666666657907
0.6666666666678993 -0.1088888888886519 0.06666666666657906
0.7333333333347342 -0.1088888888886519 0.06666666666657903
0.8000000000016301 -0.1544444444443183 0.03333333333324572
0.8000000000016507 -0.1544444444443143 0.01666666666662286
0.8000000000016505 -0.1088888888886287 0.01666666666662286
0.8000000000016299 -0.1088888888886365 0.03333333333324572
0.7333333333347792 -0.1544444444443182 0.03333333333324574
0.6666666666679237 -0.1544444444443182 0.03333333333324572
0.6666666666679154 -0.1088888888886365 0.03333333333324573
0.7333333333347739 -0.1088888888886364 0.03333333333324573
0.7333333333347977 -0.1544444444443144 0.01666666666662287
0.6666666666679362 -0.1544444444443143 0.01666666666662286
0.666666666667926 -0.1088888888886287 0.01666666666662286
0.7333333333347907 -0.1088888888886287 0.01666666666662286
1.000000000002182 -0.1544444444443221 0.04999999999986855
1.000000000002175 -0.1088888888886442 0.04999999999986855
1.000000000002131 -0.1544444444443298 0.08333333333328953
1.000000000002156 -0.154444444444326 0.06666666666657904
1.000000000002152 -0.1088888888886519 0.06666666666657903
1.000000000002129 -0.1088888888886597 0.08333333333328953
0.9333333333353245 -0.1544444444443221 0.04999999999986857
0.8666666666684668 -0.1544444444443221 0.04999999999986857
0.8666666666684641 -0.1088888888886442 0.04999999999986857
0.9333333333353198 -0.1088888888886442 0.04999999999986857
0.9333333333352907 -0.1544444444443298 0.08333333333328954
0.8666666666684077 -0.1544444444443298 0.08333333333328952
0.866666666668414 -0.1088888888886597 0.08333333333328957
0.9333333333352818 -0.1088888888886596 0.08333333333328954
0.9333333333353075 -0.1544444444443259 0.06666666666657908
0.8666666666684371 -0.1544444444443259 0.06666666666657907
0.8666666666684389 -0.1088888888886519 0.06666666666657903
0.933333333335301 -0.1088888888886519 0.06666666666657904
1.000000000002208 -0.1544444444443182 0.03333333333324572
1.000000000002233 -0.1544444444443143 0.01666666666662286
1.000000000002221 -0.1088888888886287 0.01666666666662285
1.000000000002198 -0.1088888888886365 0.03333333333324571
0.9333333333353431 -0.1544444444443182 0.03333333333324574
0.8666666666684972 -0.1544444444443183 0.03333333333324573
0.86666666666849 -0.1088888888886365 0.03333333333324572
0.9333333333353392 -0.1088888888886365 0.03333333333324573
0.9333333333353606 -0.1544444444443144 0.01666666666662287
0.8666666666685274 -0.1544444444443143 0.01666666666662286
0.8666666666685152 -0.1088888888886287 0.01666666666662286
0.9333333333353587 -0.1088888888886287 0.01666666666662286
1.200000000002134 -0.1544444444443221 0.04999999999986857
1.200000000002123 -0.1088888888886443 0.04999999999986857
1.200000000002134 -0.1544444444443299 0.08333333333328953
1.200000000002134 -0.154444444444326 0.06666666666657906
1.200000000002127 -0.108888888888652 0.06666666666657906
1.200000000002131 -0.1088888888886597 0.08333333333328953
1.133333333335483 -0.1544444444443221 0.04999999999986858
1.066666666668833 -0.1544444444443221 0.04999999999986857
1.066666666668824 -0.1088888888886442 0.04999999999986856
1.133333333335474 -0.1088888888886443 0.04999999999986857
1.133333333335557 -0.1544444444443299 0.08333333333328954
1.066666666668882 -0.1544444444443298 0.0833333333332895
1.066666666668838 -0.1088888888886597 0.08333333333328953
1.133333333335509 -0.1088888888886597 0.08333333333328954
1.133333333335521 -0.154444444444326 0.06666666666657908
1.066666666668858 -0.1544444444443259 0.06666666666657906
1.066666666668831 -0.108888888888652 0.06666666666657903
1.133333333335492 -0.108888888888652 0.06666666666657906
1.200000000002134 -0.1544444444443183 0.03333333333324572
1.200000000002134 -0.1544444444443143 0.01666666666662286
1.200000000002117 -0.1088888888886288 0.01666666666662286
1.20000000000212 -0.1088888888886365 0.03333333333324572
1.133333333335529 -0.1544444444443183 0.03333333333324574
1.066666666668904 -0.1544444444443182 0.03333333333324574
1.066666666668866 -0.1088888888886365 0.03333333333324571
1.133333333335498 -0.1088888888886366 0.03333333333324572
1.133333333335575 -0.1544444444443143 0.01666666666662287
1.066666666668976 -0.1544444444443143 0.01666666666662287
1.066666666668907 -0.1088888888886287 0.01666666666662285
1.133333333335522 -0.1088888888886287 0.01666666666662286
1.400000000001645 -0.1544444444443221 0.04999999999986857
1.400000000001645 -0.1088888888886442 0.04999999999986857
1.400000000001685 -0.1544444444443298 0.08333333333328954
1.400000000001665 -0.154444444444326 0.06666666666657906
1.400000000001665 -0.1088888888886519 0.06666666666657904
1.400000000001685 -0.1088888888886597 0.08333333333328954
1.333333333335141 -0.1544444444443221 0.04999999999986858
1.266666666668637 -0.1544444444443221 0.04999999999986857
1.266666666668631 -0.1088888888886443 0.04999999999986857
1.333333333335137 -0.1088888888886443 0.04999999999986857
1.333333333335163 -0.1544444444443299 0.08333333333328952
1.266666666668629 -0.1544444444443298 0.08333333333328952
1.266666666668637 -0.1088888888886597 0.08333333333328954
1.333333333335164 -0.1088888888886597 0.08333333333328956
1.333333333335152 -0.1544444444443259 0.06666666666657908
1.266666666668633 -0.154444444444326 0.06666666666657908
1.266666666668634 -0.108888888888652 0.06666666666657904
1.333333333335151 -0.108888888888652 0.06666666666657903
1.400000000001624 -0.1544444444443182 0.03333333333324572
1.400000000001604 -0.1544444444443143 0.01666666666662286
1.400000000001603 -0.1088888888886287 0.01666666666662286
1.400000000001624 -0.1088888888886365 0.03333333333324572
1.333333333335124 -0.1544444444443182 0.03333333333324574
1.266666666668629 -0.1544444444443183 0.03333333333324573
1.266666666668621 -0.1088888888886365 0.03333333333324573
1.333333333335122 -0.1088888888886365 0.03333333333324573
1.33333333333511 -0.1544444444443144 0.01666666666662287
1.266666666668622 -0.1544444444443143 0.01666666666662286
1.266666666668612 -0.1088888888886287 0.01666666666662286
1.333333333335106 -0.1088888888886287 0.01666666666662286
1.600000000000994 -0.1544444444443221 0.04999999999986857
1.600000000001 -0.1088888888886442 0.04999999999986857
1.600000000001057 -0.1544444444443298 0.08333333333328953
1.600000000001025 -0.154444444444326 0.06666666666657906
1.600000000001029 -0.1088888888886519 0.06666666666657906
1.600000000001059 -0.1088888888886597 0.08333333333328953
1.533333333334544 -0.1544444444443221 0.04999999999986858
1.466666666668094 -0.1544444444443221 0.04999999999986858
1.466666666668096 -0.1088888888886442 0.04999999999986857
1.533333333334548 -0.1088888888886442 0.04999999999986857
1.533333333334598 -0.1544444444443298 0.08333333333328954
1.466666666668168 -0.1544444444443298 0.08333333333328952
1.466666666668155 -0.1088888888886596 0.08333333333328954
1.533333333334599 -0.1088888888886597 0.08333333333328954
1.533333333334571 -0.1544444444443259 0.06666666666657908
1.466666666668131 -0.1544444444443259 0.06666666666657908
1.466666666668126 -0.1088888888886519 0.06666666666657906
1.533333333334574 -0.1088888888886519 0.06666666666657904
1.600000000000962 -0.1544444444443182 0.03333333333324572
1.60000000000093 -0.1544444444443143 0.01666666666662286
1.600000000000941 -0.1088888888886287 0.01666666666662286
1.600000000000971 -0.1088888888886365 0.03333333333324572
1.533333333334509 -0.1544444444443182 0.03333333333324574
1.466666666668062 -0.1544444444443182 0.03333333333324572
1.466666666668069 -0.1088888888886364 0.03333333333324572
1.533333333334518 -0.1088888888886365 0.03333333333324573
1.533333333334474 -0.1544444444443144 0.01666666666662287
1.46666666666803 -0.1544444444443143 0.01666666666662286
1.466666666668041 -0.1088888888886287 0.01666666666662286
1.533333333334488 -0.1088888888886287 0.01666666666662286
1.800000000000427 -0.1544444444443221 0.04999999999986857
1.800000000000409 -0.1088888888886442 0.04999999999986857
1.800000000000389 -0.1544444444443298 0.08333333333328953
1.800000000000408 -0.154444444444326 0.06666666666657906
1.800000000000396 -0.1088888888886519 0.06666666666657906
1.800000000000384 -0.1088888888886597 0.08333333333328953
1.733333333333949 -0.1544444444443221 0.04999999999986857
1.666666666667471 -0.1544444444443221 0.04999999999986857
1.66666666666747 -0.1088888888886442 0.04999999999986857
1.73333333333394 -0.1088888888886442 0.04999999999986857
1.733333333333952 -0.1544444444443298 0.08333333333328954
1.66666666666746 -0.1544444444443298 0.08333333333328952
1.66666666666748 -0.1088888888886596 0.08333333333328954
1.733333333333945 -0.1088888888886596 0.08333333333328952
1.733333333333951 -0.1544444444443259 0.06666666666657908
1.666666666667466 -0.1544444444443259 0.06666666666657908
1.666666666667475 -0.1088888888886519 0.06666666666657906
1.733333333333943 -0.1088888888886519 0.06666666666657906
1.800000000000445 -0.1544444444443182 0.03333333333324572
1.800000000000463 -0.1544444444443143 0.01666666666662286
1.800000000000435 -0.1088888888886287 0.01666666666662286
1.800000000000422 -0.1088888888886365 0.03333333333324572
1.733333333333952 -0.1544444444443182 0.03333333333324573
1.66666666666746 -0.1544444444443182 0.03333333333324573
1.666666666667456 -0.1088888888886365 0.03333333333324572
1.733333333333939 -0.1088888888886365 0.03333333333324572
1.733333333333955 -0.1544444444443144 0.01666666666662286
1.666666666667448 -0.1544444444443143 0.01666666666662286
1.666666666667443 -0.1088888888886287 0.01666666666662286
1.733333333333939 -0.1088888888886287 0.01666666666662286
1.933333333333476 -0.1544444444443221 0.04999999999986857
1.866666666666951 -0.1544444444443221 0.04999999999986857
1.86666666666694 -0.1088888888886442 0.04999999999986857
1.933333333333469 -0.1088888888886442 0.04999999999986857
1.933333333333464 -0.1544444444443332 0.0833333333332768
1.866666666666951 -0.1544444444443314 0.08333333333328315
1.866666666666934 -0.1088888888886579 0.08333333333328635
1.933333333333461 -0.1088888888886562 0.08333333333328317
1.93333333333347 -0.1544444444443276 0.06666666666658264
1.866666666666951 -0.1544444444443267 0.06666666666658086
1.866666666666937 -0.1088888888886511 0.06666666666657993
1.933333333333465 -0.1088888888886502 0.06666666666658083
1.933333333333455 -0.1544444444443161 0.03333333333324794
1.866666666666964 -0.1544444444443172 0.03333333333324684
1.866666666666949 -0.1088888888886364 0.03333333333324626
1.93333333333346 -0.1088888888886363 0.03333333333324684
1.933333333333435 -0.15444444444431 0.01666666666662728
1.866666666666978 -0.1544444444443121 0.01666666666662507
1.866666666666958 -0.1088888888886286 0.01666666666662396
1.933333333333452 -0.1088888888886284 0.01666666666662507
$EndNodes
$Elements
25 384 729 1150
2 24 36 6
729 6 21 123 54 292 293 576 577 578 579 393 392 580 581 582 583 
730 54 123 57 14 579 578 584 585 405 404 395 394 586 587 588 589 
731 21 22 124 123 294 295 590 591 592 593 577 576 594 595 596 597 
732 123 124 58 57 593 592 598 599 407 406 585 584 600 601 602 603 
733 22 5 53 124 296 297 388 389 604 605 591 590 606 607 608 609 
734 124 53 13 58 605 604 390 391 409 408 599 598 610 611 612 613 
2 28 36 6
735 5 23 125 53 298 299 614 615 616 617 389 388 618 619 620 621 
736 53 125 59 13 617 616 622 623 411 410 391 390 624 625 626 627 
737 23 24 126 125 300 301 628 629 630 631 615 614 632 633 634 635 
738 125 126 60 59 631 630 636 637 413 412 623 622 638 639 640 641 
739 24 7 55 126 302 303 396 397 642 643 629 628 644 645 646 647 
740 126 55 15 60 643 642 398 399 415 414 637 636 648 649 650 651 
2 36 36 6
747 8 27 129 56 310 311 690 691 692 693 401 400 694 695 696 697 
748 56 129 63 16 693 692 698 699 423 422 403 402 700 701 702 703 
749 27 28 130 129 312 313 704 705 706 707 691 690 708 709 710 711 
750 129 130 64 63 707 706 712 713 425 424 699 698 714 715 716 717 
751 28 6 54 130 314 315 392 393 718 719 705 704 720 721 722 723 
752 130 54 14 64 719 718 394 395 427 426 713 712 724 725 726 727 
2 56 36 6
785 3 41 143 51 348 349 936 937 938 939 381 380 940 941 942 943 
786 51 143 77 11 939 938 944 945 461 460 383 382 946 947 948 949 
787 41 42 144 143 350 351 950 951 952 953 937 936 954 955 956 957 
788 143 144 78 77 953 952 958 959 463 462 945 944 960 961 962 963 
789 42 4 52 144 352 353 384 385 964 965 951 950 966 967 968 969 
790 144 52 12 78 965 964 386 387 465 464 959 958 970 971 972 973 
2 60 36 6
791 4 43 145 52 354 355 974 975 976 977 385 384 978 979 980 981 
792 52 145 79 12 977 976 982 983 467 466 387 386 984 985 986 987 
793 43 44 146 145 356 357 988 989 990 991 975 974 992 993 994 995 
794 145 146 80 79 991 990 996 997 469 468 983 982 998 999 1000 1001 
795 44 1 49 146 358 359 372 373 1002 1003 989 988 1004 1005 1006 1007 
796 146 49 9 80 1003 1002 374 375 471 470 997 996 1008 1009 1010 1011 
2 64 36 6
797 1 45 147 49 360 361 1012 1013 1014 1015 373 372 1016 1017 1018 1019 
798 49 147 81 9 1015 1014 1020 1021 473 472 375 374 1022 1023 1024 1025 
799 45 46 148 147 362 363 1026 1027 1028 1029 1013 1012 1030 1031 1032 1033 
800 147 148 82 81 1029 1028 1034 1035 475 474 1021 1020 1036 1037 1038 1039 
801 46 2 50 148 364 365 376 377 1040 1041 1027 1026 1042 1043 1044 1045 
802 148 50 10 82 1041 1040 378 379 477 476 1035 1034 1046 1047 1048 1049 
2 68 36 6
803 2 47 149 50 366 367 1050 1051 1052 1053 377 376 1054 1055 1056 1057 
804 50 149 83 10 1053 1052 1058 1059 479 478 379 378 1060 1061 1062 1063 
805 47 48 150 149 368 369 1064 1065 1066 1067 1051 1050 1068 1069 1070 1071 
806 149 150 84 83 1067 1066 1072 1073 481 480 1059 1058 1074 1075 1076 1077 
807 48 3 51 150 370 371 380 381 1078 1079 1065 1064 1080 1081 1082 1083 
808 150 51 11 84 1079 1078 382 383 483 482 1073 1072 1084 1085 1086 1087 
2 69 36 12
809 6 21 151 29 292 293 1088 1089 1090 1091 317 316 1092 1093 1094 1095 
810 29 151 152 30 1091 1090 1096 1097 1098 1099 319 318 1100 1101 1102 1103 
811 30 152 153 31 1099 1098 1104 1105 1106 1107 321 320 1108 1109 1110 1111 
812 31 153 41 3 1107 1106 1112 1113 349 348 323 322 1114 1115 1116 1117 
813 21 22 154 151 294 295 1118 1119 1120 1121 1089 1088 1122 1123 1124 1125 
814 151 154 155 152 1121 1120 1126 1127 1128 1129 1097 1096 1130 1131 1132 1133 
815 152 155 156 153 1129 1128 1134 1135 1136 1137 1105 1104 1138 1139 1140 1141 
816 153 156 42 41 1137 1136 1142 1143 351 350 1113 1112 1144 1145 1146 1147 
817 22 5 32 154 296 297 324 325 1148 1149 1119 1118 1150 1151 1152 1153 
818 154 32 33 155 1149 1148 326 327 1154 1155 1127 1126 1156 1157 1158 1159 
819 155 33 34 156 1155 1154 328 329 1160 1161 1135 1134 1162 1163 1164 1165 
820 156 34 4 42 1161 1160 330 331 353 352 1143 1142 1166 1167 1168 1169 
2 70 36 12
821 5 32 157 23 324 325 1170 1171 1172 1173 299 298 1174 1175 1176 1177 
822 23 157 158 24 1173 1172 1178 1179 1180 1181 301 300 1182 1183 1184 1185 
823 24 158 35 7 1181 1180 1186 1187 333 332 303 302 1188 1189 1190 1191 
824 32 33 159 157 326 327 1192 1193 1194 1195 1171 1170 1196 1197 1198 1199 
825 157 159 160 158 1195 1194 1200 1201 1202 1203 1179 1178 1204 1205 1206 1207 
826 158 160 36 35 1203 1202 1208 1209 335 334 1187 1186 1210 1211 1212 1213 
827 33 34 161 159 328 329 1214 1215 1216 1217 1193 1192 1218 1219 1220 1221 
828 159 161 162 160 1217 1216 1222 1223 1224 1225 1201 1200 1226 1227 1228 1229 
829 160 162 37 36 1225 1224 1230 1231 337 336 1209 1208 1232 1233 1234 1235 
830 34 4 43 161 330 331 354 355 1236 1237 1215 1214 1238 1239 1240 1241 
831 161 43 44 162 1237 1236 356 357 1242 1243 1223 1222 1244 1245 1246 1247 
832 162 44 1 37 1243 1242 358 359 339 338 1231 1230 1248 1249 1250 1251 
2 71 36 12
833 7 35 163 25 332 333 1252 1253 1254 1255 305 304 1256 1257 1258 1259 
834 25 163 164 26 1255 1254 1260 1261 1262 1263 307 306 1264 1265 1266 1267 
835 26 164 38 8 1263 1262 1268 1269 341 340 309 308 1270 1271 1272 1273 
836 35 36 165 163 334 335 1274 1275 1276 1277 1253 1252 1278 1279 1280 1281 
837 163 165 166 164 1277 1276 1282 1283 1284 1285 1261 1260 1286 1287 1288 1289 
838 164 166 39 38 1285 1284 1290 1291 343 342 1269 1268 1292 1293 1294 1295 
839 36 37 167 165 336 337 1296 1297 1298 1299 1275 1274 1300 1301 1302 1303 
840 165 167 168 166 1299 1298 1304 1305 1306 1307 1283 1282 1308 1309 1310 1311 
841 166 168 40 39 1307 1306 1312 1313 345 344 1291 1290 1314 1315 1316 1317 
842 37 1 45 167 338 339 360 361 1318 1319 1297 1296 1320 1321 1322 1323 
843 167 45 46 168 1319 1318 362 363 1324 1325 1305 1304 1326 1327 1328 1329 
844 168 46 2 40 1325 1324 364 365 347 346 1313 1312 1330 1331 1332 1333 
2 72 36 12
845 2 47 169 40 366 367 1334 1335 1336 1337 346 347 1338 1339 1340 1341 
846 40 169 170 39 1337 1336 1342 1343 1344 1345 344 345 1346 1347 1348 1349 
847 39 170 171 38 1345 1344 1350 1351 1352 1353 342 343 1354 1355 1356 1357 
848 38 171 27 8 1353 1352 1358 1359 311 310 340 341 1360 1361 1362 1363 
849 47 48 172 169 368 369 1364 1365 1366 1367 1335 1334 1368 1369 1370 1371 
850 169 172 173 170 1367 1366 1372 1373 1374 1375 1343 1342 1376 1377 1378 1379 
851 170 173 174 171 1375 1374 1380 1381 1382 1383 1351 1350 1384 1385 1386 1387 
852 171 174 28 27 1383 1382 1388 1389 313 312 1359 1358 1390 1391 1392 1393 
853 48 3 31 172 370 371 323 322 1394 1395 1365 1364 1396 1397 1398 1399 
854 172 31 30 173 1395 1394 321 320 1400 1401 1373 1372 1402 1403 1404 1405 
855 173 30 29 174 1401 1400 319 318 1406 1407 1381 1380 1408 1409 1410 1411 
856 174 29 6 28 1407 1406 317 316 315 314 1389 1388 1412 1413 1414 1415 
2 73 36 12
857 14 57 175 65 404 405 1416 1417 1418 1419 429 428 1420 1421 1422 1423 
858 65 175 176 66 1419 1418 1424 1425 1426 1427 431 430 1428 1429 1430 1431 
859 66 176 177 67 1427 1426 1432 1433 1434 1435 433 432 1436 1437 1438 1439 
860 67 177 77 11 1435 1434 1440 1441 461 460 435 434 1442 1443 1444 1445 
861 57 58 178 175 406 407 1446 1447 1448 1449 1417 1416 1450 1451 1452 1453 
862 175 178 179 176 1449 1448 1454 1455 1456 1457 1425 1424 1458 1459 1460 1461 
863 176 179 180 177 1457 1456 1462 1463 1464 1465 1433 1432 1466 1467 1468 1469 
864 177 180 78 77 1465 1464 1470 1471 463 462 1441 1440 1472 1473 1474 1475 
865 58 13 68 178 408 409 436 437 1476 1477 1447 1446 1478 1479 1480 1481 
866 178 68 69 179 1477 1476 438 439 1482 1483 1455 1454 1484 1485 1486 1487 
867 179 69 70 180 1483 1482 440 441 1488 1489 1463 1462 1490 1491 1492 1493 
868 180 70 12 78 1489 1488 442 443 465 464 1471 1470 1494 1495 1496 1497 
2 74 36 12
869 13 68 181 59 436 437 1498 1499 1500 1501 411 410 1502 1503 1504 1505 
870 59 181 182 60 1501 1500 1506 1507 1508 1509 413 412 1510 1511 1512 1513 
871 60 182 71 15 1509 1508 1514 1515 445 444 415 414 1516 1517 1518 1519 
872 68 69 183 181 438 439 1520 1521 1522 1523 1499 1498 1524 1525 1526 1527 
873 181 183 184 182 1523 1522 1528 1529 1530 1531 1507 1506 1532 1533 1534 1535 
874 182 184 72 71 1531 1530 1536 1537 447 446 1515 1514 1538 1539 1540 1541 
875 69 70 185 183 440 441 1542 1543 1544 1545 1521 1520 1546 1547 1548 1549 
876 183 185 186 184 1545 1544 1550 1551 1552 1553 1529 1528 1554 1555 1556 1557 
877 184 186 73 72 1553 1552 1558 1559 449 448 1537 1536 1560 1561 1562 1563 
878 70 12 79 185 442 443 466 467 1564 1565 1543 1542 1566 1567 1568 1569 
879 185 79 80 186 1565 1564 468 469 1570 1571 1551 1550 1572 1573 1574 1575 
880 186 80 9 73 1571 1570 470 471 451 450 1559 1558 1576 1577 1578 1579 
2 75 36 12
881 15 71 187 61 444 445 1580 1581 1582 1583 417 416 1584 1585 1586 1587 
882 61 187 188 62 1583 1582 1588 1589 1590 1591 419 418 1592 1593 1594 1595 
883 62 188 74 16 1591 1590 1596 1597 453 452 421 420 1598 1599 1600 1601 
884 71 72 189 187 446 447 1602 1603 1604 1605 1581 1580 1606 1607 1608 1609 
885 187 189 190 188 1605 1604 1610 1611 1612 1613 1589 1588 1614 1615 1616 1617 
886 188 190 75 74 1613 1612 1618 1619 455 454 1597 1596 1620 1621 1622 1623 
887 72 73 191 189 448 449 1624 1625 1626 1627 1603 1602 1628 1629 1630 1631 
888 189 191 192 190 1627 1626 1632 1633 1634 1635 1611 1610 1636 1637 1638 1639 
889 190 192 76 75 1635 1634 1640 1641 457 456 1619 1618 1642 1643 1644 1645 
890 73 9 81 191 450 451 472 473 1646 1647 1625 1624 1648 1649 1650 1651 
891 191 81 82 192 1647 1646 474 475 1652 1653 1633 1632 1654 1655 1656 1657 
892 192 82 10 76 1653 1652 476 477 459 458 1641 1640 1658 1659 1660 1661 
2 76 36 12
893 10 83 193 76 478 479 1662 1663 1664 1665 458 459 1666 1667 1668 1669 
894 76 193 194 75 1665 1664 1670 1671 1672 1673 456 457 1674 1675 1676 1677 
895 75 194 195 74 1673 1672 1678 1679 1680 1681 454 455 1682 1683 1684 1685 
896 74 195 63 16 1681 1680 1686 1687 423 422 452 453 1688 1689 1690 1691 
897 83 84 196 193 480 481 1692 1693 1694 1695 1663 1662 1696 1697 1698 1699 
898 193 196 197 194 1695 1694 1700 1701 1702 1703 1671 1670 1704 1705 1706 1707 
899 194 197 198 195 1703 1702 1708 1709 1710 1711 1679 1678 1712 1713 1714 1715 
900 195 198 64 63 1711 1710 1716 1717 425 424 1687 1686 1718 1719 1720 1721 
901 84 11 67 196 482 483 435 434 1722 1723 1693 1692 1724 1725 1726 1727 
902 196 67 66 197 1723 1722 433 432 1728 1729 1701 1700 1730 1731 1732 1733 
903 197 66 65 198 1729 1728 431 430 1734 1735 1709 1708 1736 1737 1738 1739 
904 198 65 14 64 1735 1734 429 428 427 426 1717 1716 1740 1741 1742 1743 
2 77 36 18
905 20 94 199 93 506 507 1744 1745 1746 1747 504 505 1748 1749 1750 1751 
906 93 199 92 19 1747 1746 1752 1753 500 501 502 503 1754 1755 1756 1757 
907 94 95 200 199 508 509 1758 1759 1760 1761 1745 1744 1762 1763 1764 1765 
908 199 200 91 92 1761 1760 1766 1767 498 499 1753 1752 1768 1769 1770 1771 
909 95 96 201 200 510 511 1772 1773 1774 1775 1759 1758 1776 1777 1778 1779 
910 200 201 90 91 1775 1774 1780 1781 496 497 1767 1766 1782 1783 1784 1785 
911 96 97 202 201 512 513 1786 1787 1788 1789 1773 1772 1790 1791 1792 1793 
912 201 202 89 90 1789 1788 1794 1795 494 495 1781 1780 1796 1797 1798 1799 
913 97 98 203 202 514 515 1800 1801 1802 1803 1787 1786 1804 1805 1806 1807 
914 202 203 88 89 1803 1802 1808 1809 492 493 1795 1794 1810 1811 1812 1813 
915 98 99 204 203 516 517 1814 1815 1816 1817 1801 1800 1818 1819 1820 1821 
916 203 204 87 88 1817 1816 1822 1823 490 491 1809 1808 1824 1825 1826 1827 
917 99 100 205 204 518 519 1828 1829 1830 1831 1815 1814 1832 1833 1834 1835 
918 204 205 86 87 1831 1830 1836 1837 488 489 1823 1822 1838 1839 1840 1841 
919 100 101 206 205 520 521 1842 1843 1844 1845 1829 1828 1846 1847 1848 1849 
920 205 206 85 86 1845 1844 1850 1851 486 487 1837 1836 1852 1853 1854 1855 
921 101 15 55 206 522 523 399 398 1856 1857 1843 1842 1858 1859 1860 1861 
922 206 55 7 85 1857 1856 397 396 484 485 1851 1850 1862 1863 1864 1865 
2 78 36 6
923 19 93 207 102 502 503 1866 1867 1868 1869 525 524 1870 1871 1872 1873 
924 102 207 208 103 1869 1868 1874 1875 1876 1877 527 526 1878 1879 1880 1881 
925 103 208 106 17 1877 1876 1882 1883 537 536 529 528 1884 1885 1886 1887 
926 93 20 104 207 504 505 530 531 1888 1889 1867 1866 1890 1891 1892 1893 
927 207 104 105 208 1889 1888 532 533 1894 1895 1875 1874 1896 1897 1898 1899 
928 208 105 18 106 1895 1894 534 535 539 538 1883 1882 1900 1901 1902 1903 
2 79 36 18
929 18 107 209 106 540 541 1904 1905 1906 1907 538 539 1908 1909 1910 1911 
930 106 209 115 17 1907 1906 1912 1913 559 558 536 537 1914 1915 1916 1917 
931 107 108 210 209 542 543 1918 1919 1920 1921 1905 1904 1922 1923 1924 1925 
932 209 210 116 115 1921 1920 1926 1927 561 560 1913 1912 1928 1929 1930 1931 
933 108 109 211 210 544 545 1932 1933 1934 1935 1919 1918 1936 1937 1938 1939 
934 210 211 117 116 1935 1934 1940 1941 563 562 1927 1926 1942 1943 1944 1945 
935 109 110 212 211 546 547 1946 1947 1948 1949 1933 1932 1950 1951 1952 1953 
936 211 212 118 117 1949 1948 1954 1955 565 564 1941 1940 1956 1957 1958 1959 
937 110 111 213 212 548 549 1960 1961 1962 1963 1947 1946 1964 1965 1966 1967 
938 212 213 119 118 1963 1962 1968 1969 567 566 1955 1954 1970 1971 1972 1973 
939 111 112 214 213 550 551 1974 1975 1976 1977 1961 1960 1978 1979 1980 1981 
940 213 214 120 119 1977 1976 1982 1983 569 568 1969 1968 1984 1985 1986 1987 
941 112 113 215 214 552 553 1988 1989 1990 1991 1975 1974 1992 1993 1994 1995 
942 214 215 121 120 1991 1990 1996 1997 571 570 1983 1982 1998 1999 2000 2001 
943 113 114 216 215 554 555 2002 2003 2004 2005 1989 1988 2006 2007 2008 2009 
944 215 216 122 121 2005 2004 2010 2011 573 572 1997 1996 2012 2013 2014 2015 
945 114 16 56 216 556 557 403 402 2016 2017 2003 2002 2018 2019 2020 2021 
946 216 56 8 122 2017 2016 401 400 575 574 2011 2010 2022 2023 2024 2025 
2 80 36 27
947 7 25 217 85 304 305 2026 2027 2028 2029 485 484 2030 2031 2032 2033 
948 85 217 218 86 2029 2028 2034 2035 2036 2037 487 486 2038 2039 2040 2041 
949 86 218 219 87 2037 2036 2042 2043 2044 2045 489 488 2046 2047 2048 2049 
950 87 219 220 88 2045 2044 2050 2051 2052 2053 491 490 2054 2055 2056 2057 
951 88 220 221 89 2053 2052 2058 2059 2060 2061 493 492 2062 2063 2064 2065 
952 89 221 222 90 2061 2060 2066 2067 2068 2069 495 494 2070 2071 2072 2073 
953 90 222 223 91 2069 2068 2074 2075 2076 2077 497 496 2078 2079 2080 2081 
954 91 223 224 92 2077 2076 2082 2083 2084 2085 499 498 2086 2087 2088 2089 
955 92 224 102 19 2085 2084 2090 2091 525 524 501 500 2092 2093 2094 2095 
956 25 26 225 217 306 307 2096 2097 2098 2099 2027 2026 2100 2101 2102 2103 
957 217 225 226 218 2099 2098 2104 2105 2106 2107 2035 2034 2108 2109 2110 2111 
958 218 226 227 219 2107 2106 2112 2113 2114 2115 2043 2042 2116 2117 2118 2119 
959 219 227 228 220 2115 2114 2120 2121 2122 2123 2051 2050 2124 2125 2126 2127 
960 220 228 229 221 2123 2122 2128 2129 2130 2131 2059 2058 2132 2133 2134 2135 
961 221 229 230 222 2131 2130 2136 2137 2138 2139 2067 2066 2140 2141 2142 2143 
962 222 230 231 223 2139 2138 2144 2145 2146 2147 2075 2074 2148 2149 2150 2151 
963 223 231 232 224 2147 2146 2152 2153 2154 2155 2083 2082 2156 2157 2158 2159 
964 224 232 103 102 2155 2154 2160 2161 527 526 2091 2090 2162 2163 2164 2165 
965 26 8 122 225 308 309 575 574 2166 2167 2097 2096 2168 2169 2170 2171 
966 225 122 121 226 2167 2166 573 572 2172 2173 2105 2104 2174 2175 2176 2177 
967 226 121 120 227 2173 2172 571 570 2178 2179 2113 2112 2180 2181 2182 2183 
968 227 120 119 228 2179 2178 569 568 2184 2185 2121 2120 2186 2187 2188 2189 
969 228 119 118 229 2185 2184 567 566 2190 2191 2129 2128 2192 2193 2194 2195 
970 229 118 117 230 2191 2190 565 564 2196 2197 2137 2136 2198 2199 2200 2201 
971 230 117 116 231 2197 2196 563 562 2202 2203 2145 2144 2204 2205 2206 2207 
972 231 116 115 232 2203 2202 561 560 2208 2209 2153 2152 2210 2211 2212 2213 
973 232 115 17 103 2209 2208 559 558 529 528 2161 2160 2214 2215 2216 2217 
2 81 36 27
974 15 61 233 101 416 417 2218 2219 2220 2221 522 523 2222 2223 2224 2225 
975 101 233 234 100 2221 2220 2226 2227 2228 2229 520 521 2230 2231 2232 2233 
976 100 234 235 99 2229 2228 2234 2235 2236 2237 518 519 2238 2239 2240 2241 
977 99 235 236 98 2237 2236 2242 2243 2244 2245 516 517 2246 2247 2248 2249 
978 98 236 237 97 2245 2244 2250 2251 2252 2253 514 515 2254 2255 2256 2257 
979 97 237 238 96 2253 2252 2258 2259 2260 2261 512 513 2262 2263 2264 2265 
980 96 238 239 95 2261 2260 2266 2267 2268 2269 510 511 2270 2271 2272 2273 
981 95 239 240 94 2269 2268 2274 2275 2276 2277 508 509 2278 2279 2280 2281 
982 94 240 104 20 2277 2276 2282 2283 531 530 506 507 2284 2285 2286 2287 
983 61 62 241 233 418 419 2288 2289 2290 2291 2219 2218 2292 2293 2294 2295 
984 233 241 242 234 2291 2290 2296 2297 2298 2299 2227 2226 2300 2301 2302 2303 
985 234 242 243 235 2299 2298 2304 2305 2306 2307 2235 2234 2308 2309 2310 2311 
986 235 243 244 236 2307 2306 2312 2313 2314 2315 2243 2242 2316 2317 2318 2319 
987 236 244 245 237 2315 2314 2320 2321 2322 2323 2251 2250 2324 2325 2326 2327 
988 237 245 246 238 2323 2322 2328 2329 2330 2331 2259 2258 2332 2333 2334 2335 
989 238 246 247 239 2331 2330 2336 2337 2338 2339 2267 2266 2340 2341 2342 2343 
990 239 247 248 240 2339 2338 2344 2345 2346 2347 2275 2274 2348 2349 2350 2351 
991 240 248 105 104 2347 2346 2352 2353 533 532 2283 2282 2354 2355 2356 2357 
992 62 16 114 241 420 421 557 556 2358 2359 2289 2288 2360 2361 2362 2363 
993 241 114 113 242 2359 2358 555 554 2364 2365 2297 2296 2366 2367 2368 2369 
994 242 113 112 243 2365 2364 553 552 2370 2371 2305 2304 2372 2373 2374 2375 
995 243 112 111 244 2371 2370 551 550 2376 2377 2313 2312 2378 2379 2380 2381 
996 244 111 110 245 2377 2376 549 548 2382 2383 2321 2320 2384 2385 2386 2387 
997 245 110 109 246 2383 2382 547 546 2388 2389 2329 2328 2390 2391 2392 2393 
998 246 109 108 247 2389 2388 545 544 2394 2395 2337 2336 2396 2397 2398 2399 
999 247 108 107 248 2395 2394 543 542 2400 2401 2345 2344 2402 2403 2404 2405 
1000 248 107 18 105 2401 2400 541 540 535 534 2353 2352 2406 2407 2408 2409 
3 1 92 24
1001 151 21 6 29 249 123 54 131 1089 1088 1090 1091 2410 2411 293 292 576 577 316 317 392 393 728 729 2412 2413 2414 2415 578 579 731 730 1094 1095 1092 1093 2416 2417 2418 2419 2420 2421 2422 2423 581 580 583 582 732 733 734 735 2424 2425 2426 2427 2428 2429 2430 2431 2432 2433 2434 2435 
1002 249 123 54 131 175 57 14 65 2412 2413 2414 2415 2436 2437 578 579 584 585 731 730 394 395 736 737 1417 1416 1418 1419 405 404 428 429 2424 2427 2426 2425 2438 2439 2440 2441 2442 2443 2444 2445 587 586 589 588 738 739 740 741 1422 1421 1420 1423 2446 2447 2448 2449 2450 2451 2452 2453 
1003 152 151 29 30 250 249 131 132 1097 1096 1098 1099 2454 2455 1090 1091 2410 2411 318 319 728 729 742 743 2456 2457 2458 2459 2414 2415 745 744 1102 1103 1100 1101 2460 2461 2462 2463 2464 2465 2466 2467 2420 2423 2422 2421 746 747 748 749 2468 2469 2470 2471 2472 2473 2474 2475 2476 2477 2478 2479 
1004 250 249 131 132 176 175 65 66 2456 2457 2458 2459 2480 2481 2414 2415 2436 2437 745 744 736 737 750 751 1425 1424 1426 1427 1418 1419 430 431 2468 2471 2470 2469 2482 2483 2484 2485 2486 2487 2488 2489 2442 2445 2444 2443 752 753 754 755 1430 1429 1428 1431 2490 2491 2492 2493 2494 2495 2496 2497 
1005 153 152 30 31 251 250 132 133 1105 1104 1106 1107 2498 2499 1098 1099 2454 2455 320 321 742 743 756 757 2500 2501 2502 2503 2458 2459 759 758 1110 1111 1108 1109 2504 2505 2506 2507 2508 2509 2510 2511 2464 2467 2466 2465 760 761 762 763 2512 2513 2514 2515 2516 2517 2518 2519 2520 2521 2522 2523 
1006 251 250 132 133 177 176 66 67 2500 2501 2502 2503 2524 2525 2458 2459 2480 2481 759 758 750 751 764 765 1433 1432 1434 1435 1426 1427 432 433 2512 2515 2514 2513 2526 2527 2528 2529 2530 2531 2532 2533 2486 2489 2488 2487 766 767 768 769 1438 1437 1436 1439 2534 2535 2536 2537 2538 2539 2540 2541 
1007 41 153 31 3 143 251 133 51 1113 1112 349 348 936 937 1106 1107 2498 2499 322 323 756 757 380 381 2542 2543 938 939 2502 2503 771 770 1116 1117 1114 1115 2544 2545 2546 2547 941 942 943 940 2508 2511 2510 2509 772 773 774 775 2548 2549 2550 2551 2552 2553 2554 2555 2556 2557 2558 2559 
1008 143 251 133 51 77 177 67 11 2542 2543 938 939 944 945 2502 2503 2524 2525 771 770 764 765 382 383 1441 1440 461 460 1434 1435 434 435 2548 2551 2550 2549 2560 2561 2562 2563 947 948 949 946 2530 2533 2532 2531 776 777 778 779 1444 1443 1442 1445 2564 2565 2566 2567 2568 2569 2570 2571 
1009 154 22 21 151 252 124 123 249 1119 1118 1120 1121 2572 2573 295 294 590 591 1088 1089 576 577 2410 2411 2574 2575 2576 2577 592 593 2413 2412 1124 1125 1122 1123 2578 2579 2580 2581 2582 2583 2584 2585 595 594 597 596 2417 2416 2419 2418 2586 2587 2588 2589 2590 2591 2592 2593 2594 2595 2596 2597 
1010 252 124 123 249 178 58 57 175 2574 2575 2576 2577 2598 2599 592 593 598 599 2413 2412 584 585 2436 2437 1447 1446 1448 1449 407 406 1416 1417 2586 2589 2588 2587 2600 2601 2602 2603 2604 2605 2606 2607 601 600 603 602 2439 2438 2441 2440 1452 1451 1450 1453 2608 2609 2610 2611 2612 2613 2614 2615 
1011 155 154 151 152 253 252 249 250 1127 1126 1128 1129 2616 2617 1120 1121 2572 2573 1096 1097 2410 2411 2454 2455 2618 2619 2620 2621 2576 2577 2457 2456 1132 1133 1130 1131 2622 2623 2624 2625 2626 2627 2628 2629 2582 2585 2584 2583 2461 2460 2463 2462 2630 2631 2632 2633 2634 2635 2636 2637 2638 2639 2640 2641 
1012 253 252 249 250 179 178 175 176 2618 2619 2620 2621 2642 2643 2576 2577 2598 2599 2457 2456 2436 2437 2480 2481 1455 1454 1456 1457 1448 1449 1424 1425 2630 2633 2632 2631 2644 2645 2646 2647 2648 2649 2650 2651 2604 2607 2606 2605 2483 2482 2485 2484 1460 1459 1458 1461 2652 2653 2654 2655 2656 2657 2658 2659 
1013 156 155 152 153 254 253 250 251 1135 1134 1136 1137 2660 2661 1128 1129 2616 2617 1104 1105 2454 2455 2498 2499 2662 2663 2664 2665 2620 2621 2501 2500 1140 1141 1138 1139 2666 2667 2668 2669 2670 2671 2672 2673 2626 2629 2628 2627 2505 2504 2507 2506 2674 2675 2676 2677 2678 2679 2680 2681 2682 2683 2684 2685 
1014 254 253 250 251 180 179 176 177 2662 2663 2664 2665 2686 2687 2620 2621 2642 2643 2501 2500 2480 2481 2524 2525 1463 1462 1464 1465 1456 1457 1432 1433 2674 2677 2676 2675 2688 2689 2690 2691 2692 2693 2694 2695 2648 2651 2650 2649 2527 2526 2529 2528 1468 1467 1466 1469 2696 2697 2698 2699 2700 2701 2702 2703 
1015 42 156 153 41 144 254 251 143 1143 1142 351 350 950 951 1136 1137 2660 2661 1112 1113 2498 2499 936 937 2704 2705 952 953 2664 2665 2543 2542 1146 1147 1144 1145 2706 2707 2708 2709 955 956 957 954 2670 2673 2672 2671 2545 2544 2547 2546 2710 2711 2712 2713 2714 2715 2716 2717 2718 2719 2720 2721 
1016 144 254 251 143 78 180 177 77 2704 2705 952 953 958 959 2664 2665 2686 2687 2543 2542 2524 2525 944 945 1471 1470 463 462 1464 1465 1440 1441 2710 2713 2712 2711 2722 2723 2724 2725 961 962 963 960 2692 2695 2694 2693 2561 2560 2563 2562 1474 1473 1472 1475 2726 2727 2728 2729 2730 2731 2732 2733 
1017 32 5 22 154 134 53 124 252 325 324 1148 1149 780 781 297 296 388 389 1118 1119 590 591 2572 2573 782 783 2734 2735 604 605 2575 2574 1152 1153 1150 1151 785 784 787 786 2736 2737 2738 2739 607 606 609 608 2579 2578 2581 2580 2740 2741 2742 2743 2744 2745 2746 2747 2748 2749 2750 2751 
1018 134 53 124 252 68 13 58 178 782 783 2734 2735 788 789 604 605 390 391 2575 2574 598 599 2598 2599 437 436 1476 1477 409 408 1446 1447 2740 2743 2742 2741 791 790 793 792 2752 2753 2754 2755 611 610 613 612 2601 2600 2603 2602 1480 1479 1478 1481 2756 2757 2758 2759 2760 2761 2762 2763 
1019 33 32 154 155 135 134 252 253 327 326 1154 1155 794 795 1148 1149 780 781 1126 1127 2572 2573 2616 2617 796 797 2764 2765 2734 2735 2619 2618 1158 1159 1156 1157 799 798 801 800 2766 2767 2768 2769 2736 2739 2738 2737 2623 2622 2625 2624 2770 2771 2772 2773 2774 2775 2776 2777 2778 2779 2780 2781 
1020 135 134 252 253 69 68 178 179 796 797 2764 2765 802 803 2734 2735 788 789 2619 2618 2598 2599 2642 2643 439 438 1482 1483 1476 1477 1454 1455 2770 2773 2772 2771 805 804 807 806 2782 2783 2784 2785 2752 2755 2754 2753 2645 2644 2647 2646 1486 1485 1484 1487 2786 2787 2788 2789 2790 2791 2792 2793 
1021 34 33 155 156 136 135 253 254 329 328 1160 1161 808 809 1154 1155 794 795 1134 1135 2616 2617 2660 2661 810 811 2794 2795 2764 2765 2663 2662 1164 1165 1162 1163 813 812 815 814 2796 2797 2798 2799 2766 2769 2768 2767 2667 2666 2669 2668 2800 2801 2802 2803 2804 2805 2806 2807 2808 2809 2810 2811 
1022 136 135 253 254 70 69 179 180 810 811 2794 2795 816 817 2764 2765 802 803 2663 2662 2642 2643 2686 2687 441 440 1488 1489 1482 1483 1462 1463 2800 2803 2802 2801 819 818 821 820 2812 2813 2814 2815 2782 2785 2784 2783 2689 2688 2691 2690 1492 1491 1490 1493 2816 2817 2818 2819 2820 2821 2822 2823 
1023 4 34 156 42 52 136 254 144 331 330 353 352 384 385 1160 1161 808 809 1142 1143 2660 2661 950 951 822 823 964 965 2794 2795 2705 2704 1168 1169 1166 1167 825 824 827 826 967 968 969 966 2796 2799 2798 2797 2707 2706 2709 2708 2824 2825 2826 2827 2828 2829 2830 2831 2832 2833 2834 2835 
1024 52 136 254 144 12 70 180 78 822 823 964 965 386 387 2794 2795 816 817 2705 2704 2686 2687 958 959 443 442 465 464 1488 1489 1470 1471 2824 2827 2826 2825 829 828 831 830 971 972 973 970 2812 2815 2814 2813 2723 2722 2725 2724 1496 1495 1494 1497 2836 2837 2838 2839 2840 2841 2842 2843 
3 2 92 24
1025 5 32 157 23 53 134 255 125 324 325 298 299 388 389 1170 1171 780 781 1172 1173 2844 2845 614 615 783 782 617 616 2846 2847 2848 2849 1174 1177 1176 1175 784 785 786 787 618 621 620 619 2850 2851 2852 2853 2854 2855 2856 2857 2858 2859 2860 2861 2862 2863 2864 2865 2866 2867 2868 2869 
1026 53 134 255 125 13 68 181 59 783 782 617 616 390 391 2846 2847 788 789 2848 2849 2870 2871 622 623 436 437 410 411 1498 1499 1500 1501 2858 2861 2860 2859 790 791 792 793 624 627 626 625 2872 2873 2874 2875 2876 2877 2878 2879 1502 1503 1504 1505 2880 2881 2882 2883 2884 2885 2886 2887 
1027 23 157 158 24 125 255 256 126 1173 1172 300 301 614 615 1178 1179 2844 2845 1180 1181 2888 2889 628 629 2849 2848 631 630 2890 2891 2892 2893 1182 1185 1184 1183 2855 2854 2857 2856 632 635 634 633 2894 2895 2896 2897 2898 2899 2900 2901 2902 2903 2904 2905 2906 2907 2908 2909 2910 2911 2912 2913 
1028 125 255 256 126 59 181 182 60 2849 2848 631 630 622 623 2890 2891 2870 2871 2892 2893 2914 2915 636 637 1501 1500 412 413 1506 1507 1508 1509 2902 2905 2904 2903 2877 2876 2879 2878 638 641 640 639 2916 2917 2918 2919 2920 2921 2922 2923 1510 1511 1512 1513 2924 2925 2926 2927 2928 2929 2930 2931 
1029 24 158 35 7 126 256 137 55 1181 1180 302 303 628 629 1186 1187 2888 2889 333 332 832 833 396 397 2893 2892 643 642 2932 2933 834 835 1188 1191 1190 1189 2899 2898 2901 2900 644 647 646 645 2934 2935 2936 2937 837 836 839 838 2938 2939 2940 2941 2942 2943 2944 2945 2946 2947 2948 2949 
1030 126 256 137 55 60 182 71 15 2893 2892 643 642 636 637 2932 2933 2914 2915 834 835 840 841 398 399 1509 1508 414 415 1514 1515 445 444 2938 2941 2940 2939 2921 2920 2923 2922 648 651 650 649 2950 2951 2952 2953 843 842 845 844 1516 1517 1518 1519 2954 2955 2956 2957 2958 2959 2960 2961 
1031 32 33 159 157 134 135 257 255 326 327 1170 1171 780 781 1192 1193 794 795 1194 1195 2962 2963 2844 2845 797 796 2846 2847 2964 2965 2966 2967 1196 1199 1198 1197 798 799 800 801 2850 2853 2852 2851 2968 2969 2970 2971 2972 2973 2974 2975 2976 2977 2978 2979 2980 2981 2982 2983 2984 2985 2986 2987 
1032 134 135 257 255 68 69 183 181 797 796 2846 2847 788 789 2964 2965 802 803 2966 2967 2988 2989 2870 2871 438 439 1498 1499 1520 1521 1522 1523 2976 2979 2978 2977 804 805 806 807 2872 2875 2874 2873 2990 2991 2992 2993 2994 2995 2996 2997 1524 1525 1526 1527 2998 2999 3000 3001 3002 3003 3004 3005 
1033 157 159 160 158 255 257 258 256 1195 1194 1178 1179 2844 2845 1200 1201 2962 2963 1202 1203 3006 3007 2888 2889 2967 2966 2890 2891 3008 3009 3010 3011 1204 1207 1206 1205 2973 2972 2975 2974 2894 2897 2896 2895 3012 3013 3014 3015 3016 3017 3018 3019 3020 3021 3022 3023 3024 3025 3026 3027 3028 3029 3030 3031 
1034 255 257 258 256 181 183 184 182 2967 2966 2890 2891 2870 2871 3008 3009 2988 2989 3010 3011 3032 3033 2914 2915 1523 1522 1506 1507 1528 1529 1530 1531 3020 3023 3022 3021 2995 2994 2997 2996 2916 2919 2918 2917 3034 3035 3036 3037 3038 3039 3040 3041 1532 1533 1534 1535 3042 3043 3044 3045 3046 3047 3048 3049 
1035 158 160 36 35 256 258 138 137 1203 1202 1186 1187 2888 2889 1208 1209 3006 3007 335 334 846 847 832 833 3011 3010 2932 2933 3050 3051 848 849 1210 1213 1212 1211 3017 3016 3019 3018 2934 2937 2936 2935 3052 3053 3054 3055 851 850 853 852 3056 3057 3058 3059 3060 3061 3062 3063 3064 3065 3066 3067 
1036 256 258 138 137 182 184 72 71 3011 3010 2932 2933 2914 2915 3050 3051 3032 3033 848 849 854 855 840 841 1531 1530 1514 1515 1536 1537 447 446 3056 3059 3058 3057 3039 3038 3041 3040 2950 2953 2952 2951 3068 3069 3070 3071 857 856 859 858 1538 1539 1540 1541 3072 3073 3074 3075 3076 3077 3078 3079 
1037 33 34 161 159 135 136 259 257 328 329 1192 1193 794 795 1214 1215 808 809 1216 1217 3080 3081 2962 2963 811 810 2964 2965 3082 3083 3084 3085 1218 1221 1220 1219 812 813 814 815 2968 2971 2970 2969 3086 3087 3088 3089 3090 3091 3092 3093 3094 3095 3096 3097 3098 3099 3100 3101 3102 3103 3104 3105 
1038 135 136 259 257 69 70 185 183 811 810 2964 2965 802 803 3082 3083 816 817 3084 3085 3106 3107 2988 2989 440 441 1520 1521 1542 1543 1544 1545 3094 3097 3096 3095 818 819 820 821 2990 2993 2992 2991 3108 3109 3110 3111 3112 3113 3114 3115 1546 1547 1548 1549 3116 3117 3118 3119 3120 3121 3122 3123 
1039 159 161 162 160 257 259 260 258 1217 1216 1200 1201 2962 2963 1222 1223 3080 3081 1224 1225 3124 3125 3006 3007 3085 3084 3008 3009 3126 3127 3128 3129 1226 1229 1228 1227 3091 3090 3093 3092 3012 3015 3014 3013 3130 3131 3132 3133 3134 3135 3136 3137 3138 3139 3140 3141 3142 3143 3144 3145 3146 3147 3148 3149 
1040 257 259 260 258 183 185 186 184 3085 3084 3008 3009 2988 2989 3126 3127 3106 3107 3128 3129 3150 3151 3032 3033 1545 1544 1528 1529 1550 1551 1552 1553 3138 3141 3140 3139 3113 3112 3115 3114 3034 3037 3036 3035 3152 3153 3154 3155 3156 3157 3158 3159 1554 1555 1556 1557 3160 3161 3162 3163 3164 3165 3166 3167 
1041 160 162 37 36 258 260 139 138 1225 1224 1208 1209 3006 3007 1230 1231 3124 3125 337 336 860 861 846 847 3129 3128 3050 3051 3168 3169 862 863 1232 1235 1234 1233 3135 3134 3137 3136 3052 3055 3054 3053 3170 3171 3172 3173 865 864 867 866 3174 3175 3176 3177 3178 3179 3180 3181 3182 3183 3184 3185 
1042 258 260 139 138 184 186 73 72 3129 3128 3050 3051 3032 3033 3168 3169 3150 3151 862 863 868 869 854 855 1553 1552 1536 1537 1558 1559 449 448 3174 3177 3176 3175 3157 3156 3159 3158 3068 3071 3070 3069 3186 3187 3188 3189 871 870 873 872 1560 1561 1562 1563 3190 3191 3192 3193 3194 3195 3196 3197 
1043 34 4 43 161 136 52 145 259 330 331 1214 1215 808 809 354 355 384 385 1236 1237 974 975 3080 3081 823 822 3082 3083 977 976 3198 3199 1238 1241 1240 1239 824 825 826 827 3086 3089 3088 3087 978 979 980 981 3200 3201 3202 3203 3204 3205 3206 3207 3208 3209 3210 3211 3212 3213 3214 3215 
1044 136 52 145 259 70 12 79 185 823 822 3082 3083 816 817 977 976 386 387 3198 3199 982 983 3106 3107 442 443 1542 1543 466 467 1564 1565 3204 3207 3206 3205 828 829 830 831 3108 3111 3110 3109 984 985 986 987 3216 3217 3218 3219 1566 1567 1568 1569 3220 3221 3222 3223 3224 3225 3226 3227 
1045 161 43 44 162 259 145 146 260 1237 1236 1222 1223 3080 3081 356 357 974 975 1242 1243 988 989 3124 3125 3199 3198 3126 3127 991 990 3228 3229 1244 1247 1246 1245 3201 3200 3203 3202 3130 3133 3132 3131 992 993 994 995 3230 3231 3232 3233 3234 3235 3236 3237 3238 3239 3240 3241 3242 3243 3244 3245 
1046 259 145 146 260 185 79 80 186 3199 3198 3126 3127 3106 3107 991 990 982 983 3228 3229 996 997 3150 3151 1565 1564 1550 1551 468 469 1570 1571 3234 3237 3236 3235 3217 3216 3219 3218 3152 3155 3154 3153 998 999 1000 1001 3246 3247 3248 3249 1572 1573 1574 1575 3250 3251 3252 3253 3254 3255 3256 3257 
1047 162 44 1 37 260 146 49 139 1243 1242 1230 1231 3124 3125 358 359 988 989 339 338 372 373 860 861 3229 3228 3168 3169 1003 1002 874 875 1248 1251 1250 1249 3231 3230 3233 3232 3170 3173 3172 3171 1004 1005 1006 1007 877 876 879 878 3258 3259 3260 3261 3262 3263 3264 3265 3266 3267 3268 3269 
1048 260 146 49 139 186 80 9 73 3229 3228 3168 3169 3150 3151 1003 1002 996 997 874 875 374 375 868 869 1571 1570 1558 1559 470 471 451 450 3258 3261 3260 3259 3247 3246 3249 3248 3186 3189 3188 3187 1008 1009 1010 1011 881 880 883 882 1576 1577 1578 1579 3270 3271 3272 3273 3274 3275 3276 3277 
3 3 92 24
1049 7 35 163 25 55 137 261 127 332 333 304 305 396 397 1252 1253 832 833 1254 1255 3278 3279 652 653 835 834 655 654 3280 3281 3282 3283 1256 1259 1258 1257 836 837 838 839 656 659 658 657 3284 3285 3286 3287 3288 3289 3290 3291 3292 3293 3294 3295 3296 3297 3298 3299 3300 3301 3302 3303 
1050 55 137 261 127 15 71 187 61 835 834 655 654 398 399 3280 3281 840 841 3282 3283 3304 3305 660 661 444 445 416 417 1580 1581 1582 1583 3292 3295 3294 3293 842 843 844 845 662 665 664 663 3306 3307 3308 3309 3310 3311 3312 3313 1584 1585 1586 1587 3314 3315 3316 3317 3318 3319 3320 3321 
1051 25 163 164 26 127 261 262 128 1255 1254 306 307 652 653 1260 1261 3278 3279 1262 1263 3322 3323 666 667 3283 3282 669 668 3324 3325 3326 3327 1264 1267 1266 1265 3289 3288 3291 3290 670 673 672 671 3328 3329 3330 3331 3332 3333 3334 3335 3336 3337 3338 3339 3340 3341 3342 3343 3344 3345 3346 3347 
1052 127 261 262 128 61 187 188 62 3283 3282 669 668 660 661 3324 3325 3304 3305 3326 3327 3348 3349 674 675 1583 1582 418 419 1588 1589 1590 1591 3336 3339 3338 3337 3311 3310 3313 3312 676 679 678 677 3350 3351 3352 3353 3354 3355 3356 3357 1592 1593 1594 1595 3358 3359 3360 3361 3362 3363 3364 3365 
1053 26 164 38 8 128 262 140 56 1263 1262 308 309 666 667 1268 1269 3322 3323 341 340 884 885 400 401 3327 3326 681 680 3366 3367 886 887 1270 1273 1272 1271 3333 3332 3335 3334 682 685 684 683 3368 3369 3370 3371 889 888 891 890 3372 3373 3374 3375 3376 3377 3378 3379 3380 3381 3382 3383 
1054 128 262 140 56 62 188 74 16 3327 3326 681 680 674 675 3366 3367 3348 3349 886 887 892 893 402 403 1591 1590 420 421 1596 1597 453 452 3372 3375 3374 3373 3355 3354 3357 3356 686 689 688 687 3384 3385 3386 3387 895 894 897 896 1598 1599 1600 1601 3388 3389 3390 3391 3392 3393 3394 3395 
1055 35 36 165 163 137 138 263 261 334 335 1252 1253 832 833 1274 1275 846 847 1276 1277 3396 3397 3278 3279 849 848 3280 3281 3398 3399 3400 3401 1278 1281 1280 1279 850 851 852 853 3284 3287 3286 3285 3402 3403 3404 3405 3406 3407 3408 3409 3410 3411 3412 3413 3414 3415 3416 3417 3418 3419 3420 3421 
1056 137 138 263 261 71 72 189 187 849 848 3280 3281 840 841 3398 3399 854 855 3400 3401 3422 3423 3304 3305 446 447 1580 1581 1602 1603 1604 1605 3410 3413 3412 3411 856 857 858 859 3306 3309 3308 3307 3424 3425 3426 3427 3428 3429 3430 3431 1606 1607 1608 1609 3432 3433 3434 3435 3436 3437 3438 3439 
1057 163 165 166 164 261 263 264 262 1277 1276 1260 1261 3278 3279 1282 1283 3396 3397 1284 1285 3440 3441 3322 3323 3401 3400 3324 3325 3442 3443 3444 3445 1286 1289 1288 1287 3407 3406 3409 3408 3328 3331 3330 3329 3446 3447 3448 3449 3450 3451 3452 3453 3454 3455 3456 3457 3458 3459 3460 3461 3462 3463 3464 3465 
1058 261 263 264 262 187 189 190 188 3401 3400 3324 3325 3304 3305 3442 3443 3422 3423 3444 3445 3466 3467 3348 3349 1605 1604 1588 1589 1610 1611 1612 1613 3454 3457 3456 3455 3429 3428 3431 3430 3350 3353 3352 3351 3468 3469 3470 3471 3472 3473 3474 3475 1614 1615 1616 1617 3476 3477 3478 3479 3480 3481 3482 3483 
1059 164 166 39 38 262 264 141 140 1285 1284 1268 1269 3322 3323 1290 1291 3440 3441 343 342 898 899 884 885 3445 3444 3366 3367 3484 3485 900 901 1292 1295 1294 1293 3451 3450 3453 3452 3368 3371 3370 3369 3486 3487 3488 3489 903 902 905 904 3490 3491 3492 3493 3494 3495 3496 3497 3498 3499 3500 3501 
1060 262 264 141 140 188 190 75 74 3445 3444 3366 3367 3348 3349 3484 3485 3466 3467 900 901 906 907 892 893 1613 1612 1596 1597 1618 1619 455 454 3490 3493 3492 3491 3473 3472 3475 3474 3384 3387 3386 3385 3502 3503 3504 3505 909 908 911 910 1620 1621 1622 1623 3506 3507 3508 3509 3510 3511 3512 3513 
1061 36 37 167 165 138 139 265 263 336 337 1274 1275 846 847 1296 1297 860 861 1298 1299 3514 3515 3396 3397 863 862 3398 3399 3516 3517 3518 3519 1300 1303 1302 1301 864 865 866 867 3402 3405 3404 3403 3520 3521 3522 3523 3524 3525 3526 3527 3528 3529 3530 3531 3532 3533 3534 3535 3536 3537 3538 3539 
1062 138 139 265 263 72 73 191 189 863 862 3398 3399 854 855 3516 3517 868 869 3518 3519 3540 3541 3422 3423 448 449 1602 1603 1624 1625 1626 1627 3528 3531 3530 3529 870 871 872 873 3424 3427 3426 3425 3542 3543 3544 3545 3546 3547 3548 3549 1628 1629 1630 1631 3550 3551 3552 3553 3554 3555 3556 3557 
1063 165 167 168 166 263 265 266 264 1299 1298 1282 1283 3396 3397 1304 1305 3514 3515 1306 1307 3558 3559 3440 3441 3519 3518 3442 3443 3560 3561 3562 3563 1308 1311 1310 1309 3525 3524 3527 3526 3446 3449 3448 3447 3564 3565 3566 3567 3568 3569 3570 3571 3572 3573 3574 3575 3576 3577 3578 3579 3580 3581 3582 3583 
1064 263 265 266 264 189 191 192 190 3519 3518 3442 3443 3422 3423 3560 3561 3540 3541 3562 3563 3584 3585 3466 3467 1627 1626 1610 1611 1632 1633 1634 1635 3572 3575 3574 3573 3547 3546 3549 3548 3468 3471 3470 3469 3586 3587 3588 3589 3590 3591 3592 3593 1636 1637 1638 1639 3594 3595 3596 3597 3598 3599 3600 3601 
1065 166 168 40 39 264 266 142 141 1307 1306 1290 1291 3440 3441 1312 1313 3558 3559 345 344 912 913 898 899 3563 3562 3484 3485 3602 3603 914 915 1314 1317 1316 1315 3569 3568 3571 3570 3486 3489 3488 3487 3604 3605 3606 3607 917 916 919 918 3608 3609 3610 3611 3612 3613 3614 3615 3616 3617 3618 3619 
1066 264 266 142 141 190 192 76 75 3563 3562 3484 3485 3466 3467 3602 3603 3584 3585 914 915 920 921 906 907 1635 1634 1618 1619 1640 1641 457 456 3608 3611 3610 3609 3591 3590 3593 3592 3502 3505 3504 3503 3620 3621 3622 3623 923 922 925 924 1642 1643 1644 1645 3624 3625 3626 3627 3628 3629 3630 3631 
1067 37 1 45 167 139 49 147 265 338 339 1296 1297 860 861 360 361 372 373 1318 1319 1012 1013 3514 3515 875 874 3516 3517 1015 1014 3632 3633 1320 1323 1322 1321 876 877 878 879 3520 3523 3522 3521 1016 1017 1018 1019 3634 3635 3636 3637 3638 3639 3640 3641 3642 3643 3644 3645 3646 3647 3648 3649 
1068 139 49 147 265 73 9 81 191 875 874 3516 3517 868 869 1015 1014 374 375 3632 3633 1020 1021 3540 3541 450 451 1624 1625 472 473 1646 1647 3638 3641 3640 3639 880 881 882 883 3542 3545 3544 3543 1022 1023 1024 1025 3650 3651 3652 3653 1648 1649 1650 1651 3654 3655 3656 3657 3658 3659 3660 3661 
1069 167 45 46 168 265 147 148 266 1319 1318 1304 1305 3514 3515 362 363 1012 1013 1324 1325 1026 1027 3558 3559 3633 3632 3560 3561 1029 1028 3662 3663 1326 1329 1328 1327 3635 3634 3637 3636 3564 3567 3566 3565 1030 1031 1032 1033 3664 3665 3666 3667 3668 3669 3670 3671 3672 3673 3674 3675 3676 3677 3678 3679 
1070 265 147 148 266 191 81 82 192 3633 3632 3560 3561 3540 3541 1029 1028 1020 1021 3662 3663 1034 1035 3584 3585 1647 1646 1632 1633 474 475 1652 1653 3668 3671 3670 3669 3651 3650 3653 3652 3586 3589 3588 3587 1036 1037 1038 1039 3680 3681 3682 3683 1654 1655 1656 1657 3684 3685 3686 3687 3688 3689 3690 3691 
1071 168 46 2 40 266 148 50 142 1325 1324 1312 1313 3558 3559 364 365 1026 1027 347 346 376 377 912 913 3663 3662 3602 3603 1041 1040 926 927 1330 1333 1332 1331 3665 3664 3667 3666 3604 3607 3606 3605 1042 1043 1044 1045 929 928 931 930 3692 3693 3694 3695 3696 3697 3698 3699 3700 3701 3702 3703 
1072 266 148 50 142 192 82 10 76 3663 3662 3602 3603 3584 3585 1041 1040 1034 1035 926 927 378 379 920 921 1653 1652 1640 1641 476 477 459 458 3692 3695 3694 3693 3681 3680 3683 3682 3620 3623 3622 3621 1046 1047 1048 1049 933 932 935 934 1658 1659 1660 1661 3704 3705 3706 3707 3708 3709 3710 3711 
3 4 92 24
1073 193 83 10 76 267 149 50 142 1663 1662 1664 1665 3712 3713 479 478 1059 1058 459 458 379 378 921 920 3714 3715 3716 3717 1052 1053 926 927 1668 1669 1666 1667 3718 3719 3720 3721 3722 3723 3724 3725 1062 1063 1060 1061 934 935 932 933 3726 3727 3728 3729 3730 3731 3732 3733 3734 3735 3736 3737 
1074 267 149 50 142 169 47 2 40 3714 3715 3716 3717 3738 3739 1052 1053 1051 1050 926 927 377 376 913 912 1335 1334 1336 1337 367 366 347 346 3726 3729 3728 3727 3740 3741 3742 3743 3744 3745 3746 3747 1056 1057 1054 1055 930 931 928 929 1340 1339 1338 1341 3748 3749 3750 3751 3752 3753 3754 3755 
1075 194 193 76 75 268 267 142 141 1671 1670 1672 1673 3756 3757 1664 1665 3712 3713 457 456 921 920 907 906 3758 3759 3760 3761 3716 3717 914 915 1676 1677 1674 1675 3762 3763 3764 3765 3766 3767 3768 3769 3722 3725 3724 3723 924 925 922 923 3770 3771 3772 3773 3774 3775 3776 3777 3778 3779 3780 3781 
1076 268 267 142 141 170 169 40 39 3758 3759 3760 3761 3782 3783 3716 3717 3738 3739 914 915 913 912 899 898 1343 1342 1344 1345 1336 1337 345 344 3770 3773 3772 3771 3784 3785 3786 3787 3788 3789 3790 3791 3744 3747 3746 3745 918 919 916 917 1348 1347 1346 1349 3792 3793 3794 3795 3796 3797 3798 3799 
1077 195 194 75 74 269 268 141 140 1679 1678 1680 1681 3800 3801 1672 1673 3756 3757 455 454 907 906 893 892 3802 3803 3804 3805 3760 3761 900 901 1684 1685 1682 1683 3806 3807 3808 3809 3810 3811 3812 3813 3766 3769 3768 3767 910 911 908 909 3814 3815 3816 3817 3818 3819 3820 3821 3822 3823 3824 3825 
1078 269 268 141 140 171 170 39 38 3802 3803 3804 3805 3826 3827 3760 3761 3782 3783 900 901 899 898 885 884 1351 1350 1352 1353 1344 1345 343 342 3814 3817 3816 3815 3828 3829 3830 3831 3832 3833 3834 3835 3788 3791 3790 3789 904 905 902 903 1356 1355 1354 1357 3836 3837 3838 3839 3840 3841 3842 3843 
1079 63 195 74 16 129 269 140 56 1687 1686 423 422 699 698 1680 1681 3800 3801 453 452 893 892 403 402 3844 3845 692 693 3804 3805 886 887 1690 1691 1688 1689 3846 3847 3848 3849 702 701 700 703 3810 3813 3812 3811 896 897 894 895 3850 3851 3852 3853 3854 3855 3856 3857 3858 3859 3860 3861 
1080 129 269 140 56 27 171 38 8 3844 3845 692 693 691 690 3804 3805 3826 3827 886 887 885 884 401 400 1359 1358 311 310 1352 1353 341 340 3850 3853 3852 3851 3862 3863 3864 3865 696 695 694 697 3832 3835 3834 3833 890 891 888 889 1362 1361 1360 1363 3866 3867 3868 3869 3870 3871 3872 3873 
1081 196 84 83 193 270 150 149 267 1693 1692 1694 1695 3874 3875 481 480 1073 1072 1662 1663 1059 1058 3712 3713 3876 3877 3878 3879 1066 1067 3715 3714 1698 1699 1696 1697 3880 3881 3882 3883 3884 3885 3886 3887 1076 1077 1074 1075 3719 3718 3721 3720 3888 3889 3890 3891 3892 3893 3894 3895 3896 3897 3898 3899 
1082 270 150 149 267 172 48 47 169 3876 3877 3878 3879 3900 3901 1066 1067 1065 1064 3715 3714 1051 1050 3738 3739 1365 1364 1366 1367 369 368 1334 1335 3888 3891 3890 3889 3902 3903 3904 3905 3906 3907 3908 3909 1070 1071 1068 1069 3741 3740 3743 3742 1370 1369 1368 1371 3910 3911 3912 3913 3914 3915 3916 3917 
1083 197 196 193 194 271 270 267 268 1701 1700 1702 1703 3918 3919 1694 1695 3874 3875 1670 1671 3712 3713 3756 3757 3920 3921 3922 3923 3878 3879 3759 3758 1706 1707 1704 1705 3924 3925 3926 3927 3928 3929 3930 3931 3884 3887 3886 3885 3763 3762 3765 3764 3932 3933 3934 3935 3936 3937 3938 3939 3940 3941 3942 3943 
1084 271 270 267 268 173 172 169 170 3920 3921 3922 3923 3944 3945 3878 3879 3900 3901 3759 3758 3738 3739 3782 3783 1373 1372 1374 1375 1366 1367 1342 1343 3932 3935 3934 3933 3946 3947 3948 3949 3950 3951 3952 3953 3906 3909 3908 3907 3785 3784 3787 3786 1378 1377 1376 1379 3954 3955 3956 3957 3958 3959 3960 3961 
1085 198 197 194 195 272 271 268 269 1709 1708 1710 1711 3962 3963 1702 1703 3918 3919 1678 1679 3756 3757 3800 3801 3964 3965 3966 3967 3922 3923 3803 3802 1714 1715 1712 1713 3968 3969 3970 3971 3972 3973 3974 3975 3928 3931 3930 3929 3807 3806 3809 3808 3976 3977 3978 3979 3980 3981 3982 3983 3984 3985 3986 3987 
1086 272 271 268 269 174 173 170 171 3964 3965 3966 3967 3988 3989 3922 3923 3944 3945 3803 3802 3782 3783 3826 3827 1381 1380 1382 1383 1374 1375 1350 1351 3976 3979 3978 3977 3990 3991 3992 3993 3994 3995 3996 3997 3950 3953 3952 3951 3829 3828 3831 3830 1386 1385 1384 1387 3998 3999 4000 4001 4002 4003 4004 4005 
1087 64 198 195 63 130 272 269 129 1717 1716 425 424 713 712 1710 1711 3962 3963 1686 1687 3800 3801 699 698 4006 4007 706 707 3966 3967 3845 3844 1720 1721 1718 1719 4008 4009 4010 4011 716 715 714 717 3972 3975 3974 3973 3847 3846 3849 3848 4012 4013 4014 4015 4016 4017 4018 4019 4020 4021 4022 4023 
1088 130 272 269 129 28 174 171 27 4006 4007 706 707 705 704 3966 3967 3988 3989 3845 3844 3826 3827 691 690 1389 1388 313 312 1382 1383 1358 1359 4012 4015 4014 4013 4024 4025 4026 4027 710 709 708 711 3994 3997 3996 3995 3863 3862 3865 3864 1392 1391 1390 1393 4028 4029 4030 4031 4032 4033 4034 4035 
1089 67 11 84 196 133 51 150 270 434 435 1722 1723 765 764 483 482 383 382 1692 1693 1073 1072 3874 3875 771 770 4036 4037 1078 1079 3877 3876 1726 1727 1724 1725 779 778 777 776 4038 4039 4040 4041 1086 1087 1084 1085 3881 3880 3883 3882 4042 4043 4044 4045 4046 4047 4048 4049 4050 4051 4052 4053 
1090 133 51 150 270 31 3 48 172 771 770 4036 4037 757 756 1078 1079 381 380 3877 3876 1065 1064 3900 3901 322 323 1394 1395 371 370 1364 1365 4042 4045 4044 4043 775 774 773 772 4054 4055 4056 4057 1082 1083 1080 1081 3903 3902 3905 3904 1398 1397 1396 1399 4058 4059 4060 4061 4062 4063 4064 4065 
1091 66 67 196 197 132 133 270 271 432 433 1728 1729 751 750 1722 1723 765 764 1700 1701 3874 3875 3918 3919 759 758 4066 4067 4036 4037 3921 3920 1732 1733 1730 1731 769 768 767 766 4068 4069 4070 4071 4038 4041 4040 4039 3925 3924 3927 3926 4072 4073 4074 4075 4076 4077 4078 4079 4080 4081 4082 4083 
1092 132 133 270 271 30 31 172 173 759 758 4066 4067 743 742 4036 4037 757 756 3921 3920 3900 3901 3944 3945 320 321 1400 1401 1394 1395 1372 1373 4072 4075 4074 4073 763 762 761 760 4084 4085 4086 4087 4054 4057 4056 4055 3947 3946 3949 3948 1404 1403 1402 1405 4088 4089 4090 4091 4092 4093 4094 4095 
1093 65 66 197 198 131 132 271 272 430 431 1734 1735 737 736 1728 1729 751 750 1708 1709 3918 3919 3962 3963 745 744 4096 4097 4066 4067 3965 3964 1738 1739 1736 1737 755 754 753 752 4098 4099 4100 4101 4068 4071 4070 4069 3969 3968 3971 3970 4102 4103 4104 4105 4106 4107 4108 4109 4110 4111 4112 4113 
1094 131 132 271 272 29 30 173 174 745 744 4096 4097 729 728 4066 4067 743 742 3965 3964 3944 3945 3988 3989 318 319 1406 1407 1400 1401 1380 1381 4102 4105 4104 4103 749 748 747 746 4114 4115 4116 4117 4084 4087 4086 4085 3991 3990 3993 3992 1410 1409 1408 1411 4118 4119 4120 4121 4122 4123 4124 4125 
1095 14 65 198 64 54 131 272 130 428 429 427 426 395 394 1734 1735 737 736 1716 1717 3962 3963 713 712 731 730 718 719 4096 4097 4007 4006 1742 1743 1740 1741 741 740 739 738 726 725 724 727 4098 4101 4100 4099 4009 4008 4011 4010 4126 4127 4128 4129 4130 4131 4132 4133 4134 4135 4136 4137 
1096 54 131 272 130 6 29 174 28 731 730 718 719 393 392 4096 4097 729 728 4007 4006 3988 3989 705 704 316 317 315 314 1406 1407 1388 1389 4126 4129 4128 4127 735 734 733 732 722 721 720 723 4114 4117 4116 4115 4025 4024 4027 4026 1414 1413 1412 1415 4138 4139 4140 4141 4142 4143 4144 4145 
3 5 92 54
1097 233 61 15 101 273 127 55 206 2219 2218 2220 2221 4146 4147 417 416 661 660 523 522 399 398 1842 1843 4148 4149 4150 4151 654 655 1856 1857 2224 2225 2222 2223 4152 4153 4154 4155 4156 4157 4158 4159 664 665 662 663 1859 1858 1861 1860 4160 4161 4162 4163 4164 4165 4166 4167 4168 4169 4170 4171 
1098 273 127 55 206 217 25 7 85 4148 4149 4150 4151 4172 4173 654 655 653 652 1856 1857 397 396 1850 1851 2027 2026 2028 2029 305 304 484 485 4160 4163 4162 4161 4174 4175 4176 4177 4178 4179 4180 4181 658 659 656 657 1863 1862 1865 1864 2032 2031 2030 2033 4182 4183 4184 4185 4186 4187 4188 4189 
1099 234 233 101 100 274 273 206 205 2227 2226 2228 2229 4190 4191 2220 2221 4146 4147 521 520 1842 1843 1828 1829 4192 4193 4194 4195 4150 4151 1844 1845 2232 2233 2230 2231 4196 4197 4198 4199 4200 4201 4202 4203 4156 4159 4158 4157 1847 1846 1849 1848 4204 4205 4206 4207 4208 4209 4210 4211 4212 4213 4214 4215 
1100 274 273 206 205 218 217 85 86 4192 4193 4194 4195 4216 4217 4150 4151 4172 4173 1844 1845 1850 1851 1836 1837 2035 2034 2036 2037 2028 2029 486 487 4204 4207 4206 4205 4218 4219 4220 4221 4222 4223 4224 4225 4178 4181 4180 4179 1853 1852 1855 1854 2040 2039 2038 2041 4226 4227 4228 4229 4230 4231 4232 4233 
1101 235 234 100 99 275 274 205 204 2235 2234 2236 2237 4234 4235 2228 2229 4190 4191 519 518 1828 1829 1814 1815 4236 4237 4238 4239 4194 4195 1830 1831 2240 2241 2238 2239 4240 4241 4242 4243 4244 4245 4246 4247 4200 4203 4202 4201 1833 1832 1835 1834 4248 4249 4250 4251 4252 4253 4254 4255 4256 4257 4258 4259 
1102 275 274 205 204 219 218 86 87 4236 4237 4238 4239 4260 4261 4194 4195 4216 4217 1830 1831 1836 1837 1822 1823 2043 2042 2044 2045 2036 2037 488 489 4248 4251 4250 4249 4262 4263 4264 4265 4266 4267 4268 4269 4222 4225 4224 4223 1839 1838 1841 1840 2048 2047 2046 2049 4270 4271 4272 4273 4274 4275 4276 4277 
1103 236 235 99 98 276 275 204 203 2243 2242 2244 2245 4278 4279 2236 2237 4234 4235 517 516 1814 1815 1800 1801 4280 4281 4282 4283 4238 4239 1816 1817 2248 2249 2246 2247 4284 4285 4286 4287 4288 4289 4290 4291 4244 4247 4246 4245 1819 1818 1821 1820 4292 4293 4294 4295 4296 4297 4298 4299 4300 4301 4302 4303 
1104 276 275 204 203 220 219 87 88 4280 4281 4282 4283 4304 4305 4238 4239 4260 4261 1816 1817 1822 1823 1808 1809 2051 2050 2052 2053 2044 2045 490 491 4292 4295 4294 4293 4306 4307 4308 4309 4310 4311 4312 4313 4266 4269 4268 4267 1825 1824 1827 1826 2056 2055 2054 2057 4314 4315 4316 4317 4318 4319 4320 4321 
1105 237 236 98 97 277 276 203 202 2251 2250 2252 2253 4322 4323 2244 2245 4278 4279 515 514 1800 1801 1786 1787 4324 4325 4326 4327 4282 4283 1802 1803 2256 2257 2254 2255 4328 4329 4330 4331 4332 4333 4334 4335 4288 4291 4290 4289 1805 1804 1807 1806 4336 4337 4338 4339 4340 4341 4342 4343 4344 4345 4346 4347 
1106 277 276 203 202 221 220 88 89 4324 4325 4326 4327 4348 4349 4282 4283 4304 4305 1802 1803 1808 1809 1794 1795 2059 2058 2060 2061 2052 2053 492 493 4336 4339 4338 4337 4350 4351 4352 4353 4354 4355 4356 4357 4310 4313 4312 4311 1811 1810 1813 1812 2064 2063 2062 2065 4358 4359 4360 4361 4362 4363 4364 4365 
1107 238 237 97 96 278 277 202 201 2259 2258 2260 2261 4366 4367 2252 2253 4322 4323 513 512 1786 1787 1772 1773 4368 4369 4370 4371 4326 4327 1788 1789 2264 2265 2262 2263 4372 4373 4374 4375 4376 4377 4378 4379 4332 4335 4334 4333 1791 1790 1793 1792 4380 4381 4382 4383 4384 4385 4386 4387 4388 4389 4390 4391 
1108 278 277 202 201 222 221 89 90 4368 4369 4370 4371 4392 4393 4326 4327 4348 4349 1788 1789 1794 1795 1780 1781 2067 2066 2068 2069 2060 2061 494 495 4380 4383 4382 4381 4394 4395 4396 4397 4398 4399 4400 4401 4354 4357 4356 4355 1797 1796 1799 1798 2072 2071 2070 2073 4402 4403 4404 4405 4406 4407 4408 4409 
1109 239 238 96 95 279 278 201 200 2267 2266 2268 2269 4410 4411 2260 2261 4366 4367 511 510 1772 1773 1758 1759 4412 4413 4414 4415 4370 4371 1774 1775 2272 2273 2270 2271 4416 4417 4418 4419 4420 4421 4422 4423 4376 4379 4378 4377 1777 1776 1779 1778 4424 4425 4426 4427 4428 4429 4430 4431 4432 4433 4434 4435 
1110 279 278 201 200 223 222 90 91 4412 4413 4414 4415 4436 4437 4370 4371 4392 4393 1774 1775 1780 1781 1766 1767 2075 2074 2076 2077 2068 2069 496 497 4424 4427 4426 4425 4438 4439 4440 4441 4442 4443 4444 4445 4398 4401 4400 4399 1783 1782 1785 1784 2080 2079 2078 2081 4446 4447 4448 4449 4450 4451 4452 4453 
1111 240 239 95 94 280 279 200 199 2275 2274 2276 2277 4454 4455 2268 2269 4410 4411 509 508 1758 1759 1744 1745 4456 4457 4458 4459 4414 4415 1760 1761 2280 2281 2278 2279 4460 4461 4462 4463 4464 4465 4466 4467 4420 4423 4422 4421 1763 1762 1765 1764 4468 4469 4470 4471 4472 4473 4474 4475 4476 4477 4478 4479 
1112 280 279 200 199 224 223 91 92 4456 4457 4458 4459 4480 4481 4414 4415 4436 4437 1760 1761 1766 1767 1752 1753 2083 2082 2084 2085 2076 2077 498 499 4468 4471 4470 4469 4482 4483 4484 4485 4486 4487 4488 4489 4442 4445 4444 4443 1769 1768 1771 1770 2088 2087 2086 2089 4490 4491 4492 4493 4494 4495 4496 4497 
1113 104 240 94 20 207 280 199 93 2283 2282 531 530 1888 1889 2276 2277 4454 4455 507 506 1744 1745 505 504 4498 4499 1867 1866 4458 4459 1746 1747 2286 2287 2284 2285 4500 4501 4502 4503 1892 1893 1890 1891 4464 4467 4466 4465 1749 1748 1751 1750 4504 4505 4506 4507 4508 4509 4510 4511 4512 4513 4514 4515 
1114 207 280 199 93 102 224 92 19 4498 4499 1867 1866 1868 1869 4458 4459 4480 4481 1746 1747 1752 1753 503 502 2091 2090 525 524 2084 2085 500 501 4504 4507 4506 4505 4516 4517 4518 4519 1872 1873 1870 1871 4486 4489 4488 4487 1755 1754 1757 1756 2094 2093 2092 2095 4520 4521 4522 4523 4524 4525 4526 4527 
1115 241 62 61 233 281 128 127 273 2289 2288 2290 2291 4528 4529 419 418 675 674 2218 2219 661 660 4146 4147 4530 4531 4532 4533 668 669 4149 4148 2294 2295 2292 2293 4534 4535 4536 4537 4538 4539 4540 4541 678 679 676 677 4153 4152 4155 4154 4542 4543 4544 4545 4546 4547 4548 4549 4550 4551 4552 4553 
1116 281 128 127 273 225 26 25 217 4530 4531 4532 4533 4554 4555 668 669 667 666 4149 4148 653 652 4172 4173 2097 2096 2098 2099 307 306 2026 2027 4542 4545 4544 4543 4556 4557 4558 4559 4560 4561 4562 4563 672 673 670 671 4175 4174 4177 4176 2102 2101 2100 2103 4564 4565 4566 4567 4568 4569 4570 4571 
1117 242 241 233 234 282 281 273 274 2297 2296 2298 2299 4572 4573 2290 2291 4528 4529 2226 2227 4146 4147 4190 4191 4574 4575 4576 4577 4532 4533 4193 4192 2302 2303 2300 2301 4578 4579 4580 4581 4582 4583 4584 4585 4538 4541 4540 4539 4197 4196 4199 4198 4586 4587 4588 4589 4590 4591 4592 4593 4594 4595 4596 4597 
1118 282 281 273 274 226 225 217 218 4574 4575 4576 4577 4598 4599 4532 4533 4554 4555 4193 4192 4172 4173 4216 4217 2105 2104 2106 2107 2098 2099 2034 2035 4586 4589 4588 4587 4600 4601 4602 4603 4604 4605 4606 4607 4560 4563 4562 4561 4219 4218 4221 4220 2110 2109 2108 2111 4608 4609 4610 4611 4612 4613 4614 4615 
1119 243 242 234 235 283 282 274 275 2305 2304 2306 2307 4616 4617 2298 2299 4572 4573 2234 2235 4190 4191 4234 4235 4618 4619 4620 4621 4576 4577 4237 4236 2310 2311 2308 2309 4622 4623 4624 4625 4626 4627 4628 4629 4582 4585 4584 4583 4241 4240 4243 4242 4630 4631 4632 4633 4634 4635 4636 4637 4638 4639 4640 4641 
1120 283 282 274 275 227 226 218 219 4618 4619 4620 4621 4642 4643 4576 4577 4598 4599 4237 4236 4216 4217 4260 4261 2113 2112 2114 2115 2106 2107 2042 2043 4630 4633 4632 4631 4644 4645 4646 4647 4648 4649 4650 4651 4604 4607 4606 4605 4263 4262 4265 4264 2118 2117 2116 2119 4652 4653 4654 4655 4656 4657 4658 4659 
1121 244 243 235 236 284 283 275 276 2313 2312 2314 2315 4660 4661 2306 2307 4616 4617 2242 2243 4234 4235 4278 4279 4662 4663 4664 4665 4620 4621 4281 4280 2318 2319 2316 2317 4666 4667 4668 4669 4670 4671 4672 4673 4626 4629 4628 4627 4285 4284 4287 4286 4674 4675 4676 4677 4678 4679 4680 4681 4682 4683 4684 4685 
1122 284 283 275 276 228 227 219 220 4662 4663 4664 4665 4686 4687 4620 4621 4642 4643 4281 4280 4260 4261 4304 4305 2121 2120 2122 2123 2114 2115 2050 2051 4674 4677 4676 4675 4688 4689 4690 4691 4692 4693 4694 4695 4648 4651 4650 4649 4307 4306 4309 4308 2126 2125 2124 2127 4696 4697 4698 4699 4700 4701 4702 4703 
1123 245 244 236 237 285 284 276 277 2321 2320 2322 2323 4704 4705 2314 2315 4660 4661 2250 2251 4278 4279 4322 4323 4706 4707 4708 4709 4664 4665 4325 4324 2326 2327 2324 2325 4710 4711 4712 4713 4714 4715 4716 4717 4670 4673 4672 4671 4329 4328 4331 4330 4718 4719 4720 4721 4722 4723 4724 4725 4726 4727 4728 4729 
1124 285 284 276 277 229 228 220 221 4706 4707 4708 4709 4730 4731 4664 4665 4686 4687 4325 4324 4304 4305 4348 4349 2129 2128 2130 2131 2122 2123 2058 2059 4718 4721 4720 4719 4732 4733 4734 4735 4736 4737 4738 4739 4692 4695 4694 4693 4351 4350 4353 4352 2134 2133 2132 2135 4740 4741 4742 4743 4744 4745 4746 4747 
1125 246 245 237 238 286 285 277 278 2329 2328 2330 2331 4748 4749 2322 2323 4704 4705 2258 2259 4322 4323 4366 4367 4750 4751 4752 4753 4708 4709 4369 4368 2334 2335 2332 2333 4754 4755 4756 4757 4758 4759 4760 4761 4714 4717 4716 4715 4373 4372 4375 4374 4762 4763 4764 4765 4766 4767 4768 4769 4770 4771 4772 4773 
1126 286 285 277 278 230 229 221 222 4750 4751 4752 4753 4774 4775 4708 4709 4730 4731 4369 4368 4348 4349 4392 4393 2137 2136 2138 2139 2130 2131 2066 2067 4762 4765 4764 4763 4776 4777 4778 4779 4780 4781 4782 4783 4736 4739 4738 4737 4395 4394 4397 4396 2142 2141 2140 2143 4784 4785 4786 4787 4788 4789 4790 4791 
1127 247 246 238 239 287 286 278 279 2337 2336 2338 2339 4792 4793 2330 2331 4748 4749 2266 2267 4366 4367 4410 4411 4794 4795 4796 4797 4752 4753 4413 4412 2342 2343 2340 2341 4798 4799 4800 4801 4802 4803 4804 4805 4758 4761 4760 4759 4417 4416 4419 4418 4806 4807 4808 4809 4810 4811 4812 4813 4814 4815 4816 4817 
1128 287 286 278 279 231 230 222 223 4794 4795 4796 4797 4818 4819 4752 4753 4774 4775 4413 4412 4392 4393 4436 4437 2145 2144 2146 2147 2138 2139 2074 2075 4806 4809 4808 4807 4820 4821 4822 4823 4824 4825 4826 4827 4780 4783 4782 4781 4439 4438 4441 4440 2150 2149 2148 2151 4828 4829 4830 4831 4832 4833 4834 4835 
1129 248 247 239 240 288 287 279 280 2345 2344 2346 2347 4836 4837 2338 2339 4792 4793 2274 2275 4410 4411 4454 4455 4838 4839 4840 4841 4796 4797 4457 4456 2350 2351 2348 2349 4842 4843 4844 4845 4846 4847 4848 4849 4802 4805 4804 4803 4461 4460 4463 4462 4850 4851 4852 4853 4854 4855 4856 4857 4858 4859 4860 4861 
1130 288 287 279 280 232 231 223 224 4838 4839 4840 4841 4862 4863 4796 4797 4818 4819 4457 4456 4436 4437 4480 4481 2153 2152 2154 2155 2146 2147 2082 2083 4850 4853 4852 4851 4864 4865 4866 4867 4868 4869 4870 4871 4824 4827 4826 4825 4483 4482 4485 4484 2158 2157 2156 2159 4872 4873 4874 4875 4876 4877 4878 4879 
1131 105 248 240 104 208 288 280 207 2353 2352 533 532 1894 1895 2346 2347 4836 4837 2282 2283 4454 4455 1888 1889 4880 4881 1875 1874 4840 4841 4499 4498 2356 2357 2354 2355 4882 4883 4884 4885 1898 1899 1896 1897 4846 4849 4848 4847 4501 4500 4503 4502 4886 4887 4888 4889 4890 4891 4892 4893 4894 4895 4896 4897 
1132 208 288 280 207 103 232 224 102 4880 4881 1875 1874 1876 1877 4840 4841 4862 4863 4499 4498 4480 4481 1868 1869 2161 2160 527 526 2154 2155 2090 2091 4886 4889 4888 4887 4898 4899 4900 4901 1880 1881 1878 1879 4868 4871 4870 4869 4517 4516 4519 4518 2164 2163 2162 2165 4902 4903 4904 4905 4906 4907 4908 4909 
1133 114 16 62 241 216 56 128 281 556 557 2358 2359 2002 2003 421 420 403 402 2288 2289 675 674 4528 4529 2017 2016 4910 4911 680 681 4531 4530 2362 2363 2360 2361 2018 2019 2020 2021 4912 4913 4914 4915 688 689 686 687 4535 4534 4537 4536 4916 4917 4918 4919 4920 4921 4922 4923 4924 4925 4926 4927 
1134 216 56 128 281 122 8 26 225 2017 2016 4910 4911 2010 2011 680 681 401 400 4531 4530 667 666 4554 4555 574 575 2166 2167 309 308 2096 2097 4916 4919 4918 4917 2022 2023 2024 2025 4928 4929 4930 4931 684 685 682 683 4557 4556 4559 4558 2170 2169 2168 2171 4932 4933 4934 4935 4936 4937 4938 4939 
1135 113 114 241 242 215 216 281 282 554 555 2364 2365 1988 1989 2358 2359 2002 2003 2296 2297 4528 4529 4572 4573 2005 2004 4940 4941 4910 4911 4575 4574 2368 2369 2366 2367 2006 2007 2008 2009 4942 4943 4944 4945 4912 4915 4914 4913 4579 4578 4581 4580 4946 4947 4948 4949 4950 4951 4952 4953 4954 4955 4956 4957 
1136 215 216 281 282 121 122 225 226 2005 2004 4940 4941 1996 1997 4910 4911 2010 2011 4575 4574 4554 4555 4598 4599 572 573 2172 2173 2166 2167 2104 2105 4946 4949 4948 4947 2012 2013 2014 2015 4958 4959 4960 4961 4928 4931 4930 4929 4601 4600 4603 4602 2176 2175 2174 2177 4962 4963 4964 4965 4966 4967 4968 4969 
1137 112 113 242 243 214 215 282 283 552 553 2370 2371 1974 1975 2364 2365 1988 1989 2304 2305 4572 4573 4616 4617 1991 1990 4970 4971 4940 4941 4619 4618 2374 2375 2372 2373 1992 1993 1994 1995 4972 4973 4974 4975 4942 4945 4944 4943 4623 4622 4625 4624 4976 4977 4978 4979 4980 4981 4982 4983 4984 4985 4986 4987 
1138 214 215 282 283 120 121 226 227 1991 1990 4970 4971 1982 1983 4940 4941 1996 1997 4619 4618 4598 4599 4642 4643 570 571 2178 2179 2172 2173 2112 2113 4976 4979 4978 4977 1998 1999 2000 2001 4988 4989 4990 4991 4958 4961 4960 4959 4645 4644 4647 4646 2182 2181 2180 2183 4992 4993 4994 4995 4996 4997 4998 4999 
1139 111 112 243 244 213 214 283 284 550 551 2376 2377 1960 1961 2370 2371 1974 1975 2312 2313 4616 4617 4660 4661 1977 1976 5000 5001 4970 4971 4663 4662 2380 2381 2378 2379 1978 1979 1980 1981 5002 5003 5004 5005 4972 4975 4974 4973 4667 4666 4669 4668 5006 5007 5008 5009 5010 5011 5012 5013 5014 5015 5016 5017 
1140 213 214 283 284 119 120 227 228 1977 1976 5000 5001 1968 1969 4970 4971 1982 1983 4663 4662 4642 4643 4686 4687 568 569 2184 2185 2178 2179 2120 2121 5006 5009 5008 5007 1984 1985 1986 1987 5018 5019 5020 5021 4988 4991 4990 4989 4689 4688 4691 4690 2188 2187 2186 2189 5022 5023 5024 5025 5026 5027 5028 5029 
1141 110 111 244 245 212 213 284 285 548 549 2382 2383 1946 1947 2376 2377 1960 1961 2320 2321 4660 4661 4704 4705 1963 1962 5030 5031 5000 5001 4707 4706 2386 2387 2384 2385 1964 1965 1966 1967 5032 5033 5034 5035 5002 5005 5004 5003 4711 4710 4713 4712 5036 5037 5038 5039 5040 5041 5042 5043 5044 5045 5046 5047 
1142 212 213 284 285 118 119 228 229 1963 1962 5030 5031 1954 1955 5000 5001 1968 1969 4707 4706 4686 4687 4730 4731 566 567 2190 2191 2184 2185 2128 2129 5036 5039 5038 5037 1970 1971 1972 1973 5048 5049 5050 5051 5018 5021 5020 5019 4733 4732 4735 4734 2194 2193 2192 2195 5052 5053 5054 5055 5056 5057 5058 5059 
1143 109 110 245 246 211 212 285 286 546 547 2388 2389 1932 1933 2382 2383 1946 1947 2328 2329 4704 4705 4748 4749 1949 1948 5060 5061 5030 5031 4751 4750 2392 2393 2390 2391 1950 1951 1952 1953 5062 5063 5064 5065 5032 5035 5034 5033 4755 4754 4757 4756 5066 5067 5068 5069 5070 5071 5072 5073 5074 5075 5076 5077 
1144 211 212 285 286 117 118 229 230 1949 1948 5060 5061 1940 1941 5030 5031 1954 1955 4751 4750 4730 4731 4774 4775 564 565 2196 2197 2190 2191 2136 2137 5066 5069 5068 5067 1956 1957 1958 1959 5078 5079 5080 5081 5048 5051 5050 5049 4777 4776 4779 4778 2200 2199 2198 2201 5082 5083 5084 5085 5086 5087 5088 5089 
1145 108 109 246 247 210 211 286 287 544 545 2394 2395 1918 1919 2388 2389 1932 1933 2336 2337 4748 4749 4792 4793 1935 1934 5090 5091 5060 5061 4795 4794 2398 2399 2396 2397 1936 1937 1938 1939 5092 5093 5094 5095 5062 5065 5064 5063 4799 4798 4801 4800 5096 5097 5098 5099 5100 5101 5102 5103 5104 5105 5106 5107 
1146 210 211 286 287 116 117 230 231 1935 1934 5090 5091 1926 1927 5060 5061 1940 1941 4795 4794 4774 4775 4818 4819 562 563 2202 2203 2196 2197 2144 2145 5096 5099 5098 5097 1942 1943 1944 1945 5108 5109 5110 5111 5078 5081 5080 5079 4821 4820 4823 4822 2206 2205 2204 2207 5112 5113 5114 5115 5116 5117 5118 5119 
1147 107 108 247 248 209 210 287 288 542 543 2400 2401 1904 1905 2394 2395 1918 1919 2344 2345 4792 4793 4836 4837 1921 1920 5120 5121 5090 5091 4839 4838 2404 2405 2402 2403 1922 1923 1924 1925 5122 5123 5124 5125 5092 5095 5094 5093 4843 4842 4845 4844 5126 5127 5128 5129 5130 5131 5132 5133 5134 5135 5136 5137 
1148 209 210 287 288 115 116 231 232 1921 1920 5120 5121 1912 1913 5090 5091 1926 1927 4839 4838 4818 4819 4862 4863 560 561 2208 2209 2202 2203 2152 2153 5126 5129 5128 5127 1928 1929 1930 1931 5138 5139 5140 5141 5108 5111 5110 5109 4865 4864 4867 4866 2212 2211 2210 2213 5142 5143 5144 5145 5146 5147 5148 5149 
1149 18 107 248 105 106 209 288 208 540 541 535 534 539 538 2400 2401 1904 1905 2352 2353 4836 4837 1894 1895 1907 1906 1883 1882 5120 5121 4881 4880 2408 2409 2406 2407 1908 1909 1910 1911 1902 1903 1900 1901 5122 5125 5124 5123 4883 4882 4885 4884 5150 5151 5152 5153 5154 5155 5156 5157 5158 5159 5160 5161 
1150 106 209 288 208 17 115 232 103 1907 1906 1883 1882 537 536 5120 5121 1912 1913 4881 4880 4862 4863 1876 1877 558 559 529 528 2208 2209 2160 2161 5150 5153 5152 5151 1914 1915 1916 1917 1886 1887 1884 1885 5138 5141 5140 5139 4899 4898 4901 4900 2216 2215 2214 2217 5162 5163 5164 5165 5166 5167 5168 5169 
$EndElements
$Periodic
30
0 2 10
16 1 0 0 0 0 1 0 0 0 0 1 -0.1 0 0 0 1
1
1 9
0 3 11
16 1 0 0 0 0 1 0 0 0 0 1 -0.1 0 0 0 1
1
2 10
0 4 12
16 1 0 0 0 0 1 0 0 0 0 1 -0.1 0 0 0 1
1
3 11
0 5 13
16 1 0 0 0 0 1 0 0 0 0 1 -0.1 0 0 0 1
1
4 12
0 6 14
16 1 0 0 0 0 1 0 0 0 0 1 -0.1 0 0 0 1
1
5 13
0 7 15
16 1 0 0 0 0 1 0 0 0 0 1 -0.1 0 0 0 1
1
6 14
0 8 16
16 1 0 0 0 0 1 0 0 0 0 1 -0.1 0 0 0 1
1
7 15
0 9 17
16 1 0 0 0 0 1 0 0 0 0 1 -0.1 0 0 0 1
1
8 16
0 20 21
16 1 0 0 0 0 1 0 0 0 0 1 -0.1 0 0 0 1
1
17 18
0 22 23
16 1 0 0 0 0 1 0 0 0 0 1 -0.1 0 0 0 1
1
19 20
1 1 21
16 1 0 0 0 0 1 0 0 0 0 1 -0.1 0 0 0 1
4
5 13
6 14
21 57
22 58
1 2 25
16 1 0 0 0 0 1 0 0 0 0 1 -0.1 0 0 0 1
4
5 13
7 15
23 59
24 60
1 3 29
16 1 0 0 0 0 1 0 0 0 0 1 -0.1 0 0 0 1
4
7 15
8 16
25 61
26 62
1 4 33
16 1 0 0 0 0 1 0 0 0 0 1 -0.1 0 0 0 1
4
6 14
8 16
27 63
28 64
1 5 37
16 1 0 0 0 0 1 0 0 0 0 1 -0.1 0 0 0 1
5
3 11
6 14
29 65
30 66
31 67
1 6 41
16 1 0 0 0 0 1 0 0 0 0 1 -0.1 0 0 0 1
5
4 12
5 13
32 68
33 69
34 70
1 7 45
16 1 0 0 0 0 1 0 0 0 0 1 -0.1 0 0 0 1
5
1 9
7 15
35 71
36 72
37 73
1 8 49
16 1 0 0 0 0 1 0 0 0 0 1 -0.1 0 0 0 1
5
2 10
8 16
38 74
39 75
40 76
1 9 53
16 1 0 0 0 0 1 0 0 0 0 1 -0.1 0 0 0 1
4
3 11
4 12
41 77
42 78
1 10 57
16 1 0 0 0 0 1 0 0 0 0 1 -0.1 0 0 0 1
4
1 9
4 12
43 79
44 80
1 11 61
16 1 0 0 0 0 1 0 0 0 0 1 -0.1 0 0 0 1
4
1 9
2 10
45 81
46 82
1 12 65
16 1 0 0 0 0 1 0 0 0 0 1 -0.1 0 0 0 1
4
2 10
3 11
47 83
48 84
1 66 68
16 1 0 0 0 0 1 0 0 0 0 1 -0.1 0 0 0 1
10
7 15
19 20
85 101
86 100
87 99
88 98
89 97
90 96
91 95
92 94
1 69 70
16 1 0 0 0 0 1 0 0 0 0 1 -0.1 0 0 0 1
4
17 18
19 20
102 104
103 105
1 73 72
16 1 0 0 0 0 1 0 0 0 0 1 -0.1 0 0 0 1
10
8 16
17 18
115 107
116 108
117 109
118 110
119 111
120 112
121 113
122 114
2 69 73
16 1 0 0 0 0 1 0 0 0 0 1 -0.1 0 0 0 1
0
2 70 74
16 1 0 0 0 0 1 0 0 0 0 1 -0.1 0 0 0 1
0
2 71 75
16 1 0 0 0 0 1 0 0 0 0 1 -0.1 0 0 0 1
0
2 72 76
16 1 0 0 0 0 1 0 0 0 0 1 -0.1 0 0 0 1
0
2 80 81
16 1 0 0 0 0 1 0 0 0 0 1 -0.1 0 0 0 1
0
$EndPeriodic
