$MeshFormat
4.1 0 8
$EndMeshFormat
$PhysicalNames
4
2 33 "wall"
2 34 "inlet"
2 35 "outlet"
3 36 "fluid"
$EndPhysicalNames
$Entities
18 32 22 5
1 0 0 0 0 
2 0 0 -2 0 
3 0 1 0 0 
4 0 1 -2 0 
5 0 -1 0 0 
6 0 -1 -2 0 
7 1 0 0 0 
8 1 0 -2 0 
9 -1 0 0 0 
10 -1 0 -2 0 
11 0 0.5 0 0 
12 0 -0.5 0 0 
13 0.5 0 0 0 
14 -0.5 0 0 0 
15 0 0.5 -2 0 
16 0 -0.5 -2 0 
17 0.5 0 -2 0 
18 -0.5 0 -2 0 
1 0 5.551115123125783e-17 0 1 1 0 0 2 3 -7 
2 5.551115123125783e-17 -1 0 1 0 0 0 2 7 -5 
3 -1 -1 0 0 -5.551115123125783e-17 0 0 2 5 -9 
4 -1 0 0 -5.551115123125783e-17 1 0 0 2 9 -3 
5 0 1 -2 0 1 0 0 2 3 -4 
6 0 -1 -2 0 -1 0 0 2 5 -6 
7 1 0 -2 1 0 0 0 2 7 -8 
8 -1 0 -2 -1 0 0 0 2 9 -10 
9 0 5.551115123125783e-17 -2 1 1 -2 0 2 4 -8 
10 5.551115123125783e-17 -1 -2 1 0 -2 0 2 8 -6 
11 -1 -1 -2 0 -5.551115123125783e-17 -2 0 2 6 -10 
12 -1 0 -2 -5.551115123125783e-17 1 -2 0 2 10 -4 
13 0 0.5 -2 0 0.5 0 0 2 11 -15 
14 0.5 0 -2 0.5 0 0 0 2 13 -17 
15 0 -0.5 -2 0 -0.5 0 0 2 12 -16 
16 -0.5 0 -2 -0.5 0 0 0 2 14 -18 
17 0 0.5 0 0 1 0 0 2 11 -3 
18 0 0.5 -2 0 1 -2 0 2 15 -4 
19 0.5 0 0 1 0 0 0 2 13 -7 
20 0.5 0 -2 1 0 -2 0 2 17 -8 
21 0 -1 0 0 -0.5 0 0 2 12 -5 
22 0 -1 -2 0 -0.5 -2 0 2 16 -6 
23 -1 0 0 -0.5 0 0 0 2 14 -9 
24 -1 0 -2 -0.5 0 -2 0 2 18 -10 
25 0 0 0 0.5 0.5 0 0 2 11 -13 
26 0 -0.5 0 0.5 0 0 0 2 13 -12 
27 -0.5 -0.5 0 0 0 0 0 2 12 -14 
28 -0.5 0 0 0 0.5 0 0 2 14 -11 
29 0 0 -2 0.5 0.5 -2 0 2 15 -17 
30 0 -0.5 -2 0.5 0 -2 0 2 17 -16 
31 -0.5 -0.5 -2 0 0 -2 0 2 16 -18 
32 -0.5 0 -2 0 0.5 -2 0 2 18 -15 
1 -0.5 -0.5 0 0.5 0.5 0 1 34 4 25 26 27 28 
2 -0.5 -0.5 -2 0.5 0.5 -2 1 35 4 29 30 31 32 
3 0 0 -2 0.5 0.5 0 0 4 13 29 -14 -25 
4 0 -0.5 -2 0.5 0 0 0 4 14 30 -15 -26 
5 -0.5 -0.5 -2 0 0 0 0 4 15 31 -16 -27 
6 -0.5 0 -2 0 0.5 0 0 4 16 32 -13 -28 
7 0 0.5 -2 0 1 0 0 4 5 -18 -13 17 
8 0.5 0 -2 1 0 0 0 4 14 20 -7 -19 
9 0 -1 -2 0 -0.5 0 0 4 15 22 -6 -21 
10 -1 0 -2 -0.5 0 0 0 4 16 24 -8 -23 
11 0 0 0 1 1 0 1 34 4 1 -19 -25 17 
12 0 -1 0 1 0 0 1 34 4 2 -21 -26 19 
13 -1 -1 0 0 0 0 1 34 4 3 -23 -27 21 
14 -1 0 0 0 1 0 1 34 4 4 -17 -28 23 
15 0 0 -2 1 1 -2 1 35 4 9 -20 -29 18 
16 0 -1 -2 1 0 -2 1 35 4 10 -22 -30 20 
17 -1 -1 -2 0 0 -2 1 35 4 11 -24 -31 22 
18 -1 0 -2 0 1 -2 1 35 4 12 -18 -32 24 
19 0 0 -2 1 1 0 1 33 4 5 9 -7 -1 
20 0 -1 -2 1 0 0 1 33 4 7 10 -6 -2 
21 -1 -1 -2 0 0 0 1 33 4 6 11 -8 -3 
22 -1 0 -2 0 1 0 1 33 4 8 12 -5 -4 
1 -0.5 -0.5 -2 0.5 0.5 0 1 36 6 3 6 5 4 2 1 
2 0 0 -2 1 1 0 1 36 6 11 19 15 7 3 8 
3 0 -1 -2 1 0 0 1 36 6 20 16 12 4 8 9 
4 -1 -1 -2 0 0 0 1 36 6 21 17 13 5 10 9 
5 -1 0 -2 0 1 0 1 36 6 22 18 14 6 10 7 
$EndEntities
$Nodes
75 5215 1 5218
0 3 0 1
1
0 1 0
0 4 0 1
2
0 1 -2
0 5 0 1
3
0 -1 0
0 6 0 1
4
0 -1 -2
0 7 0 1
5
1 0 0
0 8 0 1
6
1 0 -2
0 9 0 1
7
-1 0 0
0 10 0 1
8
-1 0 -2
0 11 0 1
9
0 0.5 0
0 12 0 1
10
0 -0.5 0
0 13 0 1
11
0.5 0 0
0 14 0 1
12
-0.5 0 0
0 15 0 1
13
0 0.5 -2
0 16 0 1
14
0 -0.5 -2
0 17 0 1
15
0.5 0 -2
0 18 0 1
16
-0.5 0 -2
1 1 0 11
17
18
19
271
272
273
274
275
276
277
278
0.3826834333862198 0.9238795320883209 0
0.7071067828112099 0.7071067795618852 0
0.9238795330019808 0.3826834311804495 0
0.1305261925326973 0.9914448613326499 0
0.2588190458056615 0.9659258261006624 0
0.500000001274473 0.8660254030486213 0
0.6087614305175859 0.7933533391334421 0
0.7933533414390155 0.6087614275129042 0
0.8660254045842624 0.4999999986146648 0
0.9659258265990155 0.2588190439457822 0
0.9914448614565017 0.130526191591949 0
1 2 0 11
20
21
22
279
280
281
282
283
284
285
286
0.9238795320883209 -0.3826834333862198 0
0.7071067795618852 -0.7071067828112099 0
0.3826834311804495 -0.9238795330019808 0
0.9914448613326499 -0.1305261925326973 0
0.9659258261006624 -0.2588190458056615 0
0.8660254030486213 -0.500000001274473 0
0.7933533391334421 -0.6087614305175859 0
0.6087614275129042 -0.7933533414390155 0
0.4999999986146648 -0.8660254045842624 0
0.2588190439457822 -0.9659258265990155 0
0.130526191591949 -0.9914448614565017 0
1 3 0 11
23
24
25
287
288
289
290
291
292
293
294
-0.3826834333862198 -0.9238795320883209 0
-0.7071067828112099 -0.7071067795618852 0
-0.9238795330019808 -0.3826834311804495 0
-0.1305261925326973 -0.9914448613326499 0
-0.2588190458056615 -0.9659258261006624 0
-0.500000001274473 -0.8660254030486213 0
-0.6087614305175859 -0.7933533391334421 0
-0.7933533414390155 -0.6087614275129042 0
-0.8660254045842624 -0.4999999986146648 0
-0.9659258265990155 -0.2588190439457822 0
-0.9914448614565017 -0.130526191591949 0
1 4 0 11
26
27
28
295
296
297
298
299
300
301
302
-0.9238795320883209 0.3826834333862198 0
-0.7071067795618852 0.7071067828112099 0
-0.3826834311804495 0.9238795330019808 0
-0.9914448613326499 0.1305261925326973 0
-0.9659258261006624 0.2588190458056615 0
-0.8660254030486213 0.500000001274473 0
-0.7933533391334421 0.6087614305175859 0
-0.6087614275129042 0.7933533414390155 0
-0.4999999986146648 0.8660254045842624 0
-0.2588190439457822 0.9659258265990155 0
-0.130526191591949 0.9914448614565017 0
1 5 0 5
29
303
304
305
306
0 1 -0.9999999999973842
0 1 -0.3333333333326648
0 1 -0.6666666666650245
0 1 -1.33333333333159
0 1 -1.666666666665795
1 6 0 5
30
307
308
309
310
0 -1 -0.9999999999973842
0 -1 -0.3333333333326648
0 -1 -0.6666666666650245
0 -1 -1.33333333333159
0 -1 -1.666666666665795
1 7 0 5
31
311
312
313
314
1 0 -0.9999999999973842
1 0 -0.3333333333326648
1 0 -0.6666666666650245
1 0 -1.33333333333159
1 0 -1.666666666665795
1 8 0 5
32
315
316
317
318
-1 0 -0.9999999999973842
-1 0 -0.3333333333326648
-1 0 -0.6666666666650245
-1 0 -1.33333333333159
-1 0 -1.666666666665795
1 9 0 11
33
34
35
319
320
321
322
323
324
325
326
0.3826834323650898 0.9238795325112867 -2
0.7071067811865475 0.7071067811865476 -2
0.9238795325112867 0.3826834323650898 -2
0.1305261921802107 0.9914448613790555 -2
0.2588190450561522 0.9659258263014927 -2
0.4999999999952872 0.8660254037871596 -2
0.6087614288910665 0.7933533403815143 -2
0.7933533403556374 0.60876142892479 -2
0.8660254038222477 0.4999999999345129 -2
0.9659258263376986 0.25881904492103 -2
0.9914448613818224 0.1305261921591942 -2
1 10 0 11
36
37
38
327
328
329
330
331
332
333
334
0.9238795325112867 -0.3826834323650898 -2
0.7071067811865476 -0.7071067811865475 -2
0.3826834323650898 -0.9238795325112867 -2
0.9914448613790555 -0.1305261921802107 -2
0.9659258263014927 -0.2588190450561522 -2
0.8660254037871596 -0.4999999999952872 -2
0.7933533403815143 -0.6087614288910665 -2
0.60876142892479 -0.7933533403556374 -2
0.4999999999345129 -0.8660254038222477 -2
0.25881904492103 -0.9659258263376986 -2
0.1305261921591942 -0.9914448613818224 -2
1 11 0 11
39
40
41
335
336
337
338
339
340
341
342
-0.3826834323650898 -0.9238795325112867 -2
-0.7071067811865475 -0.7071067811865476 -2
-0.9238795325112867 -0.3826834323650898 -2
-0.1305261921802107 -0.9914448613790555 -2
-0.2588190450561522 -0.9659258263014927 -2
-0.4999999999952872 -0.8660254037871596 -2
-0.6087614288910665 -0.7933533403815143 -2
-0.7933533403556374 -0.60876142892479 -2
-0.8660254038222477 -0.4999999999345129 -2
-0.9659258263376986 -0.25881904492103 -2
-0.9914448613818224 -0.1305261921591942 -2
1 12 0 11
42
43
44
343
344
345
346
347
348
349
350
-0.9238795325112867 0.3826834323650898 -2
-0.7071067811865476 0.7071067811865475 -2
-0.3826834323650898 0.9238795325112867 -2
-0.9914448613790555 0.1305261921802107 -2
-0.9659258263014927 0.2588190450561522 -2
-0.8660254037871596 0.4999999999952872 -2
-0.7933533403815143 0.6087614288910665 -2
-0.60876142892479 0.7933533403556374 -2
-0.4999999999345129 0.8660254038222477 -2
-0.25881904492103 0.9659258263376986 -2
-0.1305261921591942 0.9914448613818224 -2
1 13 0 5
45
351
352
353
354
0 0.5 -0.9999999999973842
0 0.5 -0.3333333333326648
0 0.5 -0.6666666666650245
0 0.5 -1.33333333333159
0 0.5 -1.666666666665795
1 14 0 5
46
355
356
357
358
0.5 0 -0.9999999999973842
0.5 0 -0.3333333333326648
0.5 0 -0.6666666666650245
0.5 0 -1.33333333333159
0.5 0 -1.666666666665795
1 15 0 5
47
359
360
361
362
0 -0.5 -0.9999999999973842
0 -0.5 -0.3333333333326648
0 -0.5 -0.6666666666650245
0 -0.5 -1.33333333333159
0 -0.5 -1.666666666665795
1 16 0 5
48
363
364
365
366
-0.5 0 -0.9999999999973842
-0.5 0 -0.3333333333326648
-0.5 0 -0.6666666666650245
-0.5 0 -1.33333333333159
-0.5 0 -1.666666666665795
1 17 0 11
49
50
51
367
368
369
370
371
372
373
374
0 0.625 0
0 0.75 0
0 0.875 0
0 0.5416666666667797 0
0 0.5833333333332826 0
0 0.6666666666667891 0
0 0.7083333333334414 0
0 0.7916666666666409 0
0 0.8333333333333204 0
0 0.9166666666666929 0
0 0.9583333333333691 0
1 18 0 11
52
53
54
375
376
377
378
379
380
381
382
0 0.625 -2
0 0.75 -2
0 0.875 -2
0 0.5416666666667797 -2
0 0.5833333333332826 -2
0 0.6666666666667891 -2
0 0.7083333333334414 -2
0 0.7916666666666409 -2
0 0.8333333333333204 -2
0 0.9166666666666929 -2
0 0.9583333333333691 -2
1 19 0 11
55
56
57
383
384
385
386
387
388
389
390
0.625 0 0
0.75 0 0
0.875 0 0
0.5416666666667797 0 0
0.5833333333332826 0 0
0.6666666666667891 0 0
0.7083333333334414 0 0
0.7916666666666409 0 0
0.8333333333333204 0 0
0.9166666666666929 0 0
0.9583333333333691 0 0
1 20 0 11
58
59
60
391
392
393
394
395
396
397
398
0.625 0 -2
0.75 0 -2
0.875 0 -2
0.5416666666667797 0 -2
0.5833333333332826 0 -2
0.6666666666667891 0 -2
0.7083333333334414 0 -2
0.7916666666666409 0 -2
0.8333333333333204 0 -2
0.9166666666666929 0 -2
0.9583333333333691 0 -2
1 21 0 11
61
62
63
399
400
401
402
403
404
405
406
0 -0.625 0
0 -0.75 0
0 -0.875 0
0 -0.5416666666667797 0
0 -0.5833333333332826 0
0 -0.6666666666667891 0
0 -0.7083333333334414 0
0 -0.7916666666666409 0
0 -0.8333333333333204 0
0 -0.9166666666666929 0
0 -0.9583333333333691 0
1 22 0 11
64
65
66
407
408
409
410
411
412
413
414
0 -0.625 -2
0 -0.75 -2
0 -0.875 -2
0 -0.5416666666667797 -2
0 -0.5833333333332826 -2
0 -0.6666666666667891 -2
0 -0.7083333333334414 -2
0 -0.7916666666666409 -2
0 -0.8333333333333204 -2
0 -0.9166666666666929 -2
0 -0.9583333333333691 -2
1 23 0 11
67
68
69
415
416
417
418
419
420
421
422
-0.625 0 0
-0.75 0 0
-0.875 0 0
-0.5416666666667797 0 0
-0.5833333333332826 0 0
-0.6666666666667891 0 0
-0.7083333333334414 0 0
-0.7916666666666409 0 0
-0.8333333333333204 0 0
-0.9166666666666929 0 0
-0.9583333333333691 0 0
1 24 0 11
70
71
72
423
424
425
426
427
428
429
430
-0.625 0 -2
-0.75 0 -2
-0.875 0 -2
-0.5416666666667797 0 -2
-0.5833333333332826 0 -2
-0.6666666666667891 0 -2
-0.7083333333334414 0 -2
-0.7916666666666409 0 -2
-0.8333333333333204 0 -2
-0.9166666666666929 0 -2
-0.9583333333333691 0 -2
1 25 0 11
73
74
75
431
432
433
434
435
436
437
438
0.1249999999997664 0.3750000000002336 0
0.2499999999991584 0.2500000000008416 0
0.3749999999995751 0.1250000000004249 0
0.041666666666602 0.458333333333398 0
0.08333333333320408 0.4166666666667959 0
0.1666666666662211 0.3333333333337789 0
0.2083333333326672 0.2916666666673328 0
0.291666666665964 0.208333333334036 0
0.3333333333327695 0.1666666666672305 0
0.4166666666663834 0.08333333333361659 0
0.4583333333331917 0.04166666666680829 0
1 26 0 11
76
77
78
439
440
441
442
443
444
445
446
0.3750000000002336 -0.1249999999997664 0
0.2500000000008416 -0.2499999999991584 0
0.1250000000004249 -0.3749999999995751 0
0.458333333333398 -0.041666666666602 0
0.4166666666667959 -0.08333333333320408 0
0.3333333333337789 -0.1666666666662211 0
0.2916666666673328 -0.2083333333326672 0
0.208333333334036 -0.291666666665964 0
0.1666666666672305 -0.3333333333327695 0
0.08333333333361659 -0.4166666666663834 0
0.04166666666680829 -0.4583333333331917 0
1 27 0 11
79
80
81
447
448
449
450
451
452
453
454
-0.1249999999997664 -0.3750000000002336 0
-0.2499999999991584 -0.2500000000008416 0
-0.3749999999995751 -0.1250000000004249 0
-0.041666666666602 -0.458333333333398 0
-0.08333333333320408 -0.4166666666667959 0
-0.1666666666662211 -0.3333333333337789 0
-0.2083333333326672 -0.2916666666673328 0
-0.291666666665964 -0.208333333334036 0
-0.3333333333327695 -0.1666666666672305 0
-0.4166666666663834 -0.08333333333361659 0
-0.4583333333331917 -0.04166666666680829 0
1 28 0 11
82
83
84
455
456
457
458
459
460
461
462
-0.3750000000002336 0.1249999999997664 0
-0.2500000000008416 0.2499999999991584 0
-0.1250000000004249 0.3749999999995751 0
-0.458333333333398 0.041666666666602 0
-0.4166666666667959 0.08333333333320408 0
-0.3333333333337789 0.1666666666662211 0
-0.2916666666673328 0.2083333333326672 0
-0.208333333334036 0.291666666665964 0
-0.1666666666672305 0.3333333333327695 0
-0.08333333333361659 0.4166666666663834 0
-0.04166666666680829 0.4583333333331917 0
1 29 0 11
85
86
87
463
464
465
466
467
468
469
470
0.125 0.375 -2
0.25 0.25 -2
0.375 0.125 -2
0.04166666666667789 0.4583333333333221 -2
0.08333333333333359 0.4166666666666664 -2
0.1666666666667488 0.3333333333332512 -2
0.2083333333333907 0.2916666666666093 -2
0.2916666666666667 0.2083333333333333 -2
0.3333333333333334 0.1666666666666666 -2
0.4166666666666667 0.08333333333333331 -2
0.4583333333333333 0.04166666666666669 -2
1 30 0 11
88
89
90
471
472
473
474
475
476
477
478
0.375 -0.125 -2
0.25 -0.25 -2
0.125 -0.375 -2
0.4583333333333221 -0.04166666666667789 -2
0.4166666666666664 -0.08333333333333359 -2
0.3333333333332512 -0.1666666666667488 -2
0.2916666666666093 -0.2083333333333907 -2
0.2083333333333333 -0.2916666666666667 -2
0.1666666666666666 -0.3333333333333334 -2
0.08333333333333331 -0.4166666666666667 -2
0.04166666666666669 -0.4583333333333333 -2
1 31 0 11
91
92
93
479
480
481
482
483
484
485
486
-0.125 -0.375 -2
-0.25 -0.25 -2
-0.375 -0.125 -2
-0.04166666666667789 -0.4583333333333221 -2
-0.08333333333333359 -0.4166666666666664 -2
-0.1666666666667488 -0.3333333333332512 -2
-0.2083333333333907 -0.2916666666666093 -2
-0.2916666666666667 -0.2083333333333333 -2
-0.3333333333333334 -0.1666666666666666 -2
-0.4166666666666667 -0.08333333333333331 -2
-0.4583333333333333 -0.04166666666666669 -2
1 32 0 11
94
95
96
487
488
489
490
491
492
493
494
-0.375 0.125 -2
-0.25 0.25 -2
-0.125 0.375 -2
-0.4583333333333221 0.04166666666667789 -2
-0.4166666666666664 0.08333333333333359 -2
-0.3333333333332512 0.1666666666667488 -2
-0.2916666666666093 0.2083333333333907 -2
-0.2083333333333333 0.2916666666666667 -2
-0.1666666666666666 0.3333333333333334 -2
-0.08333333333333331 0.4166666666666667 -2
-0.04166666666666669 0.4583333333333333 -2
2 1 0 121
97
98
99
100
101
102
103
104
105
495
496
497
498
499
500
501
502
503
504
505
506
507
508
509
510
511
512
513
514
515
516
517
518
519
520
521
522
523
524
525
526
527
528
529
530
531
532
533
534
535
536
537
538
539
540
541
542
543
544
545
546
547
548
549
550
551
552
553
554
555
556
557
558
559
560
561
562
563
564
565
566
567
568
569
570
571
572
573
574
575
576
577
578
579
580
581
582
583
584
585
586
587
588
589
590
591
592
593
594
595
596
597
598
599
600
601
602
603
604
605
606
-3.292366379525902e-13 0.2499999999998087 -0
-0.1250000000003252 0.1249999999994836 -0
-0.2499999999998087 -3.29250515740398e-13 0
0.1249999999994836 0.1250000000003252 0
-1.387778780781446e-17 2.775557561562891e-17 -0
-0.1249999999994836 -0.1250000000003252 0
0.2499999999998088 3.292366379525902e-13 0
0.1250000000003251 -0.1249999999994836 0
3.29250515740398e-13 -0.2499999999998087 0
0.08333333333306785 0.3333333333334253 0
0.04166666666636931 0.291666666666617 0
-0.04166666666702779 0.2916666666663975 -0
-0.08333333333372633 0.3333333333329863 -0
-1.741037869429363e-13 0.416666666666594 -0
0.04166666666646015 0.3749999999999965 0
-2.838215773515174e-13 0.333333333333197 -0
-0.04166666666695022 0.3749999999997902 -0
-0.04166666666699455 0.2083333333330337 -0
-0.08333333333365986 0.1666666666662586 -0
-0.166666666667164 0.1666666666660419 -0
-0.2083333333340028 0.2083333333326001 -0
-0.1250000000004852 0.2916666666661909 -0
-0.08333333333373985 0.2499999999996123 -0
-0.1250000000004519 0.2083333333328271 -0
-0.166666666667244 0.2499999999993955 -0
-0.1666666666668197 0.0833333333328793 -0
-0.2083333333333142 0.04166666666627503 -0
-0.291666666666617 0.0416666666663693 -0
-0.3333333333334253 0.08333333333306785 -0
-0.250000000000495 0.1666666666660712 -0
-0.2083333333336574 0.1249999999994753 -0
-0.2500000000001358 0.08333333333292373 -0
-0.2916666666669573 0.1249999999995724 -0
-0.2916666666663975 -0.0416666666670278 0
-0.3333333333329863 -0.08333333333372635 0
-0.3749999999999965 0.04166666666646013 -0
-0.333333333333197 -2.838285162454213e-13 0
-0.3749999999997903 -0.04166666666695023 0
-0.4166666666665941 -1.741107258368402e-13 0
0.2083333333326001 0.2083333333340028 0
0.1666666666660419 0.166666666667164 0
0.0833333333328793 0.1666666666668197 0
0.04166666666627504 0.2083333333333142 0
0.1249999999995724 0.2916666666669573 0
0.1666666666660712 0.2500000000004952 0
0.1249999999994753 0.2083333333336574 0
0.08333333333292374 0.2500000000001358 0
0.08333333333298903 0.08333333333355014 0
0.04166666666649452 0.04166666666677508 0
-0.04166666666677507 0.04166666666649455 -0
-0.08333333333355013 0.08333333333298906 -0
-3.333514020376072e-13 0.1666666666665392 -0
0.04166666666632785 0.1250000000000447 0
-2.236093255003624e-13 0.0833333333332696 -0
-0.04166666666694173 0.1249999999997641 -0
-0.04166666666649453 -0.04166666666677503 0
-0.08333333333298905 -0.08333333333355009 0
-0.1666666666662586 -0.08333333333365986 0
-0.2083333333330337 -0.04166666666699456 0
-0.1250000000000447 0.04166666666632786 -0
-0.08333333333326959 -2.235850393716987e-13 0
-0.1249999999997641 -0.04166666666694172 0
-0.1666666666665391 -3.333479325906552e-13 0
-0.1666666666660419 -0.166666666667164 0
-0.2083333333326001 -0.2083333333340028 0
-0.2499999999996123 -0.08333333333373985 0
-0.2083333333328271 -0.1250000000004519 0
-0.2499999999993955 -0.166666666667244 0
-0.2916666666661909 -0.1250000000004852 0
0.3333333333329863 0.08333333333372633 0
0.2916666666663976 0.04166666666702779 0
0.2083333333330337 0.04166666666699455 0
0.1666666666662586 0.08333333333365986 0
0.2499999999993955 0.166666666667244 0
0.291666666666191 0.1250000000004852 0
0.2499999999996123 0.08333333333373985 0
0.2083333333328271 0.1250000000004519 0
0.2083333333333142 -0.04166666666627503 0
0.1666666666668197 -0.08333333333287929 0
0.08333333333355009 -0.08333333333298903 0
0.04166666666677504 -0.0416666666664945 0
0.1249999999997641 0.04166666666694175 0
0.1666666666665392 3.33361810378463e-13 0
0.1250000000000446 -0.04166666666632785 0
0.08333333333326956 2.236232032881702e-13 0
0.08333333333365983 -0.1666666666662586 0
0.04166666666699455 -0.2083333333330336 0
-0.04166666666627502 -0.2083333333333142 0
-0.08333333333287929 -0.1666666666668197 0
2.235989171595065e-13 -0.08333333333326956 0
0.04166666666694172 -0.1249999999997641 0
3.333444631437033e-13 -0.1666666666665391 0
-0.04166666666632784 -0.1250000000000446 0
-0.0416666666663693 -0.291666666666617 0
-0.08333333333306785 -0.3333333333334253 0
-0.1249999999994753 -0.2083333333336574 0
-0.08333333333292373 -0.2500000000001358 0
-0.1249999999995724 -0.2916666666669573 0
-0.1666666666660712 -0.2500000000004951 0
0.3333333333334253 -0.08333333333306785 0
0.2916666666666171 -0.04166666666636931 0
0.3749999999997902 0.04166666666695023 0
0.4166666666665941 1.741141952837921e-13 0
0.3749999999999964 -0.04166666666646013 0
0.333333333333197 2.838285162454213e-13 0
0.2083333333340028 -0.2083333333326001 0
0.166666666667164 -0.1666666666660419 0
0.2500000000001358 -0.08333333333292374 0
0.2916666666669573 -0.1249999999995724 0
0.2500000000004951 -0.1666666666660712 0
0.2083333333336574 -0.1249999999994753 0
0.08333333333372633 -0.3333333333329863 0
0.04166666666702779 -0.2916666666663975 0
0.1250000000004519 -0.2083333333328271 0
0.166666666667244 -0.2499999999993955 0
0.1250000000004851 -0.2916666666661909 0
0.08333333333373985 -0.2499999999996123 0
2.838250467984693e-13 -0.333333333333197 0
0.04166666666695022 -0.3749999999997902 0
1.741107258368402e-13 -0.4166666666665941 0
-0.04166666666646013 -0.3749999999999964 0
2 2 0 121
106
107
108
109
110
111
112
113
114
607
608
609
610
611
612
613
614
615
616
617
618
619
620
621
622
623
624
625
626
627
628
629
630
631
632
633
634
635
636
637
638
639
640
641
642
643
644
645
646
647
648
649
650
651
652
653
654
655
656
657
658
659
660
661
662
663
664
665
666
667
668
669
670
671
672
673
674
675
676
677
678
679
680
681
682
683
684
685
686
687
688
689
690
691
692
693
694
695
696
697
698
699
700
701
702
703
704
705
706
707
708
709
710
711
712
713
714
715
716
717
718
0 0.25 -2
-0.125 0.125 -2
-0.25 0 -2
0.125 0.125 -2
0 0 -2
-0.125 -0.125 -2
0.25 0 -2
0.125 -0.125 -2
0 -0.25 -2
0.08333333333333334 0.3333333333333333 -2
0.04166666666666667 0.2916666666666667 -2
-0.04166666666666666 0.2916666666666667 -2
-0.08333333333333333 0.3333333333333333 -2
7.476658181460039e-15 0.4166666666666591 -2
0.04166666666666683 0.3749999999999998 -2
9.71445146547012e-17 0.3333333333333333 -2
-0.04166666666666291 0.3749999999999963 -2
-0.04166666666666666 0.2083333333333333 -2
-0.08333333333333333 0.1666666666666667 -2
-0.1666666666666667 0.1666666666666667 -2
-0.2083333333333333 0.2083333333333333 -2
-0.125 0.2916666666666667 -2
-0.08333333333333331 0.25 -2
-0.125 0.2083333333333334 -2
-0.1666666666666666 0.25 -2
-0.1666666666666667 0.08333333333333334 -2
-0.2083333333333333 0.04166666666666667 -2
-0.2916666666666667 0.04166666666666666 -2
-0.3333333333333333 0.08333333333333333 -2
-0.2499999999999618 0.1666666666667049 -2
-0.2083333333333142 0.1250000000000191 -2
-0.2499999999999726 0.0833333333333607 -2
-0.2916666666666119 0.1250000000000547 -2
-0.2916666666666667 -0.04166666666666666 -2
-0.3333333333333333 -0.08333333333333333 -2
-0.3749999999999998 0.04166666666666683 -2
-0.3333333333333333 9.367506770274758e-17 -2
-0.3749999999999962 -0.04166666666666291 -2
-0.4166666666666591 7.469719287556131e-15 -2
0.2083333333333333 0.2083333333333333 -2
0.1666666666666667 0.1666666666666667 -2
0.08333333333333334 0.1666666666666667 -2
0.04166666666666667 0.2083333333333333 -2
0.1250000000000547 0.291666666666612 -2
0.1666666666667049 0.2499999999999618 -2
0.1250000000000192 0.2083333333333142 -2
0.08333333333336071 0.2499999999999726 -2
0.08333333333333334 0.08333333333333334 -2
0.04166666666666667 0.04166666666666667 -2
-0.04166666666666666 0.04166666666666666 -2
-0.08333333333333333 0.08333333333333333 -2
1.040834085586084e-17 0.1666666666666667 -2
0.04166666666666667 0.125 -2
1.040834085586084e-17 0.08333333333333334 -2
-0.04166666666666665 0.125 -2
-0.04166666666666666 -0.04166666666666666 -2
-0.08333333333333333 -0.08333333333333333 -2
-0.1666666666666667 -0.08333333333333334 -2
-0.2083333333333333 -0.04166666666666667 -2
-0.125 0.04166666666666667 -2
-0.08333333333333331 0 -2
-0.125 -0.04166666666666667 -2
-0.1666666666666666 0 -2
-0.1666666666666667 -0.1666666666666667 -2
-0.2083333333333333 -0.2083333333333333 -2
-0.2500000000000001 -0.08333333333333333 -2
-0.2083333333333333 -0.125 -2
-0.25 -0.1666666666666666 -2
-0.2916666666666667 -0.125 -2
0.3333333333333333 0.08333333333333334 -2
0.2916666666666667 0.04166666666666667 -2
0.2083333333333333 0.04166666666666666 -2
0.1666666666666667 0.08333333333333333 -2
0.25 0.1666666666666667 -2
0.2916666666666667 0.125 -2
0.2500000000000001 0.08333333333333333 -2
0.2083333333333334 0.125 -2
0.2083333333333333 -0.04166666666666666 -2
0.1666666666666667 -0.08333333333333333 -2
0.08333333333333334 -0.08333333333333334 -2
0.04166666666666667 -0.04166666666666667 -2
0.125 0.04166666666666667 -2
0.1666666666666667 0 -2
0.125 -0.04166666666666667 -2
0.08333333333333334 0 -2
0.08333333333333334 -0.1666666666666667 -2
0.04166666666666667 -0.2083333333333333 -2
-0.04166666666666666 -0.2083333333333333 -2
-0.08333333333333333 -0.1666666666666667 -2
1.040834085586084e-17 -0.08333333333333334 -2
0.04166666666666667 -0.125 -2
1.040834085586084e-17 -0.1666666666666667 -2
-0.04166666666666665 -0.125 -2
-0.04166666666666666 -0.2916666666666667 -2
-0.08333333333333333 -0.3333333333333333 -2
-0.1250000000000191 -0.2083333333333142 -2
-0.08333333333336068 -0.2499999999999727 -2
-0.1250000000000547 -0.2916666666666119 -2
-0.1666666666667049 -0.2499999999999618 -2
0.3333333333333333 -0.08333333333333334 -2
0.2916666666666667 -0.04166666666666667 -2
0.3749999999999962 0.04166666666666292 -2
0.4166666666666591 -7.469719287556131e-15 -2
0.3749999999999998 -0.04166666666666684 -2
0.3333333333333333 -9.020562075079397e-17 -2
0.2083333333333333 -0.2083333333333333 -2
0.1666666666666667 -0.1666666666666667 -2
0.2499999999999726 -0.08333333333336071 -2
0.291666666666612 -0.1250000000000547 -2
0.2499999999999618 -0.1666666666667049 -2
0.2083333333333143 -0.1250000000000191 -2
0.08333333333333334 -0.3333333333333333 -2
0.04166666666666667 -0.2916666666666667 -2
0.125 -0.2083333333333334 -2
0.1666666666666667 -0.2500000000000001 -2
0.125 -0.2916666666666667 -2
0.08333333333333331 -0.2500000000000001 -2
-9.020562075079397e-17 -0.3333333333333333 -2
0.04166666666666292 -0.3749999999999962 -2
-7.466249840604178e-15 -0.416666666666659 -2
-0.04166666666666682 -0.3749999999999998 -2
2 3 0 55
115
116
117
719
720
721
722
723
724
725
726
727
728
729
730
731
732
733
734
735
736
737
738
739
740
741
742
743
744
745
746
747
748
749
750
751
752
753
754
755
756
757
758
759
760
761
762
763
764
765
766
767
768
769
770
0.1249999999998832 0.3750000000001168 -0.9999999999973842
0.2499999999995792 0.2500000000004208 -0.9999999999973844
0.3749999999997875 0.1250000000002125 -0.9999999999973844
0.04166666666662773 0.4583333333333722 -0.9999999999973842
0.08333333333325546 0.4166666666667446 -0.9999999999973843
0.1249999999998443 0.3750000000001557 -0.6666666666649228
0.1249999999998053 0.3750000000001947 -0.3333333333324614
0.04166666666661056 0.4583333333333894 -0.3333333333325971
0.04166666666661917 0.4583333333333809 -0.6666666666649906
0.08333333333323834 0.4166666666667617 -0.6666666666649568
0.08333333333322124 0.4166666666667788 -0.3333333333325291
0.1666666666664485 0.3333333333335515 -0.9999999999973843
0.2083333333330138 0.2916666666669862 -0.9999999999973842
0.2499999999994389 0.2500000000005611 -0.6666666666649228
0.2499999999992987 0.2500000000007013 -0.3333333333324614
0.166666666666297 0.333333333333703 -0.3333333333324613
0.1666666666663728 0.3333333333336272 -0.6666666666649228
0.2083333333328983 0.2916666666671017 -0.6666666666649228
0.2083333333327827 0.2916666666672173 -0.3333333333324614
0.2916666666663153 0.2083333333336847 -0.9999999999973843
0.3333333333330514 0.1666666666669486 -0.9999999999973843
0.3749999999997167 0.1250000000002833 -0.666666666664923
0.3749999999996459 0.1250000000003541 -0.3333333333324615
0.291666666666081 0.2083333333339189 -0.3333333333324614
0.2916666666661982 0.2083333333338018 -0.6666666666649228
0.3333333333329574 0.1666666666670426 -0.6666666666649228
0.3333333333328635 0.1666666666671365 -0.3333333333324613
0.4166666666665251 0.08333333333347498 -0.9999999999973843
0.4583333333332625 0.04166666666673752 -0.9999999999973843
0.4166666666664306 0.08333333333356939 -0.3333333333325293
0.4166666666664778 0.08333333333352222 -0.6666666666649568
0.4583333333332389 0.04166666666676111 -0.6666666666649905
0.4583333333332152 0.04166666666678476 -0.3333333333325972
0.1249999999999611 0.3750000000000389 -1.666666666665795
0.1249999999999221 0.3750000000000779 -1.33333333333159
0.04166666666664443 0.4583333333333556 -1.33333333333159
0.04166666666666118 0.4583333333333388 -1.666666666665795
0.08333333333330756 0.4166666666666924 -1.666666666665795
0.0833333333332815 0.4166666666667185 -1.33333333333159
0.2499999999998597 0.2500000000001403 -1.666666666665795
0.2499999999997194 0.2500000000002806 -1.33333333333159
0.1666666666665486 0.3333333333334514 -1.33333333333159
0.1666666666666487 0.3333333333333513 -1.666666666665795
0.2083333333332651 0.2916666666667349 -1.666666666665795
0.2083333333331394 0.2916666666668606 -1.33333333333159
0.3749999999999292 0.1250000000000708 -1.666666666665795
0.3749999999998583 0.1250000000001417 -1.33333333333159
0.2916666666664324 0.2083333333335676 -1.33333333333159
0.2916666666665496 0.2083333333334504 -1.666666666665795
0.3333333333332393 0.1666666666667607 -1.666666666665795
0.3333333333331454 0.1666666666668546 -1.33333333333159
0.4166666666665723 0.08333333333342774 -1.33333333333159
0.4166666666666194 0.08333333333338055 -1.666666666665795
0.4583333333333097 0.04166666666669028 -1.666666666665795
0.4583333333332861 0.04166666666671393 -1.333333333331589
2 4 0 55
118
119
120
771
772
773
774
775
776
777
778
779
780
781
782
783
784
785
786
787
788
789
790
791
792
793
794
795
796
797
798
799
800
801
802
803
804
805
806
807
808
809
810
811
812
813
814
815
816
817
818
819
820
821
822
0.3750000000001168 -0.1249999999998832 -0.9999999999973842
0.2500000000004208 -0.2499999999995792 -0.9999999999973844
0.1250000000002125 -0.3749999999997875 -0.9999999999973844
0.4583333333333722 -0.04166666666662773 -0.9999999999973842
0.4166666666667446 -0.08333333333325546 -0.9999999999973843
0.3750000000001557 -0.1249999999998443 -0.6666666666649228
0.3750000000001947 -0.1249999999998053 -0.3333333333324614
0.4583333333333894 -0.04166666666661056 -0.3333333333325971
0.4583333333333809 -0.04166666666661917 -0.6666666666649906
0.4166666666667617 -0.08333333333323834 -0.6666666666649568
0.4166666666667788 -0.08333333333322124 -0.3333333333325291
0.3333333333335515 -0.1666666666664485 -0.9999999999973843
0.2916666666669862 -0.2083333333330138 -0.9999999999973842
0.2500000000005611 -0.2499999999994389 -0.6666666666649228
0.2500000000007013 -0.2499999999992987 -0.3333333333324614
0.333333333333703 -0.166666666666297 -0.3333333333324613
0.3333333333336272 -0.1666666666663728 -0.6666666666649228
0.2916666666671017 -0.2083333333328983 -0.6666666666649228
0.2916666666672173 -0.2083333333327827 -0.3333333333324614
0.2083333333336847 -0.2916666666663153 -0.9999999999973843
0.1666666666669486 -0.3333333333330514 -0.9999999999973843
0.1250000000002833 -0.3749999999997167 -0.666666666664923
0.1250000000003541 -0.3749999999996459 -0.3333333333324615
0.2083333333339189 -0.291666666666081 -0.3333333333324614
0.2083333333338018 -0.2916666666661982 -0.6666666666649228
0.1666666666670426 -0.3333333333329574 -0.6666666666649228
0.1666666666671365 -0.3333333333328635 -0.3333333333324613
0.08333333333347498 -0.4166666666665251 -0.9999999999973843
0.04166666666673752 -0.4583333333332625 -0.9999999999973843
0.08333333333356939 -0.4166666666664306 -0.3333333333325293
0.08333333333352222 -0.4166666666664778 -0.6666666666649568
0.04166666666676111 -0.4583333333332389 -0.6666666666649905
0.04166666666678476 -0.4583333333332152 -0.3333333333325972
0.3750000000000389 -0.1249999999999611 -1.666666666665795
0.3750000000000779 -0.1249999999999221 -1.33333333333159
0.4583333333333556 -0.04166666666664443 -1.33333333333159
0.4583333333333388 -0.04166666666666118 -1.666666666665795
0.4166666666666924 -0.08333333333330756 -1.666666666665795
0.4166666666667185 -0.0833333333332815 -1.33333333333159
0.2500000000001403 -0.2499999999998597 -1.666666666665795
0.2500000000002806 -0.2499999999997194 -1.33333333333159
0.3333333333334514 -0.1666666666665486 -1.33333333333159
0.3333333333333513 -0.1666666666666487 -1.666666666665795
0.2916666666667349 -0.2083333333332651 -1.666666666665795
0.2916666666668606 -0.2083333333331394 -1.33333333333159
0.1250000000000708 -0.3749999999999292 -1.666666666665795
0.1250000000001417 -0.3749999999998583 -1.33333333333159
0.2083333333335676 -0.2916666666664324 -1.33333333333159
0.2083333333334504 -0.2916666666665496 -1.666666666665795
0.1666666666667607 -0.3333333333332393 -1.666666666665795
0.1666666666668546 -0.3333333333331454 -1.33333333333159
0.08333333333342774 -0.4166666666665723 -1.33333333333159
0.08333333333338055 -0.4166666666666194 -1.666666666665795
0.04166666666669028 -0.4583333333333097 -1.666666666665795
0.04166666666671393 -0.4583333333332861 -1.333333333331589
2 5 0 55
121
122
123
823
824
825
826
827
828
829
830
831
832
833
834
835
836
837
838
839
840
841
842
843
844
845
846
847
848
849
850
851
852
853
854
855
856
857
858
859
860
861
862
863
864
865
866
867
868
869
870
871
872
873
874
-0.1249999999998832 -0.3750000000001168 -0.9999999999973842
-0.2499999999995792 -0.2500000000004208 -0.9999999999973844
-0.3749999999997875 -0.1250000000002125 -0.9999999999973844
-0.04166666666662773 -0.4583333333333722 -0.9999999999973842
-0.08333333333325546 -0.4166666666667446 -0.9999999999973843
-0.1249999999998443 -0.3750000000001557 -0.6666666666649228
-0.1249999999998053 -0.3750000000001947 -0.3333333333324614
-0.04166666666661056 -0.4583333333333894 -0.3333333333325971
-0.04166666666661917 -0.4583333333333809 -0.6666666666649906
-0.08333333333323834 -0.4166666666667617 -0.6666666666649568
-0.08333333333322124 -0.4166666666667788 -0.3333333333325291
-0.1666666666664485 -0.3333333333335515 -0.9999999999973843
-0.2083333333330138 -0.2916666666669862 -0.9999999999973842
-0.2499999999994389 -0.2500000000005611 -0.6666666666649228
-0.2499999999992987 -0.2500000000007013 -0.3333333333324614
-0.166666666666297 -0.333333333333703 -0.3333333333324613
-0.1666666666663728 -0.3333333333336272 -0.6666666666649228
-0.2083333333328983 -0.2916666666671017 -0.6666666666649228
-0.2083333333327827 -0.2916666666672173 -0.3333333333324614
-0.2916666666663153 -0.2083333333336847 -0.9999999999973843
-0.3333333333330514 -0.1666666666669486 -0.9999999999973843
-0.3749999999997167 -0.1250000000002833 -0.666666666664923
-0.3749999999996459 -0.1250000000003541 -0.3333333333324615
-0.291666666666081 -0.2083333333339189 -0.3333333333324614
-0.2916666666661982 -0.2083333333338018 -0.6666666666649228
-0.3333333333329574 -0.1666666666670426 -0.6666666666649228
-0.3333333333328635 -0.1666666666671365 -0.3333333333324613
-0.4166666666665251 -0.08333333333347498 -0.9999999999973843
-0.4583333333332625 -0.04166666666673752 -0.9999999999973843
-0.4166666666664306 -0.08333333333356939 -0.3333333333325293
-0.4166666666664778 -0.08333333333352222 -0.6666666666649568
-0.4583333333332389 -0.04166666666676111 -0.6666666666649905
-0.4583333333332152 -0.04166666666678476 -0.3333333333325972
-0.1249999999999611 -0.3750000000000389 -1.666666666665795
-0.1249999999999221 -0.3750000000000779 -1.33333333333159
-0.04166666666664443 -0.4583333333333556 -1.33333333333159
-0.04166666666666118 -0.4583333333333388 -1.666666666665795
-0.08333333333330756 -0.4166666666666924 -1.666666666665795
-0.0833333333332815 -0.4166666666667185 -1.33333333333159
-0.2499999999998597 -0.2500000000001403 -1.666666666665795
-0.2499999999997194 -0.2500000000002806 -1.33333333333159
-0.1666666666665486 -0.3333333333334514 -1.33333333333159
-0.1666666666666487 -0.3333333333333513 -1.666666666665795
-0.2083333333332651 -0.2916666666667349 -1.666666666665795
-0.2083333333331394 -0.2916666666668606 -1.33333333333159
-0.3749999999999292 -0.1250000000000708 -1.666666666665795
-0.3749999999998583 -0.1250000000001417 -1.33333333333159
-0.2916666666664324 -0.2083333333335676 -1.33333333333159
-0.2916666666665496 -0.2083333333334504 -1.666666666665795
-0.3333333333332393 -0.1666666666667607 -1.666666666665795
-0.3333333333331454 -0.1666666666668546 -1.33333333333159
-0.4166666666665723 -0.08333333333342774 -1.33333333333159
-0.4166666666666194 -0.08333333333338055 -1.666666666665795
-0.4583333333333097 -0.04166666666669028 -1.666666666665795
-0.4583333333332861 -0.04166666666671393 -1.333333333331589
2 6 0 55
124
125
126
875
876
877
878
879
880
881
882
883
884
885
886
887
888
889
890
891
892
893
894
895
896
897
898
899
900
901
902
903
904
905
906
907
908
909
910
911
912
913
914
915
916
917
918
919
920
921
922
923
924
925
926
-0.3750000000001168 0.1249999999998832 -0.9999999999973842
-0.2500000000004208 0.2499999999995792 -0.9999999999973844
-0.1250000000002125 0.3749999999997875 -0.9999999999973844
-0.4583333333333722 0.04166666666662773 -0.9999999999973842
-0.4166666666667446 0.08333333333325546 -0.9999999999973843
-0.3750000000001557 0.1249999999998443 -0.6666666666649228
-0.3750000000001947 0.1249999999998053 -0.3333333333324614
-0.4583333333333894 0.04166666666661056 -0.3333333333325971
-0.4583333333333809 0.04166666666661917 -0.6666666666649906
-0.4166666666667617 0.08333333333323834 -0.6666666666649568
-0.4166666666667788 0.08333333333322124 -0.3333333333325291
-0.3333333333335515 0.1666666666664485 -0.9999999999973843
-0.2916666666669862 0.2083333333330138 -0.9999999999973842
-0.2500000000005611 0.2499999999994389 -0.6666666666649228
-0.2500000000007013 0.2499999999992987 -0.3333333333324614
-0.333333333333703 0.166666666666297 -0.3333333333324613
-0.3333333333336272 0.1666666666663728 -0.6666666666649228
-0.2916666666671017 0.2083333333328983 -0.6666666666649228
-0.2916666666672173 0.2083333333327827 -0.3333333333324614
-0.2083333333336847 0.2916666666663153 -0.9999999999973843
-0.1666666666669486 0.3333333333330514 -0.9999999999973843
-0.1250000000002833 0.3749999999997167 -0.666666666664923
-0.1250000000003541 0.3749999999996459 -0.3333333333324615
-0.2083333333339189 0.291666666666081 -0.3333333333324614
-0.2083333333338018 0.2916666666661982 -0.6666666666649228
-0.1666666666670426 0.3333333333329574 -0.6666666666649228
-0.1666666666671365 0.3333333333328635 -0.3333333333324613
-0.08333333333347498 0.4166666666665251 -0.9999999999973843
-0.04166666666673752 0.4583333333332625 -0.9999999999973843
-0.08333333333356939 0.4166666666664306 -0.3333333333325293
-0.08333333333352222 0.4166666666664778 -0.6666666666649568
-0.04166666666676111 0.4583333333332389 -0.6666666666649905
-0.04166666666678476 0.4583333333332152 -0.3333333333325972
-0.3750000000000389 0.1249999999999611 -1.666666666665795
-0.3750000000000779 0.1249999999999221 -1.33333333333159
-0.4583333333333556 0.04166666666664443 -1.33333333333159
-0.4583333333333388 0.04166666666666118 -1.666666666665795
-0.4166666666666924 0.08333333333330756 -1.666666666665795
-0.4166666666667185 0.0833333333332815 -1.33333333333159
-0.2500000000001403 0.2499999999998597 -1.666666666665795
-0.2500000000002806 0.2499999999997194 -1.33333333333159
-0.3333333333334514 0.1666666666665486 -1.33333333333159
-0.3333333333333513 0.1666666666666487 -1.666666666665795
-0.2916666666667349 0.2083333333332651 -1.666666666665795
-0.2916666666668606 0.2083333333331394 -1.33333333333159
-0.1250000000000708 0.3749999999999292 -1.666666666665795
-0.1250000000001417 0.3749999999998583 -1.33333333333159
-0.2083333333335676 0.2916666666664324 -1.33333333333159
-0.2083333333334504 0.2916666666665496 -1.666666666665795
-0.1666666666667607 0.3333333333332393 -1.666666666665795
-0.1666666666668546 0.3333333333331454 -1.33333333333159
-0.08333333333342774 0.4166666666665723 -1.33333333333159
-0.08333333333338055 0.4166666666666194 -1.666666666665795
-0.04166666666669028 0.4583333333333097 -1.666666666665795
-0.04166666666671393 0.4583333333332861 -1.333333333331589
2 7 0 55
127
128
129
927
928
929
930
931
932
933
934
935
936
937
938
939
940
941
942
943
944
945
946
947
948
949
950
951
952
953
954
955
956
957
958
959
960
961
962
963
964
965
966
967
968
969
970
971
972
973
974
975
976
977
978
0 0.875 -0.9999999999973842
0 0.75 -0.9999999999973842
0 0.625 -0.999999999997384
0 0.9583333333333334 -0.9999999999973842
0 0.9166666666666666 -0.9999999999973842
0 0.875 -0.6666666666649228
0 0.875 -0.3333333333324614
0 0.9583333333333572 -0.3333333333325971
0 0.9583333333333452 -0.6666666666649906
0 0.9166666666666754 -0.6666666666649568
0 0.9166666666666841 -0.3333333333325292
0 0.8333333333333334 -0.9999999999973842
0 0.7916666666666666 -0.9999999999973842
0 0.75 -0.6666666666649228
0 0.75 -0.3333333333324614
0 0.8333333333333247 -0.3333333333324614
0 0.833333333333329 -0.6666666666649228
0 0.7916666666666581 -0.6666666666649228
0 0.7916666666666495 -0.3333333333324614
0 0.7083333333333334 -0.9999999999973841
0 0.6666666666666666 -0.9999999999973841
0 0.625 -0.6666666666649227
0 0.625 -0.3333333333324614
0 0.7083333333334054 -0.3333333333324613
0 0.7083333333333695 -0.6666666666649227
0 0.6666666666667074 -0.6666666666649228
0 0.6666666666667482 -0.3333333333324614
0 0.5833333333333334 -0.9999999999973841
0 0.5416666666666666 -0.9999999999973841
0 0.5833333333332995 -0.3333333333325292
0 0.5833333333333164 -0.6666666666649567
0 0.5416666666667043 -0.6666666666649904
0 0.541666666666742 -0.333333333332597
0 0.875 -1.666666666665795
0 0.875 -1.33333333333159
0 0.9583333333333452 -1.33333333333159
0 0.9583333333333572 -1.666666666665795
0 0.9166666666666842 -1.666666666665795
0 0.9166666666666754 -1.33333333333159
0 0.75 -1.666666666665795
0 0.75 -1.33333333333159
0 0.833333333333329 -1.33333333333159
0 0.8333333333333248 -1.666666666665795
0 0.7916666666666494 -1.666666666665795
0 0.7916666666666581 -1.33333333333159
0 0.625 -1.666666666665795
0 0.625 -1.333333333331589
0 0.7083333333333695 -1.33333333333159
0 0.7083333333334054 -1.666666666665795
0 0.6666666666667481 -1.666666666665795
0 0.6666666666667074 -1.333333333331589
0 0.5833333333333164 -1.333333333331589
0 0.5833333333332995 -1.666666666665795
0 0.5416666666667419 -1.666666666665795
0 0.5416666666667043 -1.333333333331589
2 8 0 55
130
131
132
979
980
981
982
983
984
985
986
987
988
989
990
991
992
993
994
995
996
997
998
999
1000
1001
1002
1003
1004
1005
1006
1007
1008
1009
1010
1011
1012
1013
1014
1015
1016
1017
1018
1019
1020
1021
1022
1023
1024
1025
1026
1027
1028
1029
1030
0.625 0 -0.9999999999973842
0.75 0 -0.9999999999973842
0.875 0 -0.999999999997384
0.5416666666666666 0 -0.9999999999973842
0.5833333333333334 0 -0.9999999999973842
0.625 0 -0.6666666666649228
0.625 0 -0.3333333333324614
0.541666666666742 0 -0.3333333333325971
0.5416666666667043 0 -0.6666666666649906
0.5833333333333164 0 -0.6666666666649568
0.5833333333332995 0 -0.3333333333325292
0.6666666666666666 0 -0.9999999999973842
0.7083333333333334 0 -0.9999999999973842
0.75 0 -0.6666666666649228
0.75 0 -0.3333333333324614
0.6666666666667483 0 -0.3333333333324614
0.6666666666667075 0 -0.6666666666649228
0.7083333333333692 0 -0.6666666666649228
0.7083333333334054 0 -0.3333333333324614
0.7916666666666666 0 -0.9999999999973841
0.8333333333333334 0 -0.9999999999973841
0.875 0 -0.6666666666649227
0.875 0 -0.3333333333324614
0.7916666666666495 0 -0.3333333333324613
0.7916666666666581 0 -0.6666666666649227
0.833333333333329 0 -0.6666666666649228
0.8333333333333248 0 -0.3333333333324614
0.9166666666666666 0 -0.9999999999973841
0.9583333333333334 0 -0.9999999999973841
0.9166666666666843 0 -0.3333333333325292
0.9166666666666753 0 -0.6666666666649567
0.9583333333333451 0 -0.6666666666649904
0.9583333333333574 0 -0.333333333332597
0.625 0 -1.666666666665795
0.625 0 -1.33333333333159
0.5416666666667043 0 -1.33333333333159
0.5416666666667419 0 -1.666666666665795
0.5833333333332995 0 -1.666666666665795
0.5833333333333164 0 -1.33333333333159
0.75 0 -1.666666666665795
0.75 0 -1.33333333333159
0.6666666666667075 0 -1.33333333333159
0.6666666666667482 0 -1.666666666665795
0.7083333333334053 0 -1.666666666665795
0.7083333333333695 0 -1.33333333333159
0.875 0 -1.666666666665795
0.875 0 -1.333333333331589
0.7916666666666581 0 -1.33333333333159
0.7916666666666494 0 -1.666666666665795
0.8333333333333248 0 -1.666666666665795
0.8333333333333292 0 -1.333333333331589
0.9166666666666755 0 -1.333333333331589
0.9166666666666841 0 -1.666666666665795
0.958333333333357 0 -1.666666666665795
0.9583333333333455 0 -1.333333333331589
2 9 0 55
133
134
135
1031
1032
1033
1034
1035
1036
1037
1038
1039
1040
1041
1042
1043
1044
1045
1046
1047
1048
1049
1050
1051
1052
1053
1054
1055
1056
1057
1058
1059
1060
1061
1062
1063
1064
1065
1066
1067
1068
1069
1070
1071
1072
1073
1074
1075
1076
1077
1078
1079
1080
1081
1082
0 -0.625 -0.9999999999973842
0 -0.75 -0.9999999999973842
0 -0.875 -0.999999999997384
0 -0.5416666666666666 -0.9999999999973842
0 -0.5833333333333334 -0.9999999999973842
0 -0.625 -0.6666666666649228
0 -0.625 -0.3333333333324614
0 -0.541666666666742 -0.3333333333325971
0 -0.5416666666667043 -0.6666666666649906
0 -0.5833333333333164 -0.6666666666649568
0 -0.5833333333332995 -0.3333333333325292
0 -0.6666666666666666 -0.9999999999973842
0 -0.7083333333333334 -0.9999999999973842
0 -0.75 -0.6666666666649228
0 -0.75 -0.3333333333324614
0 -0.6666666666667483 -0.3333333333324614
0 -0.6666666666667075 -0.6666666666649228
0 -0.7083333333333692 -0.6666666666649228
0 -0.7083333333334054 -0.3333333333324614
0 -0.7916666666666666 -0.9999999999973841
0 -0.8333333333333334 -0.9999999999973841
0 -0.875 -0.6666666666649227
0 -0.875 -0.3333333333324614
0 -0.7916666666666495 -0.3333333333324613
0 -0.7916666666666581 -0.6666666666649227
0 -0.833333333333329 -0.6666666666649228
0 -0.8333333333333248 -0.3333333333324614
0 -0.9166666666666666 -0.9999999999973841
0 -0.9583333333333334 -0.9999999999973841
0 -0.9166666666666843 -0.3333333333325292
0 -0.9166666666666753 -0.6666666666649567
0 -0.9583333333333451 -0.6666666666649904
0 -0.9583333333333574 -0.333333333332597
0 -0.625 -1.666666666665795
0 -0.625 -1.33333333333159
0 -0.5416666666667043 -1.33333333333159
0 -0.5416666666667419 -1.666666666665795
0 -0.5833333333332995 -1.666666666665795
0 -0.5833333333333164 -1.33333333333159
0 -0.75 -1.666666666665795
0 -0.75 -1.33333333333159
0 -0.6666666666667075 -1.33333333333159
0 -0.6666666666667482 -1.666666666665795
0 -0.7083333333334053 -1.666666666665795
0 -0.7083333333333695 -1.33333333333159
0 -0.875 -1.666666666665795
0 -0.875 -1.333333333331589
0 -0.7916666666666581 -1.33333333333159
0 -0.7916666666666494 -1.666666666665795
0 -0.8333333333333248 -1.666666666665795
0 -0.8333333333333292 -1.333333333331589
0 -0.9166666666666755 -1.333333333331589
0 -0.9166666666666841 -1.666666666665795
0 -0.958333333333357 -1.666666666665795
0 -0.9583333333333455 -1.333333333331589
2 10 0 55
136
137
138
1083
1084
1085
1086
1087
1088
1089
1090
1091
1092
1093
1094
1095
1096
1097
1098
1099
1100
1101
1102
1103
1104
1105
1106
1107
1108
1109
1110
1111
1112
1113
1114
1115
1116
1117
1118
1119
1120
1121
1122
1123
1124
1125
1126
1127
1128
1129
1130
1131
1132
1133
1134
-0.625 0 -0.9999999999973842
-0.75 0 -0.9999999999973842
-0.875 0 -0.999999999997384
-0.5416666666666666 0 -0.9999999999973842
-0.5833333333333334 0 -0.9999999999973842
-0.625 0 -0.6666666666649228
-0.625 0 -0.3333333333324614
-0.541666666666742 0 -0.3333333333325971
-0.5416666666667043 0 -0.6666666666649906
-0.5833333333333164 0 -0.6666666666649568
-0.5833333333332995 0 -0.3333333333325292
-0.6666666666666666 0 -0.9999999999973842
-0.7083333333333334 0 -0.9999999999973842
-0.75 0 -0.6666666666649228
-0.75 0 -0.3333333333324614
-0.6666666666667483 0 -0.3333333333324614
-0.6666666666667075 0 -0.6666666666649228
-0.7083333333333692 0 -0.6666666666649228
-0.7083333333334054 0 -0.3333333333324614
-0.7916666666666666 0 -0.9999999999973841
-0.8333333333333334 0 -0.9999999999973841
-0.875 0 -0.6666666666649227
-0.875 0 -0.3333333333324614
-0.7916666666666495 0 -0.3333333333324613
-0.7916666666666581 0 -0.6666666666649227
-0.833333333333329 0 -0.6666666666649228
-0.8333333333333248 0 -0.3333333333324614
-0.9166666666666666 0 -0.9999999999973841
-0.9583333333333334 0 -0.9999999999973841
-0.9166666666666843 0 -0.3333333333325292
-0.9166666666666753 0 -0.6666666666649567
-0.9583333333333451 0 -0.6666666666649904
-0.9583333333333574 0 -0.333333333332597
-0.625 0 -1.666666666665795
-0.625 0 -1.33333333333159
-0.5416666666667043 0 -1.33333333333159
-0.5416666666667419 0 -1.666666666665795
-0.5833333333332995 0 -1.666666666665795
-0.5833333333333164 0 -1.33333333333159
-0.75 0 -1.666666666665795
-0.75 0 -1.33333333333159
-0.6666666666667075 0 -1.33333333333159
-0.6666666666667482 0 -1.666666666665795
-0.7083333333334053 0 -1.666666666665795
-0.7083333333333695 0 -1.33333333333159
-0.875 0 -1.666666666665795
-0.875 0 -1.333333333331589
-0.7916666666666581 0 -1.33333333333159
-0.7916666666666494 0 -1.666666666665795
-0.8333333333333248 0 -1.666666666665795
-0.8333333333333292 0 -1.333333333331589
-0.9166666666666755 0 -1.333333333331589
-0.9166666666666841 0 -1.666666666665795
-0.958333333333357 0 -1.666666666665795
-0.9583333333333455 0 -1.333333333331589
2 11 0 121
139
140
141
142
143
144
145
146
147
1135
1136
1137
1138
1139
1140
1141
1142
1143
1144
1145
1146
1147
1148
1149
1150
1151
1152
1153
1154
1155
1156
1157
1158
1159
1160
1161
1162
1163
1164
1165
1166
1167
1168
1169
1170
1171
1172
1173
1174
1175
1176
1177
1178
1179
1180
1181
1182
1183
1184
1185
1186
1187
1188
1189
1190
1191
1192
1193
1194
1195
1196
1197
1198
1199
1200
1201
1202
1203
1204
1205
1206
1207
1208
1209
1210
1211
1212
1213
1214
1215
1216
1217
1218
1219
1220
1221
1222
1223
1224
1225
1226
1227
1228
1229
1230
1231
1232
1233
1234
1235
1236
1237
1238
1239
1240
1241
1242
1243
1244
1245
1246
0.3182625750396064 0.7866596490662989 0
0.2538417166929931 0.6494397660442772 0
0.1894208583463798 0.5122198830222553 0
0.592830087108197 0.5928300846716242 0
0.4785533914051842 0.4785533897813634 0
0.3642766957021712 0.3642766948911025 0
0.7866596497513794 0.3182625733854434 0
0.6494397665007779 0.2538417155904372 0
0.5122198832501766 0.189420857795431 0
0.3612098139373487 0.8781395710809802 0
0.3397361944884775 0.8323996100736396 0
0.2121750500264043 0.8161064327108659 0
0.1060875250132021 0.845553216355433 0
0.1223799700261989 0.9428143130069349 0
0.2432710472125757 0.9159860283040755 0
0.22772304861949 0.8660462305074735 0
0.1142337475197005 0.8941837646811894 0
0.2967889555907353 0.7409196880589584 0
0.2753153361418642 0.6951797270516178 0
0.1692278111286621 0.6829598440295181 0
0.08461390556433104 0.7164799220147591 0
0.09892965186357847 0.8025287849085331 0
0.1978593037271569 0.7717242364837457 0
0.1835435574279095 0.7273420402566254 0
0.09177177871395475 0.7595043534616333 0
0.232368097244122 0.6036998050369365 0
0.2108944777952509 0.557959844029596 0
0.1262805722309199 0.5498132553481702 0
0.06314028611545994 0.5874066276740851 0
0.07745603241470735 0.6734554905679399 0
0.1549120648294147 0.6385776478024383 0
0.1405963185301673 0.594195451575327 0
0.07029815926508365 0.630431059121058 0
0.1679472388975086 0.4664799220149147 0
0.1464736194486375 0.4207399610075742 0
0.05598241296584062 0.5443821962271557 0
0.1119648259316813 0.5054310591210285 0
0.09764907963244268 0.4610488628939583 0
0.04882453981622131 0.501357764780369 0
0.6690145509102056 0.6690145479317982 0
0.6309223190092013 0.6309223163017113 0
0.5013075830853334 0.6574399394698491 0
0.40978507906247 0.722049794268074 0
0.4699283605371387 0.8180335334551054 0
0.5729434813735018 0.7480488725789112 0
0.5371255322294176 0.7027444060243802 0
0.4398567197998043 0.7700416638615899 0
0.5547378552071927 0.5547378530415372 0
0.5166456233061885 0.5166456214114503 0
0.4036494998344539 0.5355155152023346 0
0.3287456082637235 0.5924776406233059 0
0.3827719221295545 0.6788590763864846 0
0.4687548886683735 0.616798464714011 0
0.4362021942514137 0.5761569899581728 0
0.355758765196639 0.6356683585048952 0
0.4404611595041799 0.4404611581512764 0
0.4023689276031756 0.4023689265211894 0
0.3059914165835741 0.4135910909348201 0
0.2477061374649769 0.4629054869785377 0
0.3017324513308079 0.5492869227417165 0
0.3710968054174939 0.4948740404464965 0
0.3385441110005339 0.4542325656906583 0
0.2747192943978924 0.5060962048601271 0
0.3261844638011669 0.3261844632610155 0
0.2880922319001627 0.2880922316309286 0
0.2206929805320584 0.4197147690969515 0
0.2734387221666051 0.372949616178991 0
0.2408860277496361 0.3323081414231619 0
0.1936798235991397 0.3765240512153651 0
0.8781395719184469 0.3612098119154475 0
0.8323996108349132 0.3397361926504454 0
0.7220497955369852 0.4097850771475037 0
0.6574399413225911 0.501307580909564 0
0.7480488747335408 0.5729434786451242 0
0.8180335349018365 0.469928358125611 0
0.7700416652194109 0.4398567176365573 0
0.7027444080280658 0.5371255297773441 0
0.7409196886678455 0.2967889541204413 0
0.6951797275843118 0.2753153348554393 0
0.5924776414689134 0.3287456069874126 0
0.5355155164370488 0.403649498384388 0
0.6167984663607435 0.4687548867345053 0
0.6788590775142945 0.3827719204274733 0
0.6356683594916039 0.355758763707443 0
0.5761569913988962 0.4362021925594466 0
0.6036998054172442 0.2323680963254351 0
0.5579598443337104 0.2108944770604331 0
0.4629054874008415 0.2477061368273215 0
0.4135910915515064 0.305991415859212 0
0.4948740414752013 0.3710968042093293 0
0.5492869234462228 0.3017324502673823 0
0.5060962054235323 0.2747192935473519 0
0.4542325665133539 0.3385441100342707 0
0.4664799221666428 0.1679472385304289 0
0.420739961083109 0.1464736192654269 0
0.3729496165896589 0.2734387216841533 0
0.4197147693781509 0.2206929801072912 0
0.3765240513554602 0.1936798233872608 0
0.3323081416278114 0.2408860275090947 0
0.8455532165837931 0.1060875244618145 0
0.8161064331675862 0.2121750489236289 0
0.915986028788551 0.2432710456050645 0
0.9428143131656228 0.1223799692152375 0
0.8941837648747135 0.114233746838526 0
0.8660462309780712 0.2277230472643467 0
0.716479922166926 0.0846139051968124 0
0.6829598443338519 0.1692278103936248 0
0.7717242368896704 0.1978593027469609 0
0.8025287851114955 0.09892965137348045 0
0.759504353639198 0.09177177828514643 0
0.7273420406117548 0.1835435565702929 0
0.5874066277500589 0.06314028593181033 0
0.5498132555001177 0.1262805718636207 0
0.6385776480559766 0.1549120642169567 0
0.673455490694709 0.07745603210847837 0
0.6304310592224296 0.07029815902014436 0
0.5941954517780699 0.1405963180402887 0
0.5054310592221894 0.1119648256869526 0
0.544382196277736 0.05598241284347631 0
0.501357764805556 0.04882453975514231 0
0.4610488629443326 0.09764907951028462 0
2 12 0 121
148
149
150
151
152
153
154
155
156
1247
1248
1249
1250
1251
1252
1253
1254
1255
1256
1257
1258
1259
1260
1261
1262
1263
1264
1265
1266
1267
1268
1269
1270
1271
1272
1273
1274
1275
1276
1277
1278
1279
1280
1281
1282
1283
1284
1285
1286
1287
1288
1289
1290
1291
1292
1293
1294
1295
1296
1297
1298
1299
1300
1301
1302
1303
1304
1305
1306
1307
1308
1309
1310
1311
1312
1313
1314
1315
1316
1317
1318
1319
1320
1321
1322
1323
1324
1325
1326
1327
1328
1329
1330
1331
1332
1333
1334
1335
1336
1337
1338
1339
1340
1341
1342
1343
1344
1345
1346
1347
1348
1349
1350
1351
1352
1353
1354
1355
1356
1357
1358
0.7866596490662989 -0.3182625750396064 0
0.6494397660442772 -0.2538417166929931 0
0.5122198830222553 -0.1894208583463798 0
0.5928300846716242 -0.592830087108197 0
0.4785533897813634 -0.4785533914051842 0
0.3642766948911025 -0.3642766957021712 0
0.3182625733854434 -0.7866596497513794 0
0.2538417155904372 -0.6494397665007779 0
0.189420857795431 -0.5122198832501766 0
0.8781395710809802 -0.3612098139373487 0
0.8323996100736396 -0.3397361944884775 0
0.8161064327108659 -0.2121750500264043 0
0.845553216355433 -0.1060875250132021 0
0.9428143130069349 -0.1223799700261989 0
0.9159860283040755 -0.2432710472125757 0
0.8660462305074735 -0.22772304861949 0
0.8941837646811894 -0.1142337475197005 0
0.7409196880589584 -0.2967889555907353 0
0.6951797270516178 -0.2753153361418642 0
0.6829598440295181 -0.1692278111286621 0
0.7164799220147591 -0.08461390556433104 0
0.8025287849085331 -0.09892965186357847 0
0.7717242364837457 -0.1978593037271569 0
0.7273420402566254 -0.1835435574279095 0
0.7595043534616333 -0.09177177871395475 0
0.6036998050369365 -0.232368097244122 0
0.557959844029596 -0.2108944777952509 0
0.5498132553481702 -0.1262805722309199 0
0.5874066276740851 -0.06314028611545994 0
0.6734554905679399 -0.07745603241470735 0
0.6385776478024383 -0.1549120648294147 0
0.594195451575327 -0.1405963185301673 0
0.630431059121058 -0.07029815926508365 0
0.4664799220149147 -0.1679472388975086 0
0.4207399610075742 -0.1464736194486375 0
0.5443821962271557 -0.05598241296584062 0
0.5054310591210285 -0.1119648259316813 0
0.4610488628939583 -0.09764907963244268 0
0.501357764780369 -0.04882453981622131 0
0.6690145479317982 -0.6690145509102056 0
0.6309223163017113 -0.6309223190092013 0
0.6574399394698491 -0.5013075830853334 0
0.722049794268074 -0.40978507906247 0
0.8180335334551054 -0.4699283605371387 0
0.7480488725789112 -0.5729434813735018 0
0.7027444060243802 -0.5371255322294176 0
0.7700416638615899 -0.4398567197998043 0
0.5547378530415372 -0.5547378552071927 0
0.5166456214114503 -0.5166456233061885 0
0.5355155152023346 -0.4036494998344539 0
0.5924776406233059 -0.3287456082637235 0
0.6788590763864846 -0.3827719221295545 0
0.616798464714011 -0.4687548886683735 0
0.5761569899581728 -0.4362021942514137 0
0.6356683585048952 -0.355758765196639 0
0.4404611581512764 -0.4404611595041799 0
0.4023689265211894 -0.4023689276031756 0
0.4135910909348201 -0.3059914165835741 0
0.4629054869785377 -0.2477061374649769 0
0.5492869227417165 -0.3017324513308079 0
0.4948740404464965 -0.3710968054174939 0
0.4542325656906583 -0.3385441110005339 0
0.5060962048601271 -0.2747192943978924 0
0.3261844632610155 -0.3261844638011669 0
0.2880922316309286 -0.2880922319001627 0
0.4197147690969515 -0.2206929805320584 0
0.372949616178991 -0.2734387221666051 0
0.3323081414231619 -0.2408860277496361 0
0.3765240512153651 -0.1936798235991397 0
0.3612098119154475 -0.8781395719184469 0
0.3397361926504454 -0.8323996108349132 0
0.4097850771475037 -0.7220497955369852 0
0.501307580909564 -0.6574399413225911 0
0.5729434786451242 -0.7480488747335408 0
0.469928358125611 -0.8180335349018365 0
0.4398567176365573 -0.7700416652194109 0
0.5371255297773441 -0.7027444080280658 0
0.2967889541204413 -0.7409196886678455 0
0.2753153348554393 -0.6951797275843118 0
0.3287456069874126 -0.5924776414689134 0
0.403649498384388 -0.5355155164370488 0
0.4687548867345053 -0.6167984663607435 0
0.3827719204274733 -0.6788590775142945 0
0.355758763707443 -0.6356683594916039 0
0.4362021925594466 -0.5761569913988962 0
0.2323680963254351 -0.6036998054172442 0
0.2108944770604331 -0.5579598443337104 0
0.2477061368273215 -0.4629054874008415 0
0.305991415859212 -0.4135910915515064 0
0.3710968042093293 -0.4948740414752013 0
0.3017324502673823 -0.5492869234462228 0
0.2747192935473519 -0.5060962054235323 0
0.3385441100342707 -0.4542325665133539 0
0.1679472385304289 -0.4664799221666428 0
0.1464736192654269 -0.420739961083109 0
0.2734387216841533 -0.3729496165896589 0
0.2206929801072912 -0.4197147693781509 0
0.1936798233872608 -0.3765240513554602 0
0.2408860275090947 -0.3323081416278114 0
0.1060875244618145 -0.8455532165837931 0
0.2121750489236289 -0.8161064331675862 0
0.2432710456050645 -0.915986028788551 0
0.1223799692152375 -0.9428143131656228 0
0.114233746838526 -0.8941837648747135 0
0.2277230472643467 -0.8660462309780712 0
0.0846139051968124 -0.716479922166926 0
0.1692278103936248 -0.6829598443338519 0
0.1978593027469609 -0.7717242368896704 0
0.09892965137348045 -0.8025287851114955 0
0.09177177828514643 -0.759504353639198 0
0.1835435565702929 -0.7273420406117548 0
0.06314028593181033 -0.5874066277500589 0
0.1262805718636207 -0.5498132555001177 0
0.1549120642169567 -0.6385776480559766 0
0.07745603210847837 -0.673455490694709 0
0.07029815902014436 -0.6304310592224296 0
0.1405963180402887 -0.5941954517780699 0
0.1119648256869526 -0.5054310592221894 0
0.05598241284347631 -0.544382196277736 0
0.04882453975514231 -0.501357764805556 0
0.09764907951028462 -0.4610488629443326 0
2 13 0 121
157
158
159
160
161
162
163
164
165
1359
1360
1361
1362
1363
1364
1365
1366
1367
1368
1369
1370
1371
1372
1373
1374
1375
1376
1377
1378
1379
1380
1381
1382
1383
1384
1385
1386
1387
1388
1389
1390
1391
1392
1393
1394
1395
1396
1397
1398
1399
1400
1401
1402
1403
1404
1405
1406
1407
1408
1409
1410
1411
1412
1413
1414
1415
1416
1417
1418
1419
1420
1421
1422
1423
1424
1425
1426
1427
1428
1429
1430
1431
1432
1433
1434
1435
1436
1437
1438
1439
1440
1441
1442
1443
1444
1445
1446
1447
1448
1449
1450
1451
1452
1453
1454
1455
1456
1457
1458
1459
1460
1461
1462
1463
1464
1465
1466
1467
1468
1469
1470
-0.3182625750396064 -0.7866596490662989 0
-0.2538417166929931 -0.6494397660442772 0
-0.1894208583463798 -0.5122198830222553 0
-0.592830087108197 -0.5928300846716242 0
-0.4785533914051842 -0.4785533897813634 0
-0.3642766957021712 -0.3642766948911025 0
-0.7866596497513794 -0.3182625733854434 0
-0.6494397665007779 -0.2538417155904372 0
-0.5122198832501766 -0.189420857795431 0
-0.3612098139373487 -0.8781395710809802 0
-0.3397361944884775 -0.8323996100736396 0
-0.2121750500264043 -0.8161064327108659 0
-0.1060875250132021 -0.845553216355433 0
-0.1223799700261989 -0.9428143130069349 0
-0.2432710472125757 -0.9159860283040755 0
-0.22772304861949 -0.8660462305074735 0
-0.1142337475197005 -0.8941837646811894 0
-0.2967889555907353 -0.7409196880589584 0
-0.2753153361418642 -0.6951797270516178 0
-0.1692278111286621 -0.6829598440295181 0
-0.08461390556433104 -0.7164799220147591 0
-0.09892965186357847 -0.8025287849085331 0
-0.1978593037271569 -0.7717242364837457 0
-0.1835435574279095 -0.7273420402566254 0
-0.09177177871395475 -0.7595043534616333 0
-0.232368097244122 -0.6036998050369365 0
-0.2108944777952509 -0.557959844029596 0
-0.1262805722309199 -0.5498132553481702 0
-0.06314028611545994 -0.5874066276740851 0
-0.07745603241470735 -0.6734554905679399 0
-0.1549120648294147 -0.6385776478024383 0
-0.1405963185301673 -0.594195451575327 0
-0.07029815926508365 -0.630431059121058 0
-0.1679472388975086 -0.4664799220149147 0
-0.1464736194486375 -0.4207399610075742 0
-0.05598241296584062 -0.5443821962271557 0
-0.1119648259316813 -0.5054310591210285 0
-0.09764907963244268 -0.4610488628939583 0
-0.04882453981622131 -0.501357764780369 0
-0.6690145509102056 -0.6690145479317982 0
-0.6309223190092013 -0.6309223163017113 0
-0.5013075830853334 -0.6574399394698491 0
-0.40978507906247 -0.722049794268074 0
-0.4699283605371387 -0.8180335334551054 0
-0.5729434813735018 -0.7480488725789112 0
-0.5371255322294176 -0.7027444060243802 0
-0.4398567197998043 -0.7700416638615899 0
-0.5547378552071927 -0.5547378530415372 0
-0.5166456233061885 -0.5166456214114503 0
-0.4036494998344539 -0.5355155152023346 0
-0.3287456082637235 -0.5924776406233059 0
-0.3827719221295545 -0.6788590763864846 0
-0.4687548886683735 -0.616798464714011 0
-0.4362021942514137 -0.5761569899581728 0
-0.355758765196639 -0.6356683585048952 0
-0.4404611595041799 -0.4404611581512764 0
-0.4023689276031756 -0.4023689265211894 0
-0.3059914165835741 -0.4135910909348201 0
-0.2477061374649769 -0.4629054869785377 0
-0.3017324513308079 -0.5492869227417165 0
-0.3710968054174939 -0.4948740404464965 0
-0.3385441110005339 -0.4542325656906583 0
-0.2747192943978924 -0.5060962048601271 0
-0.3261844638011669 -0.3261844632610155 0
-0.2880922319001627 -0.2880922316309286 0
-0.2206929805320584 -0.4197147690969515 0
-0.2734387221666051 -0.372949616178991 0
-0.2408860277496361 -0.3323081414231619 0
-0.1936798235991397 -0.3765240512153651 0
-0.8781395719184469 -0.3612098119154475 0
-0.8323996108349132 -0.3397361926504454 0
-0.7220497955369852 -0.4097850771475037 0
-0.6574399413225911 -0.501307580909564 0
-0.7480488747335408 -0.5729434786451242 0
-0.8180335349018365 -0.469928358125611 0
-0.7700416652194109 -0.4398567176365573 0
-0.7027444080280658 -0.5371255297773441 0
-0.7409196886678455 -0.2967889541204413 0
-0.6951797275843118 -0.2753153348554393 0
-0.5924776414689134 -0.3287456069874126 0
-0.5355155164370488 -0.403649498384388 0
-0.6167984663607435 -0.4687548867345053 0
-0.6788590775142945 -0.3827719204274733 0
-0.6356683594916039 -0.355758763707443 0
-0.5761569913988962 -0.4362021925594466 0
-0.6036998054172442 -0.2323680963254351 0
-0.5579598443337104 -0.2108944770604331 0
-0.4629054874008415 -0.2477061368273215 0
-0.4135910915515064 -0.305991415859212 0
-0.4948740414752013 -0.3710968042093293 0
-0.5492869234462228 -0.3017324502673823 0
-0.5060962054235323 -0.2747192935473519 0
-0.4542325665133539 -0.3385441100342707 0
-0.4664799221666428 -0.1679472385304289 0
-0.420739961083109 -0.1464736192654269 0
-0.3729496165896589 -0.2734387216841533 0
-0.4197147693781509 -0.2206929801072912 0
-0.3765240513554602 -0.1936798233872608 0
-0.3323081416278114 -0.2408860275090947 0
-0.8455532165837931 -0.1060875244618145 0
-0.8161064331675862 -0.2121750489236289 0
-0.915986028788551 -0.2432710456050645 0
-0.9428143131656228 -0.1223799692152375 0
-0.8941837648747135 -0.114233746838526 0
-0.8660462309780712 -0.2277230472643467 0
-0.716479922166926 -0.0846139051968124 0
-0.6829598443338519 -0.1692278103936248 0
-0.7717242368896704 -0.1978593027469609 0
-0.8025287851114955 -0.09892965137348045 0
-0.759504353639198 -0.09177177828514643 0
-0.7273420406117548 -0.1835435565702929 0
-0.5874066277500589 -0.06314028593181033 0
-0.5498132555001177 -0.1262805718636207 0
-0.6385776480559766 -0.1549120642169567 0
-0.673455490694709 -0.07745603210847837 0
-0.6304310592224296 -0.07029815902014436 0
-0.5941954517780699 -0.1405963180402887 0
-0.5054310592221894 -0.1119648256869526 0
-0.544382196277736 -0.05598241284347631 0
-0.501357764805556 -0.04882453975514231 0
-0.4610488629443326 -0.09764907951028462 0
2 14 0 121
166
167
168
169
170
171
172
173
174
1471
1472
1473
1474
1475
1476
1477
1478
1479
1480
1481
1482
1483
1484
1485
1486
1487
1488
1489
1490
1491
1492
1493
1494
1495
1496
1497
1498
1499
1500
1501
1502
1503
1504
1505
1506
1507
1508
1509
1510
1511
1512
1513
1514
1515
1516
1517
1518
1519
1520
1521
1522
1523
1524
1525
1526
1527
1528
1529
1530
1531
1532
1533
1534
1535
1536
1537
1538
1539
1540
1541
1542
1543
1544
1545
1546
1547
1548
1549
1550
1551
1552
1553
1554
1555
1556
1557
1558
1559
1560
1561
1562
1563
1564
1565
1566
1567
1568
1569
1570
1571
1572
1573
1574
1575
1576
1577
1578
1579
1580
1581
1582
-0.7866596490662989 0.3182625750396064 0
-0.6494397660442772 0.2538417166929931 0
-0.5122198830222553 0.1894208583463798 0
-0.5928300846716242 0.592830087108197 0
-0.4785533897813634 0.4785533914051842 0
-0.3642766948911025 0.3642766957021712 0
-0.3182625733854434 0.7866596497513794 0
-0.2538417155904372 0.6494397665007779 0
-0.189420857795431 0.5122198832501766 0
-0.8781395710809802 0.3612098139373487 0
-0.8323996100736396 0.3397361944884775 0
-0.8161064327108659 0.2121750500264043 0
-0.845553216355433 0.1060875250132021 0
-0.9428143130069349 0.1223799700261989 0
-0.9159860283040755 0.2432710472125757 0
-0.8660462305074735 0.22772304861949 0
-0.8941837646811894 0.1142337475197005 0
-0.7409196880589584 0.2967889555907353 0
-0.6951797270516178 0.2753153361418642 0
-0.6829598440295181 0.1692278111286621 0
-0.7164799220147591 0.08461390556433104 0
-0.8025287849085331 0.09892965186357847 0
-0.7717242364837457 0.1978593037271569 0
-0.7273420402566254 0.1835435574279095 0
-0.7595043534616333 0.09177177871395475 0
-0.6036998050369365 0.232368097244122 0
-0.557959844029596 0.2108944777952509 0
-0.5498132553481702 0.1262805722309199 0
-0.5874066276740851 0.06314028611545994 0
-0.6734554905679399 0.07745603241470735 0
-0.6385776478024383 0.1549120648294147 0
-0.594195451575327 0.1405963185301673 0
-0.630431059121058 0.07029815926508365 0
-0.4664799220149147 0.1679472388975086 0
-0.4207399610075742 0.1464736194486375 0
-0.5443821962271557 0.05598241296584062 0
-0.5054310591210285 0.1119648259316813 0
-0.4610488628939583 0.09764907963244268 0
-0.501357764780369 0.04882453981622131 0
-0.6690145479317982 0.6690145509102056 0
-0.6309223163017113 0.6309223190092013 0
-0.6574399394698491 0.5013075830853334 0
-0.722049794268074 0.40978507906247 0
-0.8180335334551054 0.4699283605371387 0
-0.7480488725789112 0.5729434813735018 0
-0.7027444060243802 0.5371255322294176 0
-0.7700416638615899 0.4398567197998043 0
-0.5547378530415372 0.5547378552071927 0
-0.5166456214114503 0.5166456233061885 0
-0.5355155152023346 0.4036494998344539 0
-0.5924776406233059 0.3287456082637235 0
-0.6788590763864846 0.3827719221295545 0
-0.616798464714011 0.4687548886683735 0
-0.5761569899581728 0.4362021942514137 0
-0.6356683585048952 0.355758765196639 0
-0.4404611581512764 0.4404611595041799 0
-0.4023689265211894 0.4023689276031756 0
-0.4135910909348201 0.3059914165835741 0
-0.4629054869785377 0.2477061374649769 0
-0.5492869227417165 0.3017324513308079 0
-0.4948740404464965 0.3710968054174939 0
-0.4542325656906583 0.3385441110005339 0
-0.5060962048601271 0.2747192943978924 0
-0.3261844632610155 0.3261844638011669 0
-0.2880922316309286 0.2880922319001627 0
-0.4197147690969515 0.2206929805320584 0
-0.372949616178991 0.2734387221666051 0
-0.3323081414231619 0.2408860277496361 0
-0.3765240512153651 0.1936798235991397 0
-0.3612098119154475 0.8781395719184469 0
-0.3397361926504454 0.8323996108349132 0
-0.4097850771475037 0.7220497955369852 0
-0.501307580909564 0.6574399413225911 0
-0.5729434786451242 0.7480488747335408 0
-0.469928358125611 0.8180335349018365 0
-0.4398567176365573 0.7700416652194109 0
-0.5371255297773441 0.7027444080280658 0
-0.2967889541204413 0.7409196886678455 0
-0.2753153348554393 0.6951797275843118 0
-0.3287456069874126 0.5924776414689134 0
-0.403649498384388 0.5355155164370488 0
-0.4687548867345053 0.6167984663607435 0
-0.3827719204274733 0.6788590775142945 0
-0.355758763707443 0.6356683594916039 0
-0.4362021925594466 0.5761569913988962 0
-0.2323680963254351 0.6036998054172442 0
-0.2108944770604331 0.5579598443337104 0
-0.2477061368273215 0.4629054874008415 0
-0.305991415859212 0.4135910915515064 0
-0.3710968042093293 0.4948740414752013 0
-0.3017324502673823 0.5492869234462228 0
-0.2747192935473519 0.5060962054235323 0
-0.3385441100342707 0.4542325665133539 0
-0.1679472385304289 0.4664799221666428 0
-0.1464736192654269 0.420739961083109 0
-0.2734387216841533 0.3729496165896589 0
-0.2206929801072912 0.4197147693781509 0
-0.1936798233872608 0.3765240513554602 0
-0.2408860275090947 0.3323081416278114 0
-0.1060875244618145 0.8455532165837931 0
-0.2121750489236289 0.8161064331675862 0
-0.2432710456050645 0.915986028788551 0
-0.1223799692152375 0.9428143131656228 0
-0.114233746838526 0.8941837648747135 0
-0.2277230472643467 0.8660462309780712 0
-0.0846139051968124 0.716479922166926 0
-0.1692278103936248 0.6829598443338519 0
-0.1978593027469609 0.7717242368896704 0
-0.09892965137348045 0.8025287851114955 0
-0.09177177828514643 0.759504353639198 0
-0.1835435565702929 0.7273420406117548 0
-0.06314028593181033 0.5874066277500589 0
-0.1262805718636207 0.5498132555001177 0
-0.1549120642169567 0.6385776480559766 0
-0.07745603210847837 0.673455490694709 0
-0.07029815902014436 0.6304310592224296 0
-0.1405963180402887 0.5941954517780699 0
-0.1119648256869526 0.5054310592221894 0
-0.05598241284347631 0.544382196277736 0
-0.04882453975514231 0.501357764805556 0
-0.09764907951028462 0.4610488629443326 0
2 15 0 121
175
176
177
178
179
180
181
182
183
1583
1584
1585
1586
1587
1588
1589
1590
1591
1592
1593
1594
1595
1596
1597
1598
1599
1600
1601
1602
1603
1604
1605
1606
1607
1608
1609
1610
1611
1612
1613
1614
1615
1616
1617
1618
1619
1620
1621
1622
1623
1624
1625
1626
1627
1628
1629
1630
1631
1632
1633
1634
1635
1636
1637
1638
1639
1640
1641
1642
1643
1644
1645
1646
1647
1648
1649
1650
1651
1652
1653
1654
1655
1656
1657
1658
1659
1660
1661
1662
1663
1664
1665
1666
1667
1668
1669
1670
1671
1672
1673
1674
1675
1676
1677
1678
1679
1680
1681
1682
1683
1684
1685
1686
1687
1688
1689
1690
1691
1692
1693
1694
0.3182625742738174 0.786659649383465 -2
0.2538417161825449 0.6494397662556435 -2
0.1894208580912724 0.5122198831278217 -2
0.5928300858899105 0.5928300858899107 -2
0.4785533905932737 0.4785533905932737 -2
0.3642766952966369 0.3642766952966369 -2
0.786659649383465 0.3182625742738174 -2
0.6494397662556435 0.2538417161825449 -2
0.5122198831278217 0.1894208580912725 -2
0.3612098130013323 0.8781395714686795 -2
0.3397361936375748 0.8323996104260722 -2
0.2121750495158783 0.81610643292231 -2
0.1060875247579391 0.845553216461155 -2
0.1223799697061202 0.9428143130731126 -2
0.2432710465427276 0.9159860285084437 -2
0.2277230480293029 0.8660462307153797 -2
0.1142337472320297 0.8941837647671392 -2
0.2967889549100599 0.7409196883408579 -2
0.2753153355463024 0.6951797272982506 -2
0.1692278107883632 0.682959844170429 -2
0.08461390539418162 0.7164799220852145 -2
0.09892965163668663 0.8025287850024996 -2
0.1978593032733733 0.7717242366716786 -2
0.1835435570308683 0.7273420404210473 -2
0.09177177851543414 0.7595043535438442 -2
0.2323680968187874 0.6036998052130362 -2
0.2108944774550299 0.557959844170429 -2
0.1262805720608483 0.5498132554185479 -2
0.06314028603042415 0.5874066277092739 -2
0.07745603227292913 0.6734554906266397 -2
0.1549120645458582 0.638577647919838 -2
0.1405963183033533 0.5941954516692156 -2
0.07029815915167664 0.6304310591680025 -2
0.1679472387275149 0.4664799220852145 -2
0.1464736193637575 0.4207399610426072 -2
0.0559824129091754 0.5443821962505895 -2
0.1119648258183434 0.5054310591679039 -2
0.09764907957583847 0.4610488629173313 -2
0.04882453978792664 0.501357764792048 -2
0.6690145494210018 0.6690145494210019 -2
0.6309223176554561 0.6309223176554564 -2
0.5013075820178794 0.6574399403877621 -2
0.4097850781458484 0.7220497948856135 -2
0.4699283593788076 0.8180335341533109 -2
0.5729434799333374 0.7480488737169302 -2
0.5371255309756084 0.7027444070523463 -2
0.439856718762328 0.7700416645194621 -2
0.5547378541243649 0.554737854124365 -2
0.5166456223588193 0.5166456223588194 -2
0.4036494991230308 0.5355155158140636 -2
0.3287456076527878 0.5924776410348536 -2
0.3827719213148282 0.6788590769353603 -2
0.4687548877195965 0.6167984655298626 -2
0.4362021934213136 0.576156990671963 -2
0.355758764483808 0.6356683589851069 -2
0.4404611588277281 0.4404611588277281 -2
0.4023689270621825 0.4023689270621825 -2
0.305991416228182 0.4135910912403651 -2
0.2477061371597272 0.4629054871840934 -2
0.3017324508217676 0.5492869230846003 -2
0.3710968048247479 0.4948740409561642 -2
0.338544110526465 0.4542325660982647 -2
0.2747192939907474 0.5060962051343467 -2
0.3261844635310913 0.3261844635310913 -2
0.2880922317655457 0.2880922317655457 -2
0.2206929803287344 0.4197147692338127 -2
0.2734387219299182 0.3729496163824465 -2
0.2408860276316545 0.3323081415245279 -2
0.1936798234977416 0.3765240512835319 -2
0.8781395714686795 0.3612098130013324 -2
0.8323996104260722 0.3397361936375749 -2
0.7220497948856135 0.4097850781458485 -2
0.657439940387762 0.5013075820178796 -2
0.748048873699679 0.5729434799558198 -2
0.818033534176703 0.4699283593382914 -2
0.7700416645311581 0.4398567187420701 -2
0.7027444070437204 0.5371255309868498 -2
0.7409196883408579 0.2967889549100599 -2
0.6951797272982506 0.2753153355463024 -2
0.5924776410348536 0.3287456076527878 -2
0.5355155158140636 0.4036494991230308 -2
0.6167984655298627 0.4687548877195967 -2
0.6788590769353603 0.3827719213148283 -2
0.6356683589851069 0.3557587644838081 -2
0.576156990671963 0.4362021934213137 -2
0.6036998052130362 0.2323680968187874 -2
0.557959844170429 0.21089447745503 -2
0.4629054871840935 0.2477061371597273 -2
0.4135910912403652 0.305991416228182 -2
0.4948740409561642 0.3710968048247479 -2
0.5492869230846001 0.3017324508217676 -2
0.5060962051343468 0.2747192939907475 -2
0.4542325660982647 0.3385441105264649 -2
0.4664799220852145 0.167947238727515 -2
0.4207399610426072 0.1464736193637575 -2
0.3729496163824657 0.2734387219298992 -2
0.4197147692338401 0.220692980328707 -2
0.3765240512835867 0.1936798234976869 -2
0.3323081415245662 0.2408860276316163 -2
0.845553216461155 0.1060875247579391 -2
0.81610643292231 0.2121750495158783 -2
0.9159860285325812 0.2432710464526461 -2
0.9428143130749571 0.1223799696921092 -2
0.8941837647680617 0.1142337472250241 -2
0.8660462307274484 0.2277230479842622 -2
0.7164799220852145 0.08461390539418163 -2
0.682959844170429 0.1692278107883633 -2
0.7717242366716787 0.1978593032733733 -2
0.8025287850024996 0.09892965163668663 -2
0.7595043535438442 0.09177177851543414 -2
0.7273420404210474 0.1835435570308683 -2
0.5874066277092739 0.06314028603042415 -2
0.5498132554185479 0.1262805720608483 -2
0.638577647919838 0.1549120645458583 -2
0.6734554906266398 0.07745603227292913 -2
0.6304310591680022 0.07029815915167664 -2
0.5941954516692156 0.1405963183033533 -2
0.5054310591679039 0.1119648258183433 -2
0.5443821962505931 0.05598241290917167 -2
0.5013577647920555 0.04882453978791917 -2
0.4610488629173314 0.09764907957583832 -2
2 16 0 121
184
185
186
187
188
189
190
191
192
1695
1696
1697
1698
1699
1700
1701
1702
1703
1704
1705
1706
1707
1708
1709
1710
1711
1712
1713
1714
1715
1716
1717
1718
1719
1720
1721
1722
1723
1724
1725
1726
1727
1728
1729
1730
1731
1732
1733
1734
1735
1736
1737
1738
1739
1740
1741
1742
1743
1744
1745
1746
1747
1748
1749
1750
1751
1752
1753
1754
1755
1756
1757
1758
1759
1760
1761
1762
1763
1764
1765
1766
1767
1768
1769
1770
1771
1772
1773
1774
1775
1776
1777
1778
1779
1780
1781
1782
1783
1784
1785
1786
1787
1788
1789
1790
1791
1792
1793
1794
1795
1796
1797
1798
1799
1800
1801
1802
1803
1804
1805
1806
0.786659649383465 -0.3182625742738174 -2
0.6494397662556435 -0.2538417161825449 -2
0.5122198831278217 -0.1894208580912724 -2
0.5928300858899107 -0.5928300858899105 -2
0.4785533905932737 -0.4785533905932737 -2
0.3642766952966369 -0.3642766952966369 -2
0.3182625742738174 -0.786659649383465 -2
0.2538417161825449 -0.6494397662556435 -2
0.1894208580912725 -0.5122198831278217 -2
0.8781395714686795 -0.3612098130013323 -2
0.8323996104260722 -0.3397361936375748 -2
0.81610643292231 -0.2121750495158783 -2
0.845553216461155 -0.1060875247579391 -2
0.9428143130731126 -0.1223799697061202 -2
0.9159860285084437 -0.2432710465427276 -2
0.8660462307153797 -0.2277230480293029 -2
0.8941837647671392 -0.1142337472320297 -2
0.7409196883408579 -0.2967889549100599 -2
0.6951797272982506 -0.2753153355463024 -2
0.682959844170429 -0.1692278107883632 -2
0.7164799220852145 -0.08461390539418162 -2
0.8025287850024996 -0.09892965163668663 -2
0.7717242366716786 -0.1978593032733733 -2
0.7273420404210473 -0.1835435570308683 -2
0.7595043535438442 -0.09177177851543414 -2
0.6036998052130362 -0.2323680968187874 -2
0.557959844170429 -0.2108944774550299 -2
0.5498132554185479 -0.1262805720608483 -2
0.5874066277092739 -0.06314028603042415 -2
0.6734554906266397 -0.07745603227292913 -2
0.638577647919838 -0.1549120645458582 -2
0.5941954516692156 -0.1405963183033533 -2
0.6304310591680025 -0.07029815915167664 -2
0.4664799220852145 -0.1679472387275149 -2
0.4207399610426072 -0.1464736193637575 -2
0.5443821962505895 -0.0559824129091754 -2
0.5054310591679039 -0.1119648258183434 -2
0.4610488629173313 -0.09764907957583847 -2
0.501357764792048 -0.04882453978792664 -2
0.6690145494210019 -0.6690145494210018 -2
0.6309223176554564 -0.6309223176554561 -2
0.6574399403877621 -0.5013075820178794 -2
0.7220497948856135 -0.4097850781458484 -2
0.8180335341533109 -0.4699283593788076 -2
0.7480488737169302 -0.5729434799333374 -2
0.7027444070523463 -0.5371255309756084 -2
0.7700416645194621 -0.439856718762328 -2
0.554737854124365 -0.5547378541243649 -2
0.5166456223588194 -0.5166456223588193 -2
0.5355155158140636 -0.4036494991230308 -2
0.5924776410348536 -0.3287456076527878 -2
0.6788590769353603 -0.3827719213148282 -2
0.6167984655298626 -0.4687548877195965 -2
0.576156990671963 -0.4362021934213136 -2
0.6356683589851069 -0.355758764483808 -2
0.4404611588277281 -0.4404611588277281 -2
0.4023689270621825 -0.4023689270621825 -2
0.4135910912403651 -0.305991416228182 -2
0.4629054871840934 -0.2477061371597272 -2
0.5492869230846003 -0.3017324508217676 -2
0.4948740409561642 -0.3710968048247479 -2
0.4542325660982647 -0.338544110526465 -2
0.5060962051343467 -0.2747192939907474 -2
0.3261844635310913 -0.3261844635310913 -2
0.2880922317655457 -0.2880922317655457 -2
0.4197147692338127 -0.2206929803287344 -2
0.3729496163824465 -0.2734387219299182 -2
0.3323081415245279 -0.2408860276316545 -2
0.3765240512835319 -0.1936798234977416 -2
0.3612098130013324 -0.8781395714686795 -2
0.3397361936375749 -0.8323996104260722 -2
0.4097850781458485 -0.7220497948856135 -2
0.5013075820178796 -0.657439940387762 -2
0.5729434799558198 -0.748048873699679 -2
0.4699283593382914 -0.818033534176703 -2
0.4398567187420701 -0.7700416645311581 -2
0.5371255309868498 -0.7027444070437204 -2
0.2967889549100599 -0.7409196883408579 -2
0.2753153355463024 -0.6951797272982506 -2
0.3287456076527878 -0.5924776410348536 -2
0.4036494991230308 -0.5355155158140636 -2
0.4687548877195967 -0.6167984655298627 -2
0.3827719213148283 -0.6788590769353603 -2
0.3557587644838081 -0.6356683589851069 -2
0.4362021934213137 -0.576156990671963 -2
0.2323680968187874 -0.6036998052130362 -2
0.21089447745503 -0.557959844170429 -2
0.2477061371597273 -0.4629054871840935 -2
0.305991416228182 -0.4135910912403652 -2
0.3710968048247479 -0.4948740409561642 -2
0.3017324508217676 -0.5492869230846001 -2
0.2747192939907475 -0.5060962051343468 -2
0.3385441105264649 -0.4542325660982647 -2
0.167947238727515 -0.4664799220852145 -2
0.1464736193637575 -0.4207399610426072 -2
0.2734387219298992 -0.3729496163824657 -2
0.220692980328707 -0.4197147692338401 -2
0.1936798234976869 -0.3765240512835867 -2
0.2408860276316163 -0.3323081415245662 -2
0.1060875247579391 -0.845553216461155 -2
0.2121750495158783 -0.81610643292231 -2
0.2432710464526461 -0.9159860285325812 -2
0.1223799696921092 -0.9428143130749571 -2
0.1142337472250241 -0.8941837647680617 -2
0.2277230479842622 -0.8660462307274484 -2
0.08461390539418163 -0.7164799220852145 -2
0.1692278107883633 -0.682959844170429 -2
0.1978593032733733 -0.7717242366716787 -2
0.09892965163668663 -0.8025287850024996 -2
0.09177177851543414 -0.7595043535438442 -2
0.1835435570308683 -0.7273420404210474 -2
0.06314028603042415 -0.5874066277092739 -2
0.1262805720608483 -0.5498132554185479 -2
0.1549120645458583 -0.638577647919838 -2
0.07745603227292913 -0.6734554906266398 -2
0.07029815915167664 -0.6304310591680022 -2
0.1405963183033533 -0.5941954516692156 -2
0.1119648258183433 -0.5054310591679039 -2
0.05598241290917167 -0.5443821962505931 -2
0.04882453978791917 -0.5013577647920555 -2
0.09764907957583832 -0.4610488629173314 -2
2 17 0 121
193
194
195
196
197
198
199
200
201
1807
1808
1809
1810
1811
1812
1813
1814
1815
1816
1817
1818
1819
1820
1821
1822
1823
1824
1825
1826
1827
1828
1829
1830
1831
1832
1833
1834
1835
1836
1837
1838
1839
1840
1841
1842
1843
1844
1845
1846
1847
1848
1849
1850
1851
1852
1853
1854
1855
1856
1857
1858
1859
1860
1861
1862
1863
1864
1865
1866
1867
1868
1869
1870
1871
1872
1873
1874
1875
1876
1877
1878
1879
1880
1881
1882
1883
1884
1885
1886
1887
1888
1889
1890
1891
1892
1893
1894
1895
1896
1897
1898
1899
1900
1901
1902
1903
1904
1905
1906
1907
1908
1909
1910
1911
1912
1913
1914
1915
1916
1917
1918
-0.3182625742738174 -0.786659649383465 -2
-0.2538417161825449 -0.6494397662556435 -2
-0.1894208580912724 -0.5122198831278217 -2
-0.5928300858899105 -0.5928300858899107 -2
-0.4785533905932737 -0.4785533905932737 -2
-0.3642766952966369 -0.3642766952966369 -2
-0.786659649383465 -0.3182625742738174 -2
-0.6494397662556435 -0.2538417161825449 -2
-0.5122198831278217 -0.1894208580912725 -2
-0.3612098130013323 -0.8781395714686795 -2
-0.3397361936375748 -0.8323996104260722 -2
-0.2121750495158783 -0.81610643292231 -2
-0.1060875247579391 -0.845553216461155 -2
-0.1223799697061202 -0.9428143130731126 -2
-0.2432710465427276 -0.9159860285084437 -2
-0.2277230480293029 -0.8660462307153797 -2
-0.1142337472320297 -0.8941837647671392 -2
-0.2967889549100599 -0.7409196883408579 -2
-0.2753153355463024 -0.6951797272982506 -2
-0.1692278107883632 -0.682959844170429 -2
-0.08461390539418162 -0.7164799220852145 -2
-0.09892965163668663 -0.8025287850024996 -2
-0.1978593032733733 -0.7717242366716786 -2
-0.1835435570308683 -0.7273420404210473 -2
-0.09177177851543414 -0.7595043535438442 -2
-0.2323680968187874 -0.6036998052130362 -2
-0.2108944774550299 -0.557959844170429 -2
-0.1262805720608483 -0.5498132554185479 -2
-0.06314028603042415 -0.5874066277092739 -2
-0.07745603227292913 -0.6734554906266397 -2
-0.1549120645458582 -0.638577647919838 -2
-0.1405963183033533 -0.5941954516692156 -2
-0.07029815915167664 -0.6304310591680025 -2
-0.1679472387275149 -0.4664799220852145 -2
-0.1464736193637575 -0.4207399610426072 -2
-0.0559824129091754 -0.5443821962505895 -2
-0.1119648258183434 -0.5054310591679039 -2
-0.09764907957583847 -0.4610488629173313 -2
-0.04882453978792664 -0.501357764792048 -2
-0.6690145494210018 -0.6690145494210019 -2
-0.6309223176554561 -0.6309223176554564 -2
-0.5013075820178794 -0.6574399403877621 -2
-0.4097850781458484 -0.7220497948856135 -2
-0.4699283593788076 -0.8180335341533109 -2
-0.5729434799333374 -0.7480488737169302 -2
-0.5371255309756084 -0.7027444070523463 -2
-0.439856718762328 -0.7700416645194621 -2
-0.5547378541243649 -0.554737854124365 -2
-0.5166456223588193 -0.5166456223588194 -2
-0.4036494991230308 -0.5355155158140636 -2
-0.3287456076527878 -0.5924776410348536 -2
-0.3827719213148282 -0.6788590769353603 -2
-0.4687548877195965 -0.6167984655298626 -2
-0.4362021934213136 -0.576156990671963 -2
-0.355758764483808 -0.6356683589851069 -2
-0.4404611588277281 -0.4404611588277281 -2
-0.4023689270621825 -0.4023689270621825 -2
-0.305991416228182 -0.4135910912403651 -2
-0.2477061371597272 -0.4629054871840934 -2
-0.3017324508217676 -0.5492869230846003 -2
-0.3710968048247479 -0.4948740409561642 -2
-0.338544110526465 -0.4542325660982647 -2
-0.2747192939907474 -0.5060962051343467 -2
-0.3261844635310913 -0.3261844635310913 -2
-0.2880922317655457 -0.2880922317655457 -2
-0.2206929803287344 -0.4197147692338127 -2
-0.2734387219299182 -0.3729496163824465 -2
-0.2408860276316545 -0.3323081415245279 -2
-0.1936798234977416 -0.3765240512835319 -2
-0.8781395714686795 -0.3612098130013324 -2
-0.8323996104260722 -0.3397361936375749 -2
-0.7220497948856135 -0.4097850781458485 -2
-0.657439940387762 -0.5013075820178796 -2
-0.748048873699679 -0.5729434799558198 -2
-0.818033534176703 -0.4699283593382914 -2
-0.7700416645311581 -0.4398567187420701 -2
-0.7027444070437204 -0.5371255309868498 -2
-0.7409196883408579 -0.2967889549100599 -2
-0.6951797272982506 -0.2753153355463024 -2
-0.5924776410348536 -0.3287456076527878 -2
-0.5355155158140636 -0.4036494991230308 -2
-0.6167984655298627 -0.4687548877195967 -2
-0.6788590769353603 -0.3827719213148283 -2
-0.6356683589851069 -0.3557587644838081 -2
-0.576156990671963 -0.4362021934213137 -2
-0.6036998052130362 -0.2323680968187874 -2
-0.557959844170429 -0.21089447745503 -2
-0.4629054871840935 -0.2477061371597273 -2
-0.4135910912403652 -0.305991416228182 -2
-0.4948740409561642 -0.3710968048247479 -2
-0.5492869230846001 -0.3017324508217676 -2
-0.5060962051343468 -0.2747192939907475 -2
-0.4542325660982647 -0.3385441105264649 -2
-0.4664799220852145 -0.167947238727515 -2
-0.4207399610426072 -0.1464736193637575 -2
-0.3729496163824657 -0.2734387219298992 -2
-0.4197147692338401 -0.220692980328707 -2
-0.3765240512835867 -0.1936798234976869 -2
-0.3323081415245662 -0.2408860276316163 -2
-0.845553216461155 -0.1060875247579391 -2
-0.81610643292231 -0.2121750495158783 -2
-0.9159860285325812 -0.2432710464526461 -2
-0.9428143130749571 -0.1223799696921092 -2
-0.8941837647680617 -0.1142337472250241 -2
-0.8660462307274484 -0.2277230479842622 -2
-0.7164799220852145 -0.08461390539418163 -2
-0.682959844170429 -0.1692278107883633 -2
-0.7717242366716787 -0.1978593032733733 -2
-0.8025287850024996 -0.09892965163668663 -2
-0.7595043535438442 -0.09177177851543414 -2
-0.7273420404210474 -0.1835435570308683 -2
-0.5874066277092739 -0.06314028603042415 -2
-0.5498132554185479 -0.1262805720608483 -2
-0.638577647919838 -0.1549120645458583 -2
-0.6734554906266398 -0.07745603227292913 -2
-0.6304310591680022 -0.07029815915167664 -2
-0.5941954516692156 -0.1405963183033533 -2
-0.5054310591679039 -0.1119648258183433 -2
-0.5443821962505931 -0.05598241290917167 -2
-0.5013577647920555 -0.04882453978791917 -2
-0.4610488629173314 -0.09764907957583832 -2
2 18 0 121
202
203
204
205
206
207
208
209
210
1919
1920
1921
1922
1923
1924
1925
1926
1927
1928
1929
1930
1931
1932
1933
1934
1935
1936
1937
1938
1939
1940
1941
1942
1943
1944
1945
1946
1947
1948
1949
1950
1951
1952
1953
1954
1955
1956
1957
1958
1959
1960
1961
1962
1963
1964
1965
1966
1967
1968
1969
1970
1971
1972
1973
1974
1975
1976
1977
1978
1979
1980
1981
1982
1983
1984
1985
1986
1987
1988
1989
1990
1991
1992
1993
1994
1995
1996
1997
1998
1999
2000
2001
2002
2003
2004
2005
2006
2007
2008
2009
2010
2011
2012
2013
2014
2015
2016
2017
2018
2019
2020
2021
2022
2023
2024
2025
2026
2027
2028
2029
2030
-0.786659649383465 0.3182625742738174 -2
-0.6494397662556435 0.2538417161825449 -2
-0.5122198831278217 0.1894208580912724 -2
-0.5928300858899107 0.5928300858899105 -2
-0.4785533905932737 0.4785533905932737 -2
-0.3642766952966369 0.3642766952966369 -2
-0.3182625742738174 0.786659649383465 -2
-0.2538417161825449 0.6494397662556435 -2
-0.1894208580912725 0.5122198831278217 -2
-0.8781395714686795 0.3612098130013323 -2
-0.8323996104260722 0.3397361936375748 -2
-0.81610643292231 0.2121750495158783 -2
-0.845553216461155 0.1060875247579391 -2
-0.9428143130731126 0.1223799697061202 -2
-0.9159860285084437 0.2432710465427276 -2
-0.8660462307153797 0.2277230480293029 -2
-0.8941837647671392 0.1142337472320297 -2
-0.7409196883408579 0.2967889549100599 -2
-0.6951797272982506 0.2753153355463024 -2
-0.682959844170429 0.1692278107883632 -2
-0.7164799220852145 0.08461390539418162 -2
-0.8025287850024996 0.09892965163668663 -2
-0.7717242366716786 0.1978593032733733 -2
-0.7273420404210473 0.1835435570308683 -2
-0.7595043535438442 0.09177177851543414 -2
-0.6036998052130362 0.2323680968187874 -2
-0.557959844170429 0.2108944774550299 -2
-0.5498132554185479 0.1262805720608483 -2
-0.5874066277092739 0.06314028603042415 -2
-0.6734554906266397 0.07745603227292913 -2
-0.638577647919838 0.1549120645458582 -2
-0.5941954516692156 0.1405963183033533 -2
-0.6304310591680025 0.07029815915167664 -2
-0.4664799220852145 0.1679472387275149 -2
-0.4207399610426072 0.1464736193637575 -2
-0.5443821962505895 0.0559824129091754 -2
-0.5054310591679039 0.1119648258183434 -2
-0.4610488629173313 0.09764907957583847 -2
-0.501357764792048 0.04882453978792664 -2
-0.6690145494210019 0.6690145494210018 -2
-0.6309223176554564 0.6309223176554561 -2
-0.6574399403877621 0.5013075820178794 -2
-0.7220497948856135 0.4097850781458484 -2
-0.8180335341533109 0.4699283593788076 -2
-0.7480488737169302 0.5729434799333374 -2
-0.7027444070523463 0.5371255309756084 -2
-0.7700416645194621 0.439856718762328 -2
-0.554737854124365 0.5547378541243649 -2
-0.5166456223588194 0.5166456223588193 -2
-0.5355155158140636 0.4036494991230308 -2
-0.5924776410348536 0.3287456076527878 -2
-0.6788590769353603 0.3827719213148282 -2
-0.6167984655298626 0.4687548877195965 -2
-0.576156990671963 0.4362021934213136 -2
-0.6356683589851069 0.355758764483808 -2
-0.4404611588277281 0.4404611588277281 -2
-0.4023689270621825 0.4023689270621825 -2
-0.4135910912403651 0.305991416228182 -2
-0.4629054871840934 0.2477061371597272 -2
-0.5492869230846003 0.3017324508217676 -2
-0.4948740409561642 0.3710968048247479 -2
-0.4542325660982647 0.338544110526465 -2
-0.5060962051343467 0.2747192939907474 -2
-0.3261844635310913 0.3261844635310913 -2
-0.2880922317655457 0.2880922317655457 -2
-0.4197147692338127 0.2206929803287344 -2
-0.3729496163824465 0.2734387219299182 -2
-0.3323081415245279 0.2408860276316545 -2
-0.3765240512835319 0.1936798234977416 -2
-0.3612098130013324 0.8781395714686795 -2
-0.3397361936375749 0.8323996104260722 -2
-0.4097850781458485 0.7220497948856135 -2
-0.5013075820178796 0.657439940387762 -2
-0.5729434799558198 0.748048873699679 -2
-0.4699283593382914 0.818033534176703 -2
-0.4398567187420701 0.7700416645311581 -2
-0.5371255309868498 0.7027444070437204 -2
-0.2967889549100599 0.7409196883408579 -2
-0.2753153355463024 0.6951797272982506 -2
-0.3287456076527878 0.5924776410348536 -2
-0.4036494991230308 0.5355155158140636 -2
-0.4687548877195967 0.6167984655298627 -2
-0.3827719213148283 0.6788590769353603 -2
-0.3557587644838081 0.6356683589851069 -2
-0.4362021934213137 0.576156990671963 -2
-0.2323680968187874 0.6036998052130362 -2
-0.21089447745503 0.557959844170429 -2
-0.2477061371597273 0.4629054871840935 -2
-0.305991416228182 0.4135910912403652 -2
-0.3710968048247479 0.4948740409561642 -2
-0.3017324508217676 0.5492869230846001 -2
-0.2747192939907475 0.5060962051343468 -2
-0.3385441105264649 0.4542325660982647 -2
-0.167947238727515 0.4664799220852145 -2
-0.1464736193637575 0.4207399610426072 -2
-0.2734387219298992 0.3729496163824657 -2
-0.220692980328707 0.4197147692338401 -2
-0.1936798234976869 0.3765240512835867 -2
-0.2408860276316163 0.3323081415245662 -2
-0.1060875247579391 0.845553216461155 -2
-0.2121750495158783 0.81610643292231 -2
-0.2432710464526461 0.9159860285325812 -2
-0.1223799696921092 0.9428143130749571 -2
-0.1142337472250241 0.8941837647680617 -2
-0.2277230479842622 0.8660462307274484 -2
-0.08461390539418163 0.7164799220852145 -2
-0.1692278107883633 0.682959844170429 -2
-0.1978593032733733 0.7717242366716787 -2
-0.09892965163668663 0.8025287850024996 -2
-0.09177177851543414 0.7595043535438442 -2
-0.1835435570308683 0.7273420404210474 -2
-0.06314028603042415 0.5874066277092739 -2
-0.1262805720608483 0.5498132554185479 -2
-0.1549120645458583 0.638577647919838 -2
-0.07745603227292913 0.6734554906266398 -2
-0.07029815915167664 0.6304310591680022 -2
-0.1405963183033533 0.5941954516692156 -2
-0.1119648258183433 0.5054310591679039 -2
-0.05598241290917167 0.5443821962505931 -2
-0.04882453978791917 0.5013577647920555 -2
-0.09764907957583832 0.4610488629173314 -2
2 19 0 55
211
212
213
2031
2032
2033
2034
2035
2036
2037
2038
2039
2040
2041
2042
2043
2044
2045
2046
2047
2048
2049
2050
2051
2052
2053
2054
2055
2056
2057
2058
2059
2060
2061
2062
2063
2064
2065
2066
2067
2068
2069
2070
2071
2072
2073
2074
2075
2076
2077
2078
2079
2080
2081
2082
0.3826834328756549 0.9238795322998038 -0.9999999999973843
0.7071067819988786 0.7071067803742164 -0.9999999999973843
0.9238795327566336 0.3826834317727699 -0.9999999999973842
0.1305261924026862 0.9914448613497659 -0.9999999999973841
0.2595505324540637 0.9657295279232234 -0.99999999998528
0.3826834330458432 0.9238795322293094 -0.6666666666649229
0.3826834332160316 0.9238795321588152 -0.3333333333324615
0.1305261924893604 0.9914448613383551 -0.333333333332597
0.1305261924460233 0.9914448613440607 -0.6666666666649907
0.2593067200979084 0.9657950222029854 -0.6666666666568863
0.2590628912047482 0.9658604549315789 -0.3333333333284945
0.5000000006506946 0.8660254034087598 -0.9999999999973842
0.6093621161477507 0.7928920553290562 -1.000000000256145
0.7071067822696555 0.7071067801034394 -0.6666666666649229
0.7071067825404328 0.7071067798326621 -0.3333333333324615
0.5000000010665469 0.8660254031686676 -0.3333333333324615
0.5000000008586207 0.8660254032887136 -0.6666666666649228
0.6091619264286877 0.7930458671411699 -0.6666666668374304
0.6089616978767929 0.7931996284158318 -0.3333333334187151
0.7933533408875659 0.6087614282315672 -0.9999999999973843
0.866403839934059 0.4993439557534639 -1.000000000268051
0.9238795328384162 0.3826834315753297 -0.6666666666649228
0.9238795329201985 0.3826834313778897 -0.3333333333324614
0.793353341255199 0.6087614277524585 -0.3333333333324615
0.7933533410713826 0.6087614279920127 -0.6666666666649228
0.8662777500287643 0.4995626685463013 -0.6666666668453671
0.8661516049068066 0.4997813495093261 -0.3333333334226836
0.9659258263996913 0.2588190446896698 -0.9999999999973844
0.991543433432462 0.1297752658135 -1.000000000152264
0.9659258265325741 0.2588190441937446 -0.3333333333325292
0.9659258264661328 0.2588190444417072 -0.6666666666649568
0.9915106393000783 0.1300255826933671 -0.6666666667682439
0.9914777819733628 0.1302758912968189 -0.3333333333842238
0.382683432535278 0.9238795324407924 -1.666666666665795
0.3826834327054666 0.923879532370298 -1.33333333333159
0.1305261923285277 0.9914448613595293 -1.33333333333159
0.1305261922543692 0.9914448613692922 -1.666666666665795
0.259062890705109 0.965860455065592 -1.66666666666176
0.2593067198481067 0.9657950222700548 -1.33333333332352
0.7071067814573246 0.7071067809157705 -1.666666666665795
0.7071067817281016 0.7071067806449935 -1.33333333333159
0.5000000004322255 0.866025403534893 -1.33333333333159
0.5000000002137563 0.8660254036610264 -1.666666666665795
0.6089616967926564 0.7931996292481539 -1.666666666752048
0.6091619258867251 0.7930458675574674 -1.333333333504097
0.923879532593069 0.3826834321676498 -1.666666666665795
0.9238795326748515 0.3826834319702098 -1.33333333333159
0.7933533407102565 0.6087614284626414 -1.33333333333159
0.7933533405329468 0.6087614286937156 -1.666666666665795
0.8661516043990185 0.4997813503893536 -1.666666666756017
0.8662777497749818 0.4995626689863782 -1.333333333512034
0.9659258263790271 0.2588190447667899 -1.33333333333159
0.9659258263583628 0.2588190448439102 -1.666666666665795
0.9914777819236722 0.1302758916749945 -1.666666666717421
0.9915106392752808 0.1300255828824613 -1.333333333434843
2 20 0 55
214
215
216
2083
2084
2085
2086
2087
2088
2089
2090
2091
2092
2093
2094
2095
2096
2097
2098
2099
2100
2101
2102
2103
2104
2105
2106
2107
2108
2109
2110
2111
2112
2113
2114
2115
2116
2117
2118
2119
2120
2121
2122
2123
2124
2125
2126
2127
2128
2129
2130
2131
2132
2133
2134
0.9238795322998038 -0.3826834328756549 -0.9999999999973843
0.7071067803742164 -0.7071067819988786 -0.9999999999973843
0.3826834317727699 -0.9238795327566336 -0.9999999999973842
0.9915434333773565 -0.1297752662345316 -1.00000000030534
0.9659258261937138 -0.2588190454583883 -0.9999999999973845
0.9238795322293094 -0.3826834330458432 -0.6666666666649229
0.9238795321588152 -0.3826834332160316 -0.3333333333324615
0.9914777818725137 -0.1302758920643408 -0.333333333435249
0.9915106392221451 -0.130025583287648 -0.6666666668702952
0.9659258261626965 -0.258819045574146 -0.6666666666649568
0.9659258261316794 -0.2588190456899038 -0.3333333333325292
0.8664038391952122 -0.4993439570354257 -0.9999999999973843
0.7933533397128609 -0.6087614297624726 -0.9999999999973844
0.7071067801034394 -0.7071067822696555 -0.6666666666649229
0.7071067798326621 -0.7071067825404328 -0.3333333333324615
0.8661516036369956 -0.4997813517099863 -0.3333333333324615
0.8662777490245519 -0.4995626702876779 -0.6666666666649228
0.7933533395197213 -0.6087614300141772 -0.6666666666649228
0.7933533393265817 -0.6087614302658815 -0.3333333333324614
0.6093621143823774 -0.7928920566858003 -0.9999999999973843
0.4999999992982149 -0.8660254041896145 -0.9999999999973843
0.3826834315753297 -0.9238795328384162 -0.6666666666649228
0.3826834313778897 -0.9238795329201985 -0.3333333333324614
0.6089616952853735 -0.7931996304053374 -0.3333333333324615
0.6091619242503719 -0.7930458688143984 -0.6666666666649244
0.499999999070365 -0.8660254043211637 -0.6666666666649228
0.4999999988425149 -0.866025404452713 -0.3333333333324614
0.2595505323139015 -0.9657295279608936 -1.000000000096494
0.1305261920081723 -0.9914448614017048 -0.9999999999973843
0.259062889918185 -0.9658604552766605 -0.3333333333655659
0.2593067193845854 -0.9657950223945058 -0.6666666667310291
0.1305261918694312 -0.9914448614199705 -0.6666666666649905
0.1305261917306903 -0.9914448614382358 -0.3333333333325972
0.9238795324407924 -0.382683432535278 -1.666666666665795
0.923879532370298 -0.3826834327054666 -1.33333333333159
0.9915106392375546 -0.1300255831701443 -1.333333333536892
0.9914777819033916 -0.1302758918293412 -1.666666666768447
0.9659258262655666 -0.2588190451902309 -1.666666666665795
0.9659258262296402 -0.2588190453243097 -1.33333333333159
0.7071067809157705 -0.7071067814573246 -1.666666666665795
0.7071067806449935 -0.7071067817281016 -1.33333333333159
0.8662777492705158 -0.4995626698611589 -1.33333333333159
0.8661516041291391 -0.4997813508570715 -1.666666666665795
0.7933533401586298 -0.6087614291815352 -1.666666666665795
0.7933533399357453 -0.6087614294720038 -1.33333333333159
0.3826834321676498 -0.923879532593069 -1.666666666665795
0.3826834319702098 -0.9238795326748515 -1.33333333333159
0.6091619247208188 -0.7930458684530343 -1.33333333333159
0.6089616962264482 -0.7931996296828477 -1.666666666665795
0.4999999997224137 -0.8660254039447032 -1.666666666665795
0.4999999995103142 -0.8660254040671589 -1.33333333333159
0.2593067197096244 -0.9657950223072358 -1.333333333397662
0.2590628905683068 -0.9658604551022851 -1.666666666698831
0.1305261921088534 -0.9914448613884499 -1.666666666665795
0.1305261920585128 -0.9914448613950775 -1.33333333333159
2 21 0 55
217
218
219
2135
2136
2137
2138
2139
2140
2141
2142
2143
2144
2145
2146
2147
2148
2149
2150
2151
2152
2153
2154
2155
2156
2157
2158
2159
2160
2161
2162
2163
2164
2165
2166
2167
2168
2169
2170
2171
2172
2173
2174
2175
2176
2177
2178
2179
2180
2181
2182
2183
2184
2185
2186
-0.3826834328756549 -0.9238795322998038 -0.9999999999973843
-0.7071067819988786 -0.7071067803742164 -0.9999999999973843
-0.9238795327566336 -0.3826834317727699 -0.9999999999973842
-0.1305261924026862 -0.9914448613497659 -0.9999999999973841
-0.2595505324540637 -0.9657295279232234 -0.99999999998528
-0.3826834330458432 -0.9238795322293094 -0.6666666666649229
-0.3826834332160316 -0.9238795321588152 -0.3333333333324615
-0.1305261924893604 -0.9914448613383551 -0.333333333332597
-0.1305261924460233 -0.9914448613440607 -0.6666666666649907
-0.2593067200979084 -0.9657950222029854 -0.6666666666568863
-0.2590628912047482 -0.9658604549315789 -0.3333333333284945
-0.5000000006506946 -0.8660254034087598 -0.9999999999973842
-0.6093621161477507 -0.7928920553290562 -1.000000000256145
-0.7071067822696555 -0.7071067801034394 -0.6666666666649229
-0.7071067825404328 -0.7071067798326621 -0.3333333333324615
-0.5000000010665469 -0.8660254031686676 -0.3333333333324615
-0.5000000008586207 -0.8660254032887136 -0.6666666666649228
-0.6091619264286877 -0.7930458671411699 -0.6666666668374304
-0.6089616978767929 -0.7931996284158318 -0.3333333334187151
-0.7933533408875659 -0.6087614282315672 -0.9999999999973843
-0.866403839934059 -0.4993439557534639 -1.000000000268051
-0.9238795328384162 -0.3826834315753297 -0.6666666666649228
-0.9238795329201985 -0.3826834313778897 -0.3333333333324614
-0.793353341255199 -0.6087614277524585 -0.3333333333324615
-0.7933533410713826 -0.6087614279920127 -0.6666666666649228
-0.8662777500287643 -0.4995626685463013 -0.6666666668453671
-0.8661516049068066 -0.4997813495093261 -0.3333333334226836
-0.9659258263996913 -0.2588190446896698 -0.9999999999973844
-0.991543433432462 -0.1297752658135 -1.000000000152264
-0.9659258265325741 -0.2588190441937446 -0.3333333333325292
-0.9659258264661328 -0.2588190444417072 -0.6666666666649568
-0.9915106393000783 -0.1300255826933671 -0.6666666667682439
-0.9914777819733628 -0.1302758912968189 -0.3333333333842238
-0.382683432535278 -0.9238795324407924 -1.666666666665795
-0.3826834327054666 -0.923879532370298 -1.33333333333159
-0.1305261923285277 -0.9914448613595293 -1.33333333333159
-0.1305261922543692 -0.9914448613692922 -1.666666666665795
-0.259062890705109 -0.965860455065592 -1.66666666666176
-0.2593067198481067 -0.9657950222700548 -1.33333333332352
-0.7071067814573246 -0.7071067809157705 -1.666666666665795
-0.7071067817281016 -0.7071067806449935 -1.33333333333159
-0.5000000004322255 -0.866025403534893 -1.33333333333159
-0.5000000002137563 -0.8660254036610264 -1.666666666665795
-0.6089616967926564 -0.7931996292481539 -1.666666666752048
-0.6091619258867251 -0.7930458675574674 -1.333333333504097
-0.923879532593069 -0.3826834321676498 -1.666666666665795
-0.9238795326748515 -0.3826834319702098 -1.33333333333159
-0.7933533407102565 -0.6087614284626414 -1.33333333333159
-0.7933533405329468 -0.6087614286937156 -1.666666666665795
-0.8661516043990185 -0.4997813503893536 -1.666666666756017
-0.8662777497749818 -0.4995626689863782 -1.333333333512034
-0.9659258263790271 -0.2588190447667899 -1.33333333333159
-0.9659258263583628 -0.2588190448439102 -1.666666666665795
-0.9914777819236722 -0.1302758916749945 -1.666666666717421
-0.9915106392752808 -0.1300255828824613 -1.333333333434843
2 22 0 55
220
221
222
2187
2188
2189
2190
2191
2192
2193
2194
2195
2196
2197
2198
2199
2200
2201
2202
2203
2204
2205
2206
2207
2208
2209
2210
2211
2212
2213
2214
2215
2216
2217
2218
2219
2220
2221
2222
2223
2224
2225
2226
2227
2228
2229
2230
2231
2232
2233
2234
2235
2236
2237
2238
-0.9238795322998038 0.3826834328756549 -0.9999999999973843
-0.7071067803742164 0.7071067819988786 -0.9999999999973843
-0.3826834317727699 0.9238795327566336 -0.9999999999973842
-0.9915434333773565 0.1297752662345316 -1.00000000030534
-0.9659258261937138 0.2588190454583883 -0.9999999999973845
-0.9238795322293094 0.3826834330458432 -0.6666666666649229
-0.9238795321588152 0.3826834332160316 -0.3333333333324615
-0.9914777818725137 0.1302758920643408 -0.333333333435249
-0.9915106392221451 0.130025583287648 -0.6666666668702952
-0.9659258261626965 0.258819045574146 -0.6666666666649568
-0.9659258261316794 0.2588190456899038 -0.3333333333325292
-0.8664038391952122 0.4993439570354257 -0.9999999999973843
-0.7933533397128609 0.6087614297624726 -0.9999999999973844
-0.7071067801034394 0.7071067822696555 -0.6666666666649229
-0.7071067798326621 0.7071067825404328 -0.3333333333324615
-0.8661516036369956 0.4997813517099863 -0.3333333333324615
-0.8662777490245519 0.4995626702876779 -0.6666666666649228
-0.7933533395197213 0.6087614300141772 -0.6666666666649228
-0.7933533393265817 0.6087614302658815 -0.3333333333324614
-0.6093621143823774 0.7928920566858003 -0.9999999999973843
-0.4999999992982149 0.8660254041896145 -0.9999999999973843
-0.3826834315753297 0.9238795328384162 -0.6666666666649228
-0.3826834313778897 0.9238795329201985 -0.3333333333324614
-0.6089616952853735 0.7931996304053374 -0.3333333333324615
-0.6091619242503719 0.7930458688143984 -0.6666666666649244
-0.499999999070365 0.8660254043211637 -0.6666666666649228
-0.4999999988425149 0.866025404452713 -0.3333333333324614
-0.2595505323139015 0.9657295279608936 -1.000000000096494
-0.1305261920081723 0.9914448614017048 -0.9999999999973843
-0.259062889918185 0.9658604552766605 -0.3333333333655659
-0.2593067193845854 0.9657950223945058 -0.6666666667310291
-0.1305261918694312 0.9914448614199705 -0.6666666666649905
-0.1305261917306903 0.9914448614382358 -0.3333333333325972
-0.9238795324407924 0.382683432535278 -1.666666666665795
-0.923879532370298 0.3826834327054666 -1.33333333333159
-0.9915106392375546 0.1300255831701443 -1.333333333536892
-0.9914777819033916 0.1302758918293412 -1.666666666768447
-0.9659258262655666 0.2588190451902309 -1.666666666665795
-0.9659258262296402 0.2588190453243097 -1.33333333333159
-0.7071067809157705 0.7071067814573246 -1.666666666665795
-0.7071067806449935 0.7071067817281016 -1.33333333333159
-0.8662777492705158 0.4995626698611589 -1.33333333333159
-0.8661516041291391 0.4997813508570715 -1.666666666665795
-0.7933533401586298 0.6087614291815352 -1.666666666665795
-0.7933533399357453 0.6087614294720038 -1.33333333333159
-0.3826834321676498 0.923879532593069 -1.666666666665795
-0.3826834319702098 0.9238795326748515 -1.33333333333159
-0.6091619247208188 0.7930458684530343 -1.33333333333159
-0.6089616962264482 0.7931996296828477 -1.666666666665795
-0.4999999997224137 0.8660254039447032 -1.666666666665795
-0.4999999995103142 0.8660254040671589 -1.33333333333159
-0.2593067197096244 0.9657950223072358 -1.333333333397662
-0.2590628905683068 0.9658604551022851 -1.666666666698831
-0.1305261921088534 0.9914448613884499 -1.666666666665795
-0.1305261920585128 0.9914448613950775 -1.33333333333159
3 1 0 605
223
224
225
226
227
228
229
230
231
2239
2240
2241
2242
2243
2244
2245
2246
2247
2248
2249
2250
2251
2252
2253
2254
2255
2256
2257
2258
2259
2260
2261
2262
2263
2264
2265
2266
2267
2268
2269
2270
2271
2272
2273
2274
2275
2276
2277
2278
2279
2280
2281
2282
2283
2284
2285
2286
2287
2288
2289
2290
2291
2292
2293
2294
2295
2296
2297
2298
2299
2300
2301
2302
2303
2304
2305
2306
2307
2308
2309
2310
2311
2312
2313
2314
2315
2316
2317
2318
2319
2320
2321
2322
2323
2324
2325
2326
2327
2328
2329
2330
2331
2332
2333
2334
2335
2336
2337
2338
2339
2340
2341
2342
2343
2344
2345
2346
2347
2348
2349
2350
2351
2352
2353
2354
2355
2356
2357
2358
2359
2360
2361
2362
2363
2364
2365
2366
2367
2368
2369
2370
2371
2372
2373
2374
2375
2376
2377
2378
2379
2380
2381
2382
2383
2384
2385
2386
2387
2388
2389
2390
2391
2392
2393
2394
2395
2396
2397
2398
2399
2400
2401
2402
2403
2404
2405
2406
2407
2408
2409
2410
2411
2412
2413
2414
2415
2416
2417
2418
2419
2420
2421
2422
2423
2424
2425
2426
2427
2428
2429
2430
2431
2432
2433
2434
2435
2436
2437
2438
2439
2440
2441
2442
2443
2444
2445
2446
2447
2448
2449
2450
2451
2452
2453
2454
2455
2456
2457
2458
2459
2460
2461
2462
2463
2464
2465
2466
2467
2468
2469
2470
2471
2472
2473
2474
2475
2476
2477
2478
2479
2480
2481
2482
2483
2484
2485
2486
2487
2488
2489
2490
2491
2492
2493
2494
2495
2496
2497
2498
2499
2500
2501
2502
2503
2504
2505
2506
2507
2508
2509
2510
2511
2512
2513
2514
2515
2516
2517
2518
2519
2520
2521
2522
2523
2524
2525
2526
2527
2528
2529
2530
2531
2532
2533
2534
2535
2536
2537
2538
2539
2540
2541
2542
2543
2544
2545
2546
2547
2548
2549
2550
2551
2552
2553
2554
2555
2556
2557
2558
2559
2560
2561
2562
2563
2564
2565
2566
2567
2568
2569
2570
2571
2572
2573
2574
2575
2576
2577
2578
2579
2580
2581
2582
2583
2584
2585
2586
2587
2588
2589
2590
2591
2592
2593
2594
2595
2596
2597
2598
2599
2600
2601
2602
2603
2604
2605
2606
2607
2608
2609
2610
2611
2612
2613
2614
2615
2616
2617
2618
2619
2620
2621
2622
2623
2624
2625
2626
2627
2628
2629
2630
2631
2632
2633
2634
2635
2636
2637
2638
2639
2640
2641
2642
2643
2644
2645
2646
2647
2648
2649
2650
2651
2652
2653
2654
2655
2656
2657
2658
2659
2660
2661
2662
2663
2664
2665
2666
2667
2668
2669
2670
2671
2672
2673
2674
2675
2676
2677
2678
2679
2680
2681
2682
2683
2684
2685
2686
2687
2688
2689
2690
2691
2692
2693
2694
2695
2696
2697
2698
2699
2700
2701
2702
2703
2704
2705
2706
2707
2708
2709
2710
2711
2712
2713
2714
2715
2716
2717
2718
2719
2720
2721
2722
2723
2724
2725
2726
2727
2728
2729
2730
2731
2732
2733
2734
2735
2736
2737
2738
2739
2740
2741
2742
2743
2744
2745
2746
2747
2748
2749
2750
2751
2752
2753
2754
2755
2756
2757
2758
2759
2760
2761
2762
2763
2764
2765
2766
2767
2768
2769
2770
2771
2772
2773
2774
2775
2776
2777
2778
2779
2780
2781
2782
2783
2784
2785
2786
2787
2788
2789
2790
2791
2792
2793
2794
2795
2796
2797
2798
2799
2800
2801
2802
2803
2804
2805
2806
2807
2808
2809
2810
2811
2812
2813
2814
2815
2816
2817
2818
2819
2820
2821
2822
2823
2824
2825
2826
2827
2828
2829
2830
2831
2832
2833
2834
-1.64625257870199e-13 0.2499999999999042 -0.9999999999973844
-0.1250000000001626 0.1249999999997417 -0.9999999999973844
-0.2499999999999042 -1.646530134458146e-13 -0.9999999999973845
0.1249999999997418 0.1250000000001626 -0.9999999999973849
6.938893903907228e-18 2.775557561562891e-17 -0.9999999999973844
-0.1249999999997417 -0.1250000000001626 -0.9999999999973845
0.2499999999999043 1.646391356580068e-13 -0.9999999999973843
0.1250000000001626 -0.1249999999997417 -0.9999999999973845
1.646530134458146e-13 -0.2499999999999042 -0.9999999999973844
0.0833333333332006 0.3333333333333793 -0.9999999999973843
0.04166666666651798 0.2916666666666418 -0.9999999999973843
-0.08333333333352988 0.3333333333331597 -0.9999999999973845
-0.04166666666684726 0.291666666666532 -0.9999999999973844
-2.194957178976627e-13 0.2499999999998724 -0.666666666664923
-2.743661779251265e-13 0.2499999999998405 -0.3333333333324615
-9.14823772291129e-14 0.4166666666666347 -0.9999999999973843
0.04166666666655456 0.375000000000007 -0.9999999999973843
-1.463378029864515e-13 0.3333333333332695 -0.9999999999973841
-0.04166666666681067 0.3749999999998972 -0.9999999999973843
0.08333333333315639 0.3333333333333947 -0.6666666666649228
0.0833333333331121 0.33333333333341 -0.3333333333324614
0.04166666666641887 0.2916666666666252 -0.3333333333324614
0.04166666666646844 0.2916666666666335 -0.6666666666649228
-0.08333333333366087 0.3333333333330441 -0.3333333333324615
-0.08333333333359536 0.3333333333331019 -0.666666666664923
-0.04166666666690743 0.2916666666664872 -0.6666666666649229
-0.04166666666696762 0.2916666666664423 -0.3333333333324615
-1.466118892956558e-13 0.4166666666666075 -0.3333333333325518
-1.190124387928648e-13 0.416666666666621 -0.6666666666649678
0.04166666666652311 0.3750000000000034 -0.6666666666649452
0.04166666666649163 0.375 -0.3333333333325065
-0.04166666666690372 0.3749999999998259 -0.3333333333325065
-0.0416666666668572 0.3749999999998617 -0.6666666666649455
-1.921761361156626e-13 0.3333333333332454 -0.6666666666649337
-2.37997122010114e-13 0.3333333333332211 -0.3333333333324837
-0.04166666666683062 0.2083333333331834 -0.9999999999973845
-0.0833333333334966 0.1666666666664625 -0.9999999999973844
-0.2083333333336681 0.2083333333329667 -0.9999999999973845
-0.1666666666669153 0.1666666666663542 -0.9999999999973844
-0.1250000000002168 0.1249999999996557 -0.666666666664923
-0.125000000000271 0.1249999999995696 -0.3333333333324615
-0.1250000000002426 0.2916666666664287 -0.9999999999973845
-0.08333333333353662 0.249999999999806 -0.9999999999973845
-0.125000000000226 0.2083333333330801 -0.9999999999973843
-0.1666666666669553 0.2499999999996977 -0.9999999999973843
-0.04166666666688526 0.2083333333331335 -0.6666666666649232
-0.0416666666669399 0.2083333333330835 -0.3333333333324616
-0.08333333333360543 0.1666666666663266 -0.3333333333324615
-0.08333333333355103 0.1666666666663946 -0.666666666664923
-0.2083333333338912 0.2083333333327223 -0.3333333333324615
-0.2083333333337797 0.2083333333328445 -0.6666666666649229
-0.1666666666669983 0.1666666666662501 -0.6666666666649228
-0.1666666666670811 0.166666666666146 -0.3333333333324614
-0.1250000000004043 0.2916666666662699 -0.3333333333324614
-0.1250000000003235 0.2916666666663495 -0.6666666666649229
-0.08333333333360439 0.2499999999997414 -0.666666666664923
-0.08333333333367213 0.2499999999996769 -0.3333333333324615
-0.1666666666671478 0.2499999999994962 -0.3333333333324614
-0.1666666666670514 0.249999999999597 -0.6666666666649228
-0.1250000000003013 0.2083333333329957 -0.6666666666649228
-0.1250000000003766 0.2083333333329113 -0.3333333333324614
-0.1666666666667432 0.08333333333310626 -0.9999999999973845
-0.2083333333333237 0.04166666666647081 -0.9999999999973845
-0.3333333333333793 0.08333333333320059 -0.9999999999973844
-0.2916666666666418 0.04166666666651797 -0.9999999999973845
-0.2499999999998724 -2.195188475440091e-13 -0.6666666666649231
-0.2499999999998405 -2.743846816422035e-13 -0.3333333333324616
-0.2500000000002385 0.166666666666378 -0.9999999999973845
-0.2083333333334908 0.1249999999997422 -0.9999999999973845
-0.2500000000000663 0.08333333333313005 -0.9999999999973845
-0.2916666666668089 0.1249999999997893 -0.9999999999973845
-0.1666666666667687 0.08333333333303061 -0.6666666666649231
-0.1666666666667942 0.08333333333295494 -0.3333333333324616
-0.2083333333333174 0.04166666666634028 -0.3333333333324615
-0.2083333333333205 0.04166666666640555 -0.666666666664923
-0.33333333333341 0.08333333333311209 -0.3333333333324615
-0.3333333333333947 0.08333333333315639 -0.6666666666649229
-0.2916666666666335 0.04166666666646843 -0.666666666664923
-0.2916666666666253 0.04166666666641886 -0.3333333333324615
-0.2500000000004096 0.1666666666661734 -0.3333333333324615
-0.2500000000003241 0.1666666666662757 -0.666666666664923
-0.2083333333335464 0.1249999999996532 -0.6666666666649228
-0.2083333333336019 0.1249999999995642 -0.3333333333324614
-0.2916666666669077 0.1249999999996448 -0.3333333333324613
-0.2916666666668584 0.1249999999997171 -0.6666666666649228
-0.2500000000000895 0.08333333333306127 -0.666666666664923
-0.2500000000001126 0.0833333333329925 -0.3333333333324615
-0.291666666666532 -0.04166666666684726 -0.9999999999973845
-0.3333333333331597 -0.08333333333352988 -0.9999999999973845
-0.375000000000007 0.04166666666655456 -0.9999999999973843
-0.3333333333332695 -1.463412724334034e-13 -0.9999999999973845
-0.3749999999998973 -0.04166666666681066 -0.9999999999973843
-0.4166666666666347 -9.147890778216095e-14 -0.9999999999973843
-0.2916666666664872 -0.04166666666690744 -0.6666666666649231
-0.2916666666664424 -0.04166666666696762 -0.3333333333324616
-0.3333333333330442 -0.08333333333366087 -0.3333333333324616
-0.3333333333331019 -0.08333333333359536 -0.6666666666649232
-0.375 0.04166666666649163 -0.3333333333325067
-0.3750000000000034 0.0416666666665231 -0.6666666666649455
-0.3333333333332452 -1.921761361156626e-13 -0.6666666666649343
-0.3333333333332212 -2.379901831162101e-13 -0.333333333332484
-0.4166666666666076 -1.466084198487039e-13 -0.3333333333325519
-0.4166666666666212 -1.189881526642012e-13 -0.6666666666649681
-0.3749999999998616 -0.04166666666685721 -0.6666666666649452
-0.3749999999998259 -0.04166666666690371 -0.3333333333325066
0.2083333333329667 0.2083333333336681 -0.9999999999973846
0.1666666666663542 0.1666666666669154 -0.9999999999973848
0.04166666666647083 0.2083333333333237 -0.9999999999973846
0.0833333333331063 0.1666666666667432 -0.9999999999973848
0.1249999999996557 0.1250000000002168 -0.6666666666649234
0.1249999999995696 0.125000000000271 -0.3333333333324617
0.1249999999997893 0.2916666666668088 -0.9999999999973843
0.166666666666378 0.2500000000002385 -0.9999999999973845
0.1249999999997422 0.2083333333334908 -0.9999999999973845
0.08333333333313006 0.2500000000000663 -0.9999999999973845
0.2083333333328445 0.2083333333337797 -0.666666666664923
0.2083333333327223 0.2083333333338912 -0.3333333333324615
0.166666666666146 0.1666666666670811 -0.3333333333324616
0.1666666666662501 0.1666666666669983 -0.6666666666649232
0.0416666666663403 0.2083333333333174 -0.3333333333324616
0.04166666666640557 0.2083333333333205 -0.6666666666649232
0.08333333333303064 0.1666666666667687 -0.6666666666649232
0.08333333333295495 0.1666666666667942 -0.3333333333324616
0.1249999999996447 0.2916666666669079 -0.3333333333324613
0.1249999999997171 0.2916666666668584 -0.6666666666649226
0.1666666666662758 0.2500000000003242 -0.666666666664923
0.1666666666661734 0.2500000000004097 -0.3333333333324615
0.08333333333299252 0.2500000000001126 -0.3333333333324615
0.08333333333306131 0.2500000000000894 -0.666666666664923
0.1249999999996532 0.2083333333335463 -0.6666666666649232
0.1249999999995642 0.2083333333336019 -0.3333333333324616
0.08333333333316119 0.08333333333344178 -0.9999999999973848
0.0416666666665806 0.04166666666672091 -0.9999999999973845
-0.08333333333344174 0.08333333333316116 -0.9999999999973845
-0.04166666666672086 0.04166666666658059 -0.9999999999973844
7.703719777548943e-34 2.775557561562891e-17 -0.666666666664923
-6.938893903907228e-18 2.775557561562891e-17 -0.3333333333324615
-1.666895788066114e-13 0.1666666666666029 -0.9999999999973848
0.04166666666649726 0.1250000000000223 -0.9999999999973845
-1.118063974736572e-13 0.08333333333330147 -0.9999999999973845
-0.04166666666680421 0.124999999999882 -0.9999999999973845
0.0833333333331038 0.08333333333347792 -0.6666666666649232
0.08333333333304641 0.08333333333351405 -0.3333333333324616
0.04166666666652321 0.04166666666675703 -0.3333333333324616
0.04166666666655191 0.04166666666673897 -0.6666666666649231
-0.08333333333351399 0.08333333333304643 -0.3333333333324615
-0.08333333333347789 0.0833333333331038 -0.666666666664923
-0.04166666666673894 0.04166666666655191 -0.6666666666649229
-0.04166666666675699 0.04166666666652322 -0.3333333333324615
-2.777951479959739e-13 0.1666666666665604 -0.3333333333324616
-2.222493022951966e-13 0.1666666666665817 -0.6666666666649232
0.04166666666644078 0.1250000000000298 -0.6666666666649232
0.04166666666638431 0.1250000000000373 -0.3333333333324616
-0.04166666666689588 0.1249999999998035 -0.3333333333324615
-0.04166666666685008 0.1249999999998427 -0.666666666664923
-1.490786660784948e-13 0.08333333333329088 -0.666666666664923
-1.863439957894286e-13 0.08333333333328026 -0.3333333333324615
-0.04166666666658055 -0.04166666666672084 -0.9999999999973845
-0.08333333333316112 -0.08333333333344171 -0.9999999999973845
-0.2083333333331834 -0.04166666666683063 -0.9999999999973846
-0.1666666666664625 -0.08333333333349661 -0.9999999999973845
-0.1249999999996557 -0.1250000000002168 -0.6666666666649231
-0.1249999999995696 -0.125000000000271 -0.3333333333324616
-0.1250000000000223 0.04166666666649724 -0.9999999999973848
-0.08333333333330142 -1.118063974736572e-13 -0.9999999999973845
-0.124999999999882 -0.0416666666668042 -0.9999999999973845
-0.1666666666666028 -1.666930482535633e-13 -0.9999999999973846
-0.04166666666655187 -0.04166666666673892 -0.6666666666649231
-0.0416666666665232 -0.04166666666675696 -0.3333333333324616
-0.08333333333304639 -0.08333333333351395 -0.3333333333324615
-0.08333333333310375 -0.08333333333347785 -0.666666666664923
-0.2083333333330836 -0.04166666666693992 -0.3333333333324616
-0.2083333333331335 -0.04166666666688528 -0.6666666666649231
-0.1666666666663946 -0.08333333333355104 -0.6666666666649231
-0.1666666666663266 -0.08333333333360546 -0.3333333333324616
-0.1250000000000372 0.04166666666638431 -0.3333333333324615
-0.1250000000000298 0.04166666666644079 -0.666666666664923
-0.08333333333329081 -1.490856049723988e-13 -0.6666666666649231
-0.0833333333332802 -1.863335874485728e-13 -0.3333333333324616
-0.1666666666665604 -2.7778820910207e-13 -0.3333333333324615
-0.1666666666665816 -2.222493022951966e-13 -0.666666666664923
-0.1249999999998427 -0.04166666666685005 -0.666666666664923
-0.1249999999998034 -0.04166666666689586 -0.3333333333324615
-0.1666666666663542 -0.1666666666669153 -0.9999999999973845
-0.2083333333329667 -0.2083333333336681 -0.9999999999973845
-0.249999999999806 -0.08333333333353662 -0.9999999999973845
-0.2083333333330801 -0.125000000000226 -0.9999999999973845
-0.2499999999996977 -0.1666666666669553 -0.9999999999973843
-0.2916666666664287 -0.1250000000002426 -0.9999999999973844
-0.1666666666662501 -0.1666666666669983 -0.666666666664923
-0.166666666666146 -0.1666666666670811 -0.3333333333324615
-0.2083333333327223 -0.2083333333338912 -0.3333333333324615
-0.2083333333328445 -0.2083333333337797 -0.666666666664923
-0.2499999999996769 -0.08333333333367213 -0.3333333333324615
-0.2499999999997414 -0.08333333333360439 -0.6666666666649231
-0.2083333333329958 -0.1250000000003012 -0.6666666666649231
-0.2083333333329114 -0.1250000000003766 -0.3333333333324616
-0.2916666666662701 -0.1250000000004043 -0.3333333333324614
-0.2916666666663493 -0.1250000000003234 -0.666666666664923
-0.249999999999597 -0.1666666666670515 -0.6666666666649228
-0.2499999999994963 -0.1666666666671478 -0.3333333333324614
0.3333333333331598 0.08333333333352988 -0.9999999999973844
0.2916666666665321 0.04166666666684726 -0.9999999999973843
0.1666666666664626 0.08333333333349666 -0.9999999999973848
0.2083333333331835 0.04166666666683064 -0.9999999999973845
0.2499999999998725 2.195049697562013e-13 -0.6666666666649229
0.2499999999998406 2.743708038543957e-13 -0.3333333333324615
0.2499999999996978 0.1666666666669554 -0.9999999999973844
0.2916666666664288 0.1250000000002426 -0.9999999999973843
0.2499999999998061 0.08333333333353664 -0.9999999999973844
0.2083333333330802 0.125000000000226 -0.9999999999973845
0.3333333333331019 0.08333333333359536 -0.666666666664923
0.3333333333330442 0.08333333333366086 -0.3333333333324615
0.2916666666664424 0.04166666666696761 -0.3333333333324614
0.2916666666664873 0.04166666666690744 -0.6666666666649228
0.1666666666663266 0.08333333333360547 -0.3333333333324616
0.1666666666663946 0.08333333333355107 -0.6666666666649232
0.2083333333331336 0.04166666666688528 -0.666666666664923
0.2083333333330837 0.04166666666693991 -0.3333333333324615
0.2499999999994961 0.1666666666671478 -0.3333333333324615
0.2499999999995971 0.1666666666670516 -0.6666666666649229
0.2916666666663493 0.1250000000003235 -0.6666666666649227
0.2916666666662702 0.1250000000004043 -0.3333333333324613
0.2083333333329115 0.1250000000003766 -0.3333333333324615
0.2083333333329958 0.1250000000003013 -0.666666666664923
0.2499999999997416 0.08333333333360435 -0.6666666666649228
0.2499999999996768 0.08333333333367215 -0.3333333333324614
0.2083333333333238 -0.04166666666647081 -0.9999999999973844
0.1666666666667432 -0.08333333333310625 -0.9999999999973845
0.04166666666672087 -0.04166666666658055 -0.9999999999973845
0.08333333333344173 -0.08333333333316112 -0.9999999999973845
0.1250000000002168 -0.1249999999996557 -0.6666666666649231
0.1250000000002709 -0.1249999999995696 -0.3333333333324616
0.1249999999998821 0.04166666666680426 -0.9999999999973848
0.1666666666666029 1.667277427230829e-13 -0.9999999999973846
0.1250000000000223 -0.04166666666649719 -0.9999999999973845
0.08333333333330148 1.118619086248884e-13 -0.9999999999973846
0.2083333333333206 -0.04166666666640555 -0.666666666664923
0.2083333333333174 -0.04166666666634029 -0.3333333333324615
0.1666666666667942 -0.08333333333295495 -0.3333333333324616
0.1666666666667687 -0.0833333333330306 -0.6666666666649232
0.04166666666675698 -0.04166666666652319 -0.3333333333324616
0.04166666666673893 -0.04166666666655187 -0.6666666666649231
0.08333333333347784 -0.08333333333310375 -0.666666666664923
0.08333333333351398 -0.08333333333304641 -0.3333333333324615
0.1249999999998034 0.04166666666689599 -0.3333333333324616
0.1249999999998427 0.04166666666685015 -0.6666666666649231
0.1666666666665817 2.22294405105572e-13 -0.6666666666649231
0.1666666666665604 2.778333119124454e-13 -0.3333333333324616
0.08333333333328019 1.863856291528521e-13 -0.3333333333324616
0.08333333333329082 1.491202994419183e-13 -0.6666666666649232
0.1250000000000298 -0.04166666666644075 -0.6666666666649231
0.1250000000000372 -0.04166666666638428 -0.3333333333324616
0.08333333333349663 -0.1666666666664625 -0.9999999999973845
0.04166666666683064 -0.2083333333331834 -0.9999999999973845
-0.08333333333310625 -0.1666666666667431 -0.9999999999973845
-0.0416666666664708 -0.2083333333333237 -0.9999999999973845
2.195188475440091e-13 -0.2499999999998724 -0.666666666664923
2.743846816422035e-13 -0.2499999999998405 -0.3333333333324615
1.118410919431767e-13 -0.0833333333333014 -0.9999999999973846
0.04166666666680424 -0.124999999999882 -0.9999999999973845
1.667138649352751e-13 -0.1666666666666028 -0.9999999999973845
-0.0416666666664972 -0.1250000000000223 -0.9999999999973846
0.08333333333355102 -0.1666666666663946 -0.6666666666649231
0.08333333333360543 -0.1666666666663266 -0.3333333333324616
0.04166666666693991 -0.2083333333330836 -0.3333333333324616
0.04166666666688527 -0.2083333333331335 -0.6666666666649232
-0.08333333333295492 -0.1666666666667942 -0.3333333333324616
-0.0833333333330306 -0.1666666666667687 -0.6666666666649231
-0.04166666666640554 -0.2083333333333205 -0.666666666664923
-0.04166666666634028 -0.2083333333333173 -0.3333333333324615
1.863474652363806e-13 -0.08333333333328016 -0.3333333333324615
1.490960133132546e-13 -0.08333333333329081 -0.666666666664923
0.04166666666685006 -0.1249999999998427 -0.666666666664923
0.0416666666668959 -0.1249999999998034 -0.3333333333324615
-0.04166666666638428 -0.1250000000000371 -0.3333333333324616
-0.04166666666644073 -0.1250000000000296 -0.6666666666649231
2.222597106360524e-13 -0.1666666666665816 -0.6666666666649231
2.778055563368298e-13 -0.1666666666665603 -0.3333333333324616
-0.04166666666651796 -0.2916666666666418 -0.9999999999973844
-0.08333333333320057 -0.3333333333333792 -0.9999999999973843
-0.1249999999997421 -0.2083333333334908 -0.9999999999973845
-0.08333333333313003 -0.2500000000000663 -0.9999999999973845
-0.1249999999997893 -0.2916666666668088 -0.9999999999973843
-0.166666666666378 -0.2500000000002385 -0.9999999999973843
-0.04166666666646843 -0.2916666666666335 -0.666666666664923
-0.04166666666641886 -0.2916666666666253 -0.3333333333324615
-0.08333333333311209 -0.33333333333341 -0.3333333333324614
-0.08333333333315636 -0.3333333333333946 -0.6666666666649228
-0.1249999999995642 -0.2083333333336019 -0.3333333333324615
-0.1249999999996532 -0.2083333333335464 -0.6666666666649229
-0.08333333333306128 -0.2500000000000894 -0.6666666666649229
-0.0833333333329925 -0.2500000000001126 -0.3333333333324614
-0.1666666666661735 -0.2500000000004096 -0.3333333333324614
-0.1666666666662758 -0.250000000000324 -0.6666666666649228
-0.124999999999717 -0.2916666666668583 -0.6666666666649225
-0.1249999999996447 -0.2916666666669078 -0.3333333333324612
0.2916666666666418 -0.04166666666651797 -0.9999999999973843
0.3333333333333793 -0.08333333333320057 -0.9999999999973843
0.3749999999998973 0.04166666666681067 -0.9999999999973842
0.4166666666666347 9.149278556996876e-14 -0.9999999999973843
0.375000000000007 -0.04166666666655453 -0.9999999999973843
0.3333333333332696 1.463516807742593e-13 -0.9999999999973843
0.2916666666666253 -0.04166666666641887 -0.3333333333324614
0.2916666666666336 -0.04166666666646844 -0.6666666666649228
0.3333333333333947 -0.08333333333315637 -0.6666666666649228
0.33333333333341 -0.08333333333311209 -0.3333333333324614
0.3749999999998259 0.04166666666690374 -0.3333333333325067
0.3749999999998614 0.04166666666685724 -0.6666666666649455
0.4166666666666212 1.190332554745765e-13 -0.6666666666649678
0.4166666666666077 1.466118892956558e-13 -0.3333333333325518
0.3333333333332213 2.380075303509699e-13 -0.333333333332484
0.3333333333332454 1.921830750095666e-13 -0.666666666664934
0.3750000000000037 -0.04166666666652306 -0.6666666666649451
0.3749999999999999 -0.04166666666649159 -0.3333333333325066
0.1666666666669153 -0.1666666666663542 -0.9999999999973845
0.2083333333336681 -0.2083333333329667 -0.9999999999973845
0.2500000000000664 -0.08333333333313005 -0.9999999999973843
0.2916666666668089 -0.1249999999997893 -0.9999999999973843
0.2500000000002384 -0.1666666666663779 -0.9999999999973843
0.2083333333334908 -0.1249999999997421 -0.9999999999973845
0.1666666666670811 -0.166666666666146 -0.3333333333324615
0.1666666666669982 -0.1666666666662501 -0.666666666664923
0.2083333333337797 -0.2083333333328444 -0.6666666666649229
0.2083333333338912 -0.2083333333327223 -0.3333333333324615
0.2500000000001126 -0.0833333333329925 -0.3333333333324613
0.2500000000000895 -0.08333333333306132 -0.6666666666649227
0.2916666666668584 -0.1249999999997169 -0.6666666666649227
0.2916666666669078 -0.1249999999996447 -0.3333333333324613
0.2083333333336019 -0.1249999999995642 -0.3333333333324616
0.2083333333335463 -0.1249999999996532 -0.6666666666649231
0.250000000000324 -0.1666666666662757 -0.6666666666649226
0.2500000000004096 -0.1666666666661734 -0.3333333333324613
0.04166666666684726 -0.291666666666532 -0.9999999999973845
0.08333333333352988 -0.3333333333331597 -0.9999999999973844
0.125000000000226 -0.2083333333330802 -0.9999999999973845
0.1666666666669554 -0.2499999999996977 -0.9999999999973843
0.1250000000002426 -0.2916666666664287 -0.9999999999973843
0.08333333333353664 -0.2499999999998061 -0.9999999999973845
0.04166666666696762 -0.2916666666664423 -0.3333333333324615
0.04166666666690743 -0.2916666666664872 -0.666666666664923
0.08333333333359536 -0.3333333333331019 -0.6666666666649229
0.08333333333366087 -0.333333333333044 -0.3333333333324615
0.1250000000003766 -0.2083333333329114 -0.3333333333324614
0.1250000000003012 -0.2083333333329958 -0.6666666666649228
0.1666666666670515 -0.2499999999995969 -0.6666666666649228
0.1666666666671478 -0.2499999999994962 -0.3333333333324614
0.08333333333367213 -0.2499999999996768 -0.3333333333324615
0.08333333333360435 -0.2499999999997414 -0.6666666666649231
0.1250000000003235 -0.2916666666663494 -0.6666666666649228
0.1250000000004043 -0.2916666666662702 -0.3333333333324613
1.463482113273074e-13 -0.3333333333332695 -0.9999999999973844
0.04166666666681067 -0.3749999999998972 -0.9999999999973843
9.148931612301681e-14 -0.4166666666666347 -0.9999999999973843
-0.04166666666655454 -0.375000000000007 -0.9999999999973843
2.380075303509699e-13 -0.3333333333332212 -0.3333333333324839
1.921900139034705e-13 -0.3333333333332453 -0.6666666666649341
0.04166666666685723 -0.3749999999998616 -0.6666666666649457
0.04166666666690373 -0.3749999999998258 -0.3333333333325067
-0.04166666666649156 -0.375 -0.3333333333325065
-0.04166666666652305 -0.3750000000000034 -0.666666666664945
1.190332554745765e-13 -0.4166666666666213 -0.6666666666649678
1.466257670834636e-13 -0.4166666666666076 -0.3333333333325518
-5.4875085956733e-14 0.2499999999999681 -1.666666666665795
-1.09750171913466e-13 0.2499999999999361 -1.33333333333159
0.08333333333328911 0.3333333333333486 -1.666666666665795
0.08333333333324483 0.333333333333364 -1.333333333331589
0.04166666666656754 0.29166666666665 -1.33333333333159
0.04166666666661711 0.2916666666666584 -1.666666666665795
-0.08333333333346435 0.3333333333332176 -1.33333333333159
-0.08333333333339885 0.3333333333332754 -1.666666666665795
-0.04166666666672686 0.2916666666666218 -1.666666666665795
-0.04166666666678706 0.2916666666665769 -1.33333333333159
-5.852263118555356e-14 0.4166666666666429 -1.333333333331589
-2.54900267560032e-14 0.4166666666666508 -1.666666666665795
0.04166666666662945 0.3750000000000021 -1.666666666665795
0.04166666666659197 0.3750000000000046 -1.333333333331589
-0.0416666666667614 0.3749999999999303 -1.33333333333159
-0.04166666666671216 0.3749999999999632 -1.666666666665795
-4.870409631152484e-14 0.3333333333333119 -1.666666666665795
-9.752615381941609e-14 0.3333333333332906 -1.333333333331589
-0.1250000000000542 0.1249999999999139 -1.666666666665795
-0.1250000000001084 0.1249999999998278 -1.33333333333159
-0.04166666666672132 0.2083333333332834 -1.666666666665795
-0.04166666666677597 0.2083333333332333 -1.33333333333159
-0.08333333333344219 0.1666666666665306 -1.33333333333159
-0.08333333333338776 0.1666666666665986 -1.666666666665795
-0.2083333333335565 0.2083333333330889 -1.33333333333159
-0.2083333333334449 0.2083333333332111 -1.666666666665795
-0.1666666666667496 0.1666666666665625 -1.666666666665795
-0.1666666666668325 0.1666666666664584 -1.33333333333159
-0.1250000000001617 0.2916666666665082 -1.333333333331589
-0.1250000000000809 0.2916666666665874 -1.666666666665794
-0.08333333333340112 0.2499999999999353 -1.666666666665795
-0.08333333333346886 0.2499999999998706 -1.33333333333159
-0.1666666666668591 0.2499999999997985 -1.33333333333159
-0.1666666666667628 0.2499999999998992 -1.666666666665795
-0.1250000000000753 0.2083333333332489 -1.666666666665795
-0.1250000000001507 0.2083333333331645 -1.33333333333159
-0.2499999999999681 -5.488433781527154e-14 -1.666666666665795
-0.2499999999999362 -1.097686756305431e-13 -1.33333333333159
-0.1666666666666922 0.08333333333325765 -1.666666666665795
-0.1666666666667176 0.08333333333318196 -1.33333333333159
-0.2083333333333269 0.0416666666665361 -1.33333333333159
-0.2083333333333301 0.04166666666660138 -1.666666666665795
-0.333333333333364 0.08333333333324483 -1.33333333333159
-0.3333333333333486 0.0833333333332891 -1.666666666665795
-0.2916666666666584 0.04166666666661711 -1.666666666665795
-0.2916666666666501 0.04166666666656753 -1.33333333333159
-0.2500000000001463 0.1666666666664871 -1.33333333333159
-0.250000000000054 0.1666666666665958 -1.666666666665794
-0.208333333333373 0.1249999999999268 -1.666666666665795
-0.208333333333432 0.1249999999998345 -1.33333333333159
-0.2916666666667432 0.1249999999998778 -1.33333333333159
-0.2916666666666775 0.1249999999999662 -1.666666666665795
-0.2500000000000038 0.08333333333328379 -1.666666666665795
-0.2500000000000351 0.08333333333320694 -1.33333333333159
-0.2916666666666218 -0.04166666666672687 -1.666666666665795
-0.2916666666665769 -0.04166666666678705 -1.33333333333159
-0.3333333333332176 -0.08333333333346436 -1.33333333333159
-0.3333333333332754 -0.08333333333339885 -1.666666666665795
-0.3750000000000046 0.04166666666659202 -1.333333333331589
-0.3750000000000023 0.04166666666662944 -1.666666666665795
-0.3333333333333118 -4.870756575847679e-14 -1.666666666665795
-0.3333333333332907 -9.751574547856023e-14 -1.333333333331589
-0.4166666666666429 -5.850875339774575e-14 -1.33333333333159
-0.4166666666666509 -2.549696564990711e-14 -1.666666666665795
-0.374999999999963 -0.04166666666671217 -1.666666666665795
-0.3749999999999303 -0.04166666666676137 -1.33333333333159
0.1249999999999139 0.1250000000000542 -1.666666666665795
0.1249999999998278 0.1250000000001084 -1.33333333333159
0.2083333333332111 0.2083333333334449 -1.666666666665795
0.2083333333330889 0.2083333333335565 -1.33333333333159
0.1666666666664584 0.1666666666668324 -1.33333333333159
0.1666666666665625 0.1666666666667496 -1.666666666665795
0.04166666666653612 0.2083333333333269 -1.33333333333159
0.04166666666660139 0.2083333333333302 -1.666666666665795
0.08333333333325767 0.1666666666666922 -1.666666666665795
0.08333333333318196 0.1666666666667177 -1.33333333333159
0.1249999999998778 0.2916666666667432 -1.333333333331589
0.1249999999999662 0.2916666666666776 -1.666666666665795
0.1666666666665959 0.2500000000000539 -1.666666666665795
0.1666666666664869 0.2500000000001463 -1.333333333331589
0.08333333333320689 0.2500000000000351 -1.33333333333159
0.0833333333332838 0.2500000000000039 -1.666666666665795
0.1249999999999268 0.2083333333333731 -1.666666666665795
0.1249999999998344 0.2083333333334319 -1.33333333333159
2.312964634635743e-18 9.251858538542971e-18 -1.666666666665795
4.625929269271485e-18 1.850371707708594e-17 -1.33333333333159
0.08333333333327596 0.08333333333336949 -1.666666666665795
0.08333333333321857 0.08333333333340563 -1.33333333333159
0.04166666666660929 0.04166666666670282 -1.33333333333159
0.04166666666663799 0.04166666666668475 -1.666666666665795
-0.08333333333340562 0.08333333333321857 -1.33333333333159
-0.08333333333336947 0.08333333333327594 -1.666666666665795
-0.04166666666668473 0.04166666666663797 -1.666666666665795
-0.04166666666670281 0.04166666666660929 -1.33333333333159
-1.111298553180262e-13 0.1666666666666241 -1.33333333333159
-5.556666238248908e-14 0.1666666666666454 -1.666666666665794
0.04166666666661018 0.1250000000000074 -1.666666666665795
0.04166666666655373 0.1250000000000149 -1.33333333333159
-0.04166666666675836 0.1249999999999214 -1.33333333333159
-0.0416666666667125 0.1249999999999607 -1.666666666665795
-3.725839081702986e-14 0.08333333333332274 -1.666666666665795
-7.454800665662731e-14 0.08333333333331211 -1.33333333333159
-0.1249999999999139 -0.1250000000000542 -1.666666666665795
-0.1249999999998278 -0.1250000000001084 -1.33333333333159
-0.04166666666663796 -0.04166666666668473 -1.666666666665795
-0.04166666666660926 -0.04166666666670279 -1.33333333333159
-0.0833333333332185 -0.0833333333334056 -1.33333333333159
-0.08333333333327593 -0.08333333333336945 -1.666666666665795
-0.2083333333332334 -0.04166666666677598 -1.33333333333159
-0.2083333333332834 -0.04166666666672132 -1.666666666665795
-0.1666666666665986 -0.08333333333338777 -1.666666666665795
-0.1666666666665306 -0.0833333333334422 -1.33333333333159
-0.1250000000000149 0.04166666666655379 -1.33333333333159
-0.1250000000000074 0.04166666666661022 -1.666666666665794
-0.0833333333333227 -3.725492137007791e-14 -1.666666666665794
-0.08333333333331205 -7.453412886881949e-14 -1.333333333331589
-0.1666666666666241 -1.111020997424106e-13 -1.33333333333159
-0.1666666666666453 -5.554584570077736e-14 -1.666666666665795
-0.1249999999999607 -0.04166666666671248 -1.666666666665795
-0.1249999999999213 -0.04166666666675836 -1.33333333333159
-0.1666666666665625 -0.1666666666667496 -1.666666666665795
-0.1666666666664583 -0.1666666666668324 -1.33333333333159
-0.2083333333330888 -0.2083333333335565 -1.33333333333159
-0.2083333333332111 -0.2083333333334449 -1.666666666665795
-0.2499999999998707 -0.08333333333346882 -1.333333333331589
-0.2499999999999353 -0.08333333333340109 -1.666666666665795
-0.2083333333332489 -0.1250000000000753 -1.666666666665795
-0.2083333333331646 -0.1250000000001507 -1.33333333333159
-0.291666666666508 -0.1250000000001618 -1.33333333333159
-0.2916666666665872 -0.1250000000000809 -1.666666666665795
-0.2499999999998992 -0.1666666666667629 -1.666666666665795
-0.2499999999997984 -0.1666666666668591 -1.33333333333159
0.2499999999999681 5.487971188600227e-14 -1.666666666665795
0.2499999999999362 1.097594237720045e-13 -1.33333333333159
0.3333333333332755 0.08333333333339886 -1.666666666665795
0.3333333333332176 0.08333333333346436 -1.33333333333159
0.2916666666665769 0.04166666666678706 -1.33333333333159
0.2916666666666218 0.04166666666672687 -1.666666666665795
0.1666666666665307 0.08333333333344221 -1.33333333333159
0.1666666666665987 0.08333333333338779 -1.666666666665795
0.2083333333332834 0.04166666666672133 -1.666666666665795
0.2083333333332334 0.04166666666677598 -1.33333333333159
0.2499999999997984 0.1666666666668592 -1.33333333333159
0.2499999999998993 0.1666666666667629 -1.666666666665795
0.2916666666665874 0.1250000000000809 -1.666666666665795
0.2916666666665081 0.1250000000001618 -1.333333333331589
0.2083333333331646 0.1250000000001507 -1.33333333333159
0.2083333333332489 0.1250000000000753 -1.666666666665795
0.2499999999999354 0.08333333333340112 -1.666666666665795
0.2499999999998708 0.08333333333346886 -1.33333333333159
0.1250000000000542 -0.1249999999999139 -1.666666666665795
0.1250000000001084 -0.1249999999998278 -1.33333333333159
0.2083333333333302 -0.04166666666660138 -1.666666666665795
0.208333333333327 -0.0416666666665361 -1.33333333333159
0.1666666666667177 -0.08333333333318194 -1.33333333333159
0.1666666666666922 -0.08333333333325764 -1.666666666665795
0.04166666666670281 -0.04166666666660925 -1.33333333333159
0.04166666666668474 -0.04166666666663797 -1.666666666665795
0.08333333333336948 -0.08333333333327594 -1.666666666665795
0.08333333333340562 -0.08333333333321853 -1.33333333333159
0.1249999999999215 0.04166666666675842 -1.33333333333159
0.1249999999999607 0.04166666666671257 -1.666666666665796
0.1666666666666454 5.557360127639299e-14 -1.666666666665795
0.1666666666666243 1.111680192344977e-13 -1.333333333331589
0.08333333333331207 7.45861705730988e-14 -1.33333333333159
0.08333333333332277 3.72930852865494e-14 -1.666666666665795
0.1250000000000074 -0.04166666666661017 -1.666666666665795
0.1250000000000149 -0.04166666666655372 -1.33333333333159
5.488433781527154e-14 -0.2499999999999681 -1.666666666665795
1.097686756305431e-13 -0.2499999999999361 -1.33333333333159
0.08333333333338777 -0.1666666666665986 -1.666666666665795
0.0833333333334422 -0.1666666666665306 -1.33333333333159
0.04166666666677599 -0.2083333333332333 -1.33333333333159
0.04166666666672133 -0.2083333333332834 -1.666666666665795
-0.08333333333318194 -0.1666666666667177 -1.33333333333159
-0.08333333333325763 -0.1666666666666922 -1.666666666665795
-0.04166666666660138 -0.2083333333333301 -1.666666666665795
-0.04166666666653608 -0.2083333333333269 -1.33333333333159
7.456882333833903e-14 -0.08333333333331208 -1.333333333331589
3.729655473350135e-14 -0.08333333333332268 -1.666666666665794
0.04166666666671252 -0.1249999999999607 -1.666666666665794
0.04166666666675838 -0.1249999999999213 -1.333333333331589
-0.04166666666655366 -0.1250000000000148 -1.33333333333159
-0.04166666666661015 -0.1250000000000074 -1.666666666665795
5.557707072334495e-14 -0.1666666666666454 -1.666666666665795
1.111610803405938e-13 -0.1666666666666241 -1.33333333333159
-0.04166666666661711 -0.2916666666666583 -1.666666666665795
-0.04166666666656752 -0.29166666666665 -1.33333333333159
-0.08333333333324482 -0.3333333333333638 -1.33333333333159
-0.0833333333332891 -0.3333333333333486 -1.666666666665795
-0.1249999999998344 -0.2083333333334319 -1.333333333331589
-0.1249999999999268 -0.2083333333333732 -1.666666666665795
-0.08333333333328383 -0.2500000000000038 -1.666666666665795
-0.08333333333320687 -0.2500000000000351 -1.33333333333159
-0.1666666666664869 -0.2500000000001463 -1.33333333333159
-0.1666666666665959 -0.2500000000000541 -1.666666666665795
-0.1249999999999662 -0.2916666666666776 -1.666666666665795
-0.1249999999998777 -0.2916666666667432 -1.33333333333159
0.2916666666666501 -0.04166666666656753 -1.33333333333159
0.2916666666666584 -0.04166666666661711 -1.666666666665795
0.3333333333333486 -0.0833333333332891 -1.666666666665795
0.3333333333333639 -0.08333333333324482 -1.33333333333159
0.3749999999999303 0.04166666666676143 -1.333333333331589
0.3749999999999634 0.0416666666667122 -1.666666666665795
0.416666666666651 2.550390454381102e-14 -1.666666666665795
0.4166666666666429 5.852957007945747e-14 -1.33333333333159
0.3333333333332908 9.753309271332e-14 -1.33333333333159
0.3333333333333122 4.873185188714046e-14 -1.666666666665795
0.3750000000000022 -0.0416666666666294 -1.666666666665795
0.3750000000000046 -0.04166666666659197 -1.33333333333159
0.1666666666668325 -0.1666666666664584 -1.33333333333159
0.1666666666667496 -0.1666666666665625 -1.666666666665795
0.2083333333334449 -0.2083333333332111 -1.666666666665795
0.2083333333335565 -0.2083333333330889 -1.33333333333159
0.2500000000000351 -0.08333333333320694 -1.333333333331589
0.250000000000004 -0.08333333333328385 -1.666666666665795
0.2916666666666776 -0.1249999999999663 -1.666666666665795
0.2916666666667432 -0.1249999999998777 -1.333333333331589
0.2083333333334319 -0.1249999999998344 -1.33333333333159
0.2083333333333731 -0.1249999999999268 -1.666666666665795
0.250000000000054 -0.1666666666665959 -1.666666666665795
0.2500000000001462 -0.1666666666664869 -1.33333333333159
0.04166666666678706 -0.2916666666665769 -1.33333333333159
0.04166666666672687 -0.2916666666666218 -1.666666666665795
0.08333333333339886 -0.3333333333332755 -1.666666666665795
0.08333333333346435 -0.3333333333332177 -1.33333333333159
0.1250000000001507 -0.2083333333331646 -1.333333333331589
0.1250000000000754 -0.2083333333332489 -1.666666666665795
0.1666666666667629 -0.2499999999998993 -1.666666666665795
0.1666666666668591 -0.2499999999997986 -1.33333333333159
0.08333333333346887 -0.2499999999998708 -1.33333333333159
0.08333333333340107 -0.2499999999999353 -1.666666666665795
0.1250000000000809 -0.2916666666665872 -1.666666666665795
0.1250000000001618 -0.291666666666508 -1.33333333333159
9.752962326636805e-14 -0.3333333333332908 -1.333333333331589
4.873532133409242e-14 -0.3333333333333119 -1.666666666665795
0.0416666666667122 -0.3749999999999633 -1.666666666665795
0.04166666666676141 -0.3749999999999302 -1.33333333333159
-0.04166666666659194 -0.3750000000000046 -1.33333333333159
-0.04166666666662942 -0.375000000000002 -1.666666666665795
2.550737399076297e-14 -0.416666666666651 -1.666666666665795
5.852610063250552e-14 -0.4166666666666428 -1.333333333331589
3 2 0 605
232
233
234
235
236
237
238
239
240
2835
2836
2837
2838
2839
2840
2841
2842
2843
2844
2845
2846
2847
2848
2849
2850
2851
2852
2853
2854
2855
2856
2857
2858
2859
2860
2861
2862
2863
2864
2865
2866
2867
2868
2869
2870
2871
2872
2873
2874
2875
2876
2877
2878
2879
2880
2881
2882
2883
2884
2885
2886
2887
2888
2889
2890
2891
2892
2893
2894
2895
2896
2897
2898
2899
2900
2901
2902
2903
2904
2905
2906
2907
2908
2909
2910
2911
2912
2913
2914
2915
2916
2917
2918
2919
2920
2921
2922
2923
2924
2925
2926
2927
2928
2929
2930
2931
2932
2933
2934
2935
2936
2937
2938
2939
2940
2941
2942
2943
2944
2945
2946
2947
2948
2949
2950
2951
2952
2953
2954
2955
2956
2957
2958
2959
2960
2961
2962
2963
2964
2965
2966
2967
2968
2969
2970
2971
2972
2973
2974
2975
2976
2977
2978
2979
2980
2981
2982
2983
2984
2985
2986
2987
2988
2989
2990
2991
2992
2993
2994
2995
2996
2997
2998
2999
3000
3001
3002
3003
3004
3005
3006
3007
3008
3009
3010
3011
3012
3013
3014
3015
3016
3017
3018
3019
3020
3021
3022
3023
3024
3025
3026
3027
3028
3029
3030
3031
3032
3033
3034
3035
3036
3037
3038
3039
3040
3041
3042
3043
3044
3045
3046
3047
3048
3049
3050
3051
3052
3053
3054
3055
3056
3057
3058
3059
3060
3061
3062
3063
3064
3065
3066
3067
3068
3069
3070
3071
3072
3073
3074
3075
3076
3077
3078
3079
3080
3081
3082
3083
3084
3085
3086
3087
3088
3089
3090
3091
3092
3093
3094
3095
3096
3097
3098
3099
3100
3101
3102
3103
3104
3105
3106
3107
3108
3109
3110
3111
3112
3113
3114
3115
3116
3117
3118
3119
3120
3121
3122
3123
3124
3125
3126
3127
3128
3129
3130
3131
3132
3133
3134
3135
3136
3137
3138
3139
3140
3141
3142
3143
3144
3145
3146
3147
3148
3149
3150
3151
3152
3153
3154
3155
3156
3157
3158
3159
3160
3161
3162
3163
3164
3165
3166
3167
3168
3169
3170
3171
3172
3173
3174
3175
3176
3177
3178
3179
3180
3181
3182
3183
3184
3185
3186
3187
3188
3189
3190
3191
3192
3193
3194
3195
3196
3197
3198
3199
3200
3201
3202
3203
3204
3205
3206
3207
3208
3209
3210
3211
3212
3213
3214
3215
3216
3217
3218
3219
3220
3221
3222
3223
3224
3225
3226
3227
3228
3229
3230
3231
3232
3233
3234
3235
3236
3237
3238
3239
3240
3241
3242
3243
3244
3245
3246
3247
3248
3249
3250
3251
3252
3253
3254
3255
3256
3257
3258
3259
3260
3261
3262
3263
3264
3265
3266
3267
3268
3269
3270
3271
3272
3273
3274
3275
3276
3277
3278
3279
3280
3281
3282
3283
3284
3285
3286
3287
3288
3289
3290
3291
3292
3293
3294
3295
3296
3297
3298
3299
3300
3301
3302
3303
3304
3305
3306
3307
3308
3309
3310
3311
3312
3313
3314
3315
3316
3317
3318
3319
3320
3321
3322
3323
3324
3325
3326
3327
3328
3329
3330
3331
3332
3333
3334
3335
3336
3337
3338
3339
3340
3341
3342
3343
3344
3345
3346
3347
3348
3349
3350
3351
3352
3353
3354
3355
3356
3357
3358
3359
3360
3361
3362
3363
3364
3365
3366
3367
3368
3369
3370
3371
3372
3373
3374
3375
3376
3377
3378
3379
3380
3381
3382
3383
3384
3385
3386
3387
3388
3389
3390
3391
3392
3393
3394
3395
3396
3397
3398
3399
3400
3401
3402
3403
3404
3405
3406
3407
3408
3409
3410
3411
3412
3413
3414
3415
3416
3417
3418
3419
3420
3421
3422
3423
3424
3425
3426
3427
3428
3429
3430
0.318262574656712 0.7866596492248822 -0.999999999997384
0.253841716437769 0.6494397661499607 -0.9999999999973843
0.1894208582188261 0.5122198830750385 -0.9999999999973841
0.5928300864990536 0.5928300852807673 -0.9999999999973841
0.478553390999229 0.4785533901873185 -0.9999999999973843
0.3642766954994043 0.3642766950938696 -0.9999999999973848
0.7866596495674218 0.3182625738296306 -0.999999999997384
0.6494397663782107 0.2538417158864911 -0.9999999999973842
0.5122198831889989 0.1894208579433519 -0.9999999999973846
0.318262574911975 0.7866596491191601 -0.3333333333324613
0.3182625747843435 0.786659649172021 -0.6666666666649226
0.3612098134693406 0.87813957127483 -0.9999999999973842
0.3397361940630263 0.8323996102498561 -0.9999999999973841
0.2121750497711413 0.8161064328165881 -0.9999999999973841
0.1060875248855707 0.845553216408294 -0.9999999999973841
0.3612098137813461 0.878139571145597 -0.3333333333324615
0.3397361943466605 0.8323996101323785 -0.3333333333324613
0.3397361942048434 0.8323996101911172 -0.6666666666649227
0.3612098136253433 0.8781395712102135 -0.6666666666649228
0.2121750499413167 0.8161064327461067 -0.3333333333324613
0.1060875249706583 0.8455532163730533 -0.3333333333324613
0.1060875249281145 0.8455532163906736 -0.6666666666649226
0.212175049856229 0.8161064327813474 -0.6666666666649227
0.122379969896981 0.9428143130359421 -0.9999999999973841
0.2437587048930896 0.9158551628876783 -0.9999999999893148
0.2279668773321154 0.8659807978521332 -0.9999999999933495
0.1142337473912759 0.8941837647221179 -0.9999999999973841
0.1223799699831264 0.9428143130166038 -0.3333333333325518
0.2434336107836044 0.9159424475364295 -0.3333333333298167
0.2278043303624605 0.8660244401412696 -0.3333333333311391
0.1142337474768924 0.8941837646948323 -0.3333333333325065
0.1223799699400537 0.9428143130262734 -0.6666666666649679
0.243596163350682 0.9158988257291099 -0.6666666666595651
0.2278856066034555 0.8660026292552294 -0.6666666666622443
0.1142337474340841 0.8941837647084752 -0.6666666666649452
0.3182625745290805 0.7866596492777431 -1.333333333331589
0.3182625744014489 0.7866596493306039 -1.666666666665795
0.3612098133133379 0.8781395713394464 -1.33333333333159
0.3397361939212092 0.8323996103085949 -1.333333333331589
0.3397361937793919 0.8323996103673335 -1.666666666665795
0.361209813157335 0.878139571404063 -1.666666666665795
0.2121750496860537 0.8161064328518288 -1.333333333331589
0.1060875248430268 0.8455532164259143 -1.333333333331589
0.106087524800483 0.8455532164435346 -1.666666666665795
0.2121750496009659 0.8161064328870693 -1.666666666665795
0.1223799698333608 0.9428143130483323 -1.33333333333159
0.2435961631274225 0.915898825797317 -1.33333333332621
0.227885606406738 0.8660026293245737 -1.333333333328899
0.1142337473381938 0.8941837647371251 -1.33333333333159
0.1223799697697405 0.9428143130607223 -1.666666666665795
0.2434336103370613 0.9159424476727589 -1.666666666663105
0.2278043299690136 0.8660244402799162 -1.66666666666445
0.1142337472851117 0.8941837647521318 -1.666666666665795
0.2538417166079184 0.649439766079505 -0.3333333333324614
0.2538417165228437 0.6494397661147329 -0.6666666666649228
0.2967889552503977 0.7409196881999084 -0.9999999999973841
0.2753153358440833 0.6951797271749345 -0.9999999999973841
0.1692278109585127 0.6829598440999738 -0.9999999999973843
0.08461390547925633 0.7164799220499869 -0.9999999999973843
0.2967889554772895 0.7409196881059418 -0.3333333333324613
0.2753153360426039 0.6951797270927234 -0.3333333333324613
0.2753153359433437 0.6951797271338289 -0.6666666666649226
0.2967889553638436 0.7409196881529251 -0.6666666666649226
0.1692278110719456 0.6829598440530034 -0.3333333333324613
0.08461390553597282 0.7164799220265017 -0.3333333333324614
0.08461390550761458 0.7164799220382443 -0.6666666666649228
0.1692278110152292 0.6829598440764886 -0.6666666666649227
0.09892965175013256 0.8025287849555249 -0.9999999999973841
0.1978593035002651 0.7717242365777168 -0.9999999999973841
0.1835435572293889 0.7273420403388451 -0.9999999999973841
0.09177177861469445 0.7595043535027558 -0.9999999999973843
0.09892965182576323 0.8025287849241969 -0.3333333333324613
0.1978593036515265 0.7717242365150696 -0.3333333333324612
0.1835435573617359 0.7273420402840318 -0.3333333333324613
0.09177177868086797 0.7595043534753405 -0.3333333333324614
0.09892965178794788 0.802528784939861 -0.6666666666649226
0.1978593035758958 0.771724236546393 -0.6666666666649225
0.1835435572955625 0.7273420403114386 -0.6666666666649226
0.09177177864778124 0.7595043534890482 -0.6666666666649228
0.2538417163526943 0.6494397661851883 -1.33333333333159
0.2538417162676196 0.6494397662204159 -1.666666666665795
0.2967889551369517 0.7409196882468916 -1.333333333331589
0.275315335744823 0.6951797272160398 -1.333333333331589
0.2753153356455627 0.6951797272571453 -1.666666666665795
0.2967889550235058 0.7409196882938747 -1.666666666665795
0.1692278109017962 0.6829598441234588 -1.333333333331589
0.0846139054508981 0.7164799220617295 -1.33333333333159
0.08461390542253985 0.7164799220734719 -1.666666666665795
0.1692278108450797 0.682959844146944 -1.666666666665795
0.0989296517123173 0.8025287849711833 -1.33333333333159
0.1978593034246346 0.7717242366090379 -1.333333333331589
0.1835435571632154 0.7273420403662463 -1.333333333331589
0.09177177858160769 0.759504353516452 -1.33333333333159
0.09892965167450192 0.8025287849868412 -1.666666666665795
0.1978593033490038 0.7717242366403583 -1.666666666665794
0.1835435570970418 0.7273420403936468 -1.666666666665794
0.09177177854852091 0.7595043535301478 -1.666666666665794
0.1894208583038619 0.5122198830398497 -0.3333333333324613
0.189420858261344 0.512219883057444 -0.6666666666649227
0.2323680970314547 0.6036998051249867 -0.9999999999973843
0.2108944776251404 0.5579598441000125 -0.9999999999973841
0.1262805721458841 0.549813255383359 -0.9999999999973841
0.06314028607294206 0.5874066276916795 -0.999999999997384
0.232368097173233 0.6036998050662865 -0.3333333333324614
0.2108944777385474 0.5579598440530681 -0.3333333333324613
0.2108944776818439 0.5579598440765403 -0.6666666666649226
0.2323680971023438 0.6036998050956367 -0.6666666666649228
0.1262805722025746 0.5498132553598998 -0.3333333333324614
0.06314028610128732 0.58740662767995 -0.3333333333324613
0.06314028608711467 0.5874066276858146 -0.6666666666649226
0.1262805721742293 0.5498132553716293 -0.6666666666649228
0.07745603234381825 0.6734554905972178 -0.9999999999973842
0.1549120646876365 0.6385776478611024 -0.9999999999973842
0.1405963184167603 0.5941954516222306 -0.999999999997384
0.07029815920838015 0.6304310591444486 -0.9999999999973841
0.07745603239107768 0.6734554905776994 -0.3333333333324614
0.1549120647821554 0.6385776478219927 -0.3333333333324613
0.140596318492365 0.5941954515909615 -0.3333333333324613
0.07029815924618248 0.6304310591288544 -0.3333333333324613
0.07745603236744797 0.6734554905874582 -0.6666666666649227
0.1549120647348959 0.6385776478415477 -0.6666666666649227
0.1405963184545626 0.5941954516065958 -0.6666666666649226
0.0702981592272813 0.6304310591366517 -0.6666666666649228
0.1894208581763082 0.512219883092633 -1.33333333333159
0.1894208581337903 0.5122198831102274 -1.666666666665795
0.2323680969605656 0.6036998051543365 -1.33333333333159
0.2108944775684369 0.5579598441234848 -1.33333333333159
0.2108944775117334 0.5579598441469569 -1.666666666665795
0.2323680968896765 0.6036998051836864 -1.666666666665795
0.1262805721175388 0.5498132553950886 -1.33333333333159
0.06314028605876942 0.5874066276975443 -1.333333333331589
0.06314028604459677 0.587406627703409 -1.666666666665795
0.1262805720891935 0.5498132554068182 -1.666666666665795
0.07745603232018855 0.6734554906070251 -1.333333333331589
0.1549120646403771 0.6385776478806807 -1.33333333333159
0.140596318378958 0.5941954516378922 -1.333333333331589
0.07029815918947897 0.6304310591522997 -1.333333333331589
0.0774560322965588 0.6734554906168322 -1.666666666665795
0.1549120645931176 0.6385776479002594 -1.666666666665795
0.1405963183411556 0.5941954516535538 -1.666666666665795
0.07029815917057781 0.6304310591601513 -1.666666666665794
0.1679472388125118 0.4664799220500646 -0.9999999999973842
0.1464736194061975 0.4207399610250907 -0.9999999999973842
0.1679472388691764 0.4664799220266314 -0.3333333333324614
0.1464736194344908 0.420739961013413 -0.3333333333324614
0.1464736194203442 0.4207399610192518 -0.6666666666649228
0.1679472388408441 0.466479922038348 -0.6666666666649228
0.05598241293750394 0.5443821962389104 -0.999999999997384
0.1119648258750079 0.5054310591444875 -0.9999999999973842
0.09764907960413166 0.4610488629056161 -0.9999999999973841
0.04882453980206583 0.5013577647861412 -0.9999999999973842
0.05598241295639509 0.5443821962310736 -0.3333333333325064
0.1119648259127902 0.505431059128848 -0.3333333333324839
0.09764907962300567 0.4610488628978441 -0.3333333333325065
0.0488245398115028 0.5013577647822933 -0.3333333333325519
0.05598241294694948 0.5443821962349921 -0.6666666666649451
0.111964825893899 0.5054310591366677 -0.6666666666649341
0.09764907961356864 0.4610488629017301 -0.6666666666649452
0.04882453980678432 0.5013577647842171 -0.6666666666649679
0.1679472387841796 0.4664799220617812 -1.33333333333159
0.1464736193920508 0.4207399610309296 -1.33333333333159
0.1464736193779042 0.4207399610367684 -1.666666666665795
0.1679472387558472 0.4664799220734979 -1.666666666665795
0.0559824129280611 0.5443821962428033 -1.333333333331589
0.1119648258561197 0.505431059152293 -1.33333333333159
0.09764907959470062 0.461048862909521 -1.333333333331589
0.04882453979735277 0.50135776478811 -1.33333333333159
0.05598241291861823 0.5443821962466964 -1.666666666665794
0.1119648258372315 0.5054310591600983 -1.666666666665795
0.09764907958526954 0.4610488629134262 -1.666666666665795
0.04882453979263969 0.5013577647900788 -1.666666666665794
0.5928300869051492 0.5928300848746719 -0.3333333333324613
0.5928300867021014 0.5928300850777196 -0.6666666666649227
0.6690145501656036 0.6690145486764001 -0.9999999999973843
0.6309223183323286 0.6309223169785837 -0.9999999999973841
0.5013075825516065 0.6574399399288056 -0.9999999999973841
0.4097850786041592 0.7220497945768438 -0.999999999997384
0.6690145506620049 0.6690145481799986 -0.3333333333324615
0.6309223187835771 0.6309223165273354 -0.3333333333324613
0.6309223185579528 0.6309223167529595 -0.6666666666649227
0.6690145504138042 0.6690145484281994 -0.6666666666649229
0.5013075829074244 0.6574399396228346 -0.3333333333324613
0.4097850789096997 0.7220497943709974 -0.3333333333324612
0.4097850787569294 0.7220497944739206 -0.6666666666649225
0.5013075827295154 0.65743993977582 -0.6666666666649227
0.4699283599685161 0.8180335337981213 -0.9999999999973841
0.5733439382823693 0.7477413501956395 -1.000000000169891
0.5373257604169879 0.7025906450622225 -1.000000000083638
0.4398567192863377 0.7700416641874827 -0.9999999999973839
0.4699283603475978 0.8180335335694442 -0.3333333333324615
0.5730769928870033 0.747946398818166 -0.3333333333899639
0.5371922878972141 0.7026931692205005 -0.3333333333612125
0.4398567196286489 0.7700416639702208 -0.3333333333324613
0.4699283601580569 0.8180335336837828 -0.6666666666649227
0.5732104785289636 0.7478438913527199 -0.6666666667799278
0.5372590306292394 0.70264191556427 -0.6666666667224249
0.4398567194574931 0.7700416640788516 -0.6666666666649226
0.5928300862960059 0.5928300854838151 -1.33333333333159
0.5928300860929582 0.5928300856868629 -1.666666666665795
0.6690145499174032 0.6690145489246009 -1.33333333333159
0.6309223181067045 0.630922317204208 -1.33333333333159
0.6309223178810803 0.6309223174298321 -1.666666666665795
0.6690145496692026 0.6690145491728013 -1.666666666665795
0.5013075823736974 0.657439940081791 -1.33333333333159
0.409785078451389 0.7220497946797672 -1.333333333331589
0.4097850782986187 0.72204979478269 -1.666666666665795
0.5013075821957884 0.6574399402347765 -1.666666666665795
0.4699283597719466 0.8180335339165179 -1.333333333331589
0.573210478049049 0.7478438917322421 -1.333333333446594
0.5372590302113733 0.7026419159070162 -1.333333333389092
0.4398567191116678 0.7700416642981424 -1.333333333331589
0.4699283595753771 0.8180335340349142 -1.666666666665795
0.5730769919270335 0.7479463995770282 -1.666666666723297
0.5371922870614112 0.7026931699059022 -1.666666666694546
0.4398567189369978 0.7700416644088022 -1.666666666665794
0.4785533912698658 0.4785533899166818 -0.3333333333324614
0.4785533911345474 0.4785533900520001 -0.6666666666649228
0.5547378546657787 0.554737853582951 -0.9999999999973842
0.5166456228325038 0.5166456218851347 -0.9999999999973842
0.4036494994787424 0.5355155155081992 -0.9999999999973843
0.3287456079582557 0.5924776408290799 -0.9999999999973843
0.5547378550267212 0.5547378532220084 -0.3333333333324614
0.5166456231482935 0.5166456215693452 -0.3333333333324614
0.5166456229903987 0.5166456217272399 -0.6666666666649228
0.55473785484625 0.5547378534024797 -0.6666666666649228
0.4036494997158835 0.5355155153042896 -0.3333333333324613
0.3287456081619009 0.5924776406918973 -0.3333333333324613
0.3287456080600782 0.5924776407604886 -0.6666666666649227
0.4036494995973129 0.5355155154062443 -0.6666666666649227
0.3827719217221913 0.6788590766609226 -0.999999999997384
0.4687548881939851 0.6167984651219368 -0.9999999999973841
0.4362021938363637 0.576156990315068 -0.9999999999973841
0.3557587648402235 0.6356683587450013 -0.999999999997384
0.3827719219937665 0.6788590764779638 -0.3333333333324611
0.4687548885102438 0.6167984648499863 -0.3333333333324613
0.4362021941130635 0.5761569900771378 -0.3333333333324613
0.3557587650778338 0.6356683585849308 -0.3333333333324611
0.382771921857979 0.6788590765694431 -0.6666666666649222
0.4687548883521145 0.6167984649859617 -0.6666666666649226
0.4362021939747137 0.5761569901961027 -0.6666666666649226
0.3557587649590286 0.6356683586649658 -0.6666666666649222
0.4785533908639106 0.4785533903226369 -1.33333333333159
0.4785533907285922 0.4785533904579553 -1.666666666665795
0.5547378544853075 0.5547378537634223 -1.33333333333159
0.516645622674609 0.5166456220430297 -1.33333333333159
0.5166456225167141 0.5166456222009244 -1.666666666665795
0.5547378543048362 0.5547378539438936 -1.666666666665795
0.4036494993601719 0.5355155156101541 -1.333333333331589
0.3287456078564331 0.5924776408976713 -1.333333333331589
0.3287456077546105 0.5924776409662623 -1.666666666665795
0.4036494992416013 0.5355155157121088 -1.666666666665795
0.3827719215864036 0.678859076752402 -1.333333333331589
0.4687548880358556 0.6167984652579119 -1.333333333331589
0.4362021936980135 0.576156990434033 -1.333333333331589
0.3557587647214184 0.6356683588250366 -1.333333333331589
0.3827719214506159 0.6788590768438808 -1.666666666665795
0.468754887877726 0.6167984653938872 -1.666666666665795
0.4362021935596636 0.5761569905529978 -1.666666666665795
0.3557587646026132 0.6356683589050718 -1.666666666665794
0.3642766956345823 0.3642766949586915 -0.3333333333324616
0.3642766955669933 0.3642766950262806 -0.6666666666649231
0.4404611591659541 0.4404611584895022 -0.9999999999973845
0.4023689273326792 0.4023689267916859 -0.9999999999973845
0.3059914164058782 0.4135910910875926 -0.9999999999973845
0.2477061373123522 0.4629054870813155 -0.9999999999973843
0.440461159391438 0.4404611582640184 -0.3333333333324615
0.4023689275130101 0.402368926611355 -0.3333333333324615
0.4023689274228446 0.4023689267015205 -0.666666666664923
0.440461159278696 0.4404611583767603 -0.6666666666649229
0.3059914165243421 0.4135910909857443 -0.3333333333324615
0.247706137414102 0.4629054870127969 -0.3333333333324614
0.2477061373632271 0.4629054870470563 -0.6666666666649228
0.3059914164651102 0.4135910910366684 -0.666666666664923
0.3017324510762879 0.5492869229131585 -0.9999999999973843
0.3710968051211211 0.4948740407013303 -0.9999999999973843
0.3385441107634996 0.4542325658944615 -0.9999999999973844
0.27471929419432 0.5060962049972368 -0.9999999999973843
0.301732451245968 0.5492869227988635 -0.3333333333324612
0.3710968053187029 0.4948740405314411 -0.3333333333324612
0.3385441109215224 0.4542325657585927 -0.3333333333324614
0.274719294330035 0.5060962049058304 -0.3333333333324613
0.3017324511611278 0.5492869228560111 -0.6666666666649224
0.371096805219912 0.4948740406163856 -0.6666666666649225
0.338544110842511 0.4542325658265272 -0.6666666666649228
0.2747192942621775 0.5060962049515336 -0.6666666666649226
0.3642766954318152 0.3642766951614587 -1.33333333333159
0.364276695364226 0.3642766952290478 -1.666666666665795
0.4404611590532121 0.4404611586022443 -1.33333333333159
0.4023689272425137 0.4023689268818516 -1.33333333333159
0.4023689271523481 0.402368926972017 -1.666666666665795
0.4404611589404702 0.4404611587149861 -1.666666666665795
0.3059914163466462 0.4135910911385168 -1.33333333333159
0.2477061372614772 0.4629054871155748 -1.33333333333159
0.2477061372106021 0.4629054871498341 -1.666666666665795
0.3059914162874141 0.413591091189441 -1.666666666665795
0.3017324509914478 0.5492869229703059 -1.333333333331589
0.3710968050223301 0.4948740407862749 -1.333333333331589
0.338544110684488 0.4542325659623959 -1.333333333331589
0.2747192941264626 0.5060962050429403 -1.33333333333159
0.3017324509066077 0.5492869230274531 -1.666666666665795
0.3710968049235389 0.4948740408712193 -1.666666666665795
0.3385441106054765 0.4542325660303304 -1.666666666665795
0.2747192940586049 0.5060962050886433 -1.666666666665795
0.3261844636661292 0.3261844633960534 -0.9999999999973848
0.2880922318328542 0.2880922316982371 -0.9999999999973845
0.3261844637561544 0.3261844633060281 -0.3333333333324615
0.2880922318777266 0.2880922316533648 -0.3333333333324615
0.2880922318552904 0.2880922316758009 -0.6666666666649229
0.3261844637111418 0.3261844633510407 -0.666666666664923
0.2206929804303843 0.4197147691653942 -0.9999999999973843
0.2734387220482568 0.3729496162807239 -0.9999999999973845
0.2408860276906353 0.332308141473855 -0.9999999999973843
0.1936798235484164 0.3765240512494729 -0.9999999999973842
0.2206929804981672 0.4197147691197657 -0.3333333333324612
0.2734387221271557 0.3729496162129021 -0.3333333333324615
0.2408860277299693 0.3323081414400597 -0.3333333333324615
0.1936798235822319 0.3765240512267343 -0.3333333333324612
0.2206929804642757 0.4197147691425799 -0.6666666666649225
0.2734387220877062 0.3729496162468129 -0.6666666666649229
0.2408860277103023 0.3323081414569572 -0.666666666664923
0.1936798235653243 0.3765240512381036 -0.6666666666649225
0.3261844636211166 0.326184463441066 -1.33333333333159
0.288092231810418 0.2880922317206733 -1.33333333333159
0.2880922317879818 0.2880922317431094 -1.666666666665795
0.3261844635761039 0.3261844634860786 -1.666666666665795
0.220692980396501 0.4197147691882004 -1.33333333333159
0.2734387220088108 0.3729496163146314 -1.33333333333159
0.2408860276709749 0.3323081414907459 -1.33333333333159
0.1936798235315247 0.376524051260826 -1.333333333331589
0.2206929803626175 0.4197147692110064 -1.666666666665795
0.2734387219693643 0.3729496163485388 -1.666666666665795
0.2408860276513148 0.332308141507637 -1.666666666665795
0.1936798235146332 0.3765240512721789 -1.666666666665795
0.7866596496900602 0.3182625735335058 -0.3333333333324613
0.786659649628741 0.3182625736815682 -0.6666666666649226
0.878139571693563 0.3612098124583901 -0.9999999999973842
0.8323996106304924 0.3397361931440104 -0.9999999999973841
0.7220497952112991 0.4097850776466762 -0.9999999999973841
0.6574399408551763 0.5013075814637218 -0.9999999999973841
0.8781395718434859 0.3612098120964284 -0.3333333333324614
0.832399610766773 0.3397361928149671 -0.3333333333324613
0.8323996106986328 0.3397361929794886 -0.6666666666649226
0.8781395717685244 0.3612098122774092 -0.6666666666649228
0.7220497954284233 0.4097850773138945 -0.3333333333324613
0.6574399411667862 0.5013075810942832 -0.3333333333324613
0.6574399410109812 0.5013075812790025 -0.6666666666649227
0.7220497953198611 0.4097850774802854 -0.6666666666649227
0.7480488742101028 0.5729434793089521 -0.9999999999973843
0.8182858250264724 0.4694909963845347 -1.000000000177829
0.7701678101188856 0.4396380370156055 -1.000000000087606
0.7027444075326394 0.5371255303863369 -0.9999999999973841
0.7480488745590615 0.5729434788663998 -0.3333333333324613
0.8181176684140119 0.4697825921108488 -0.3333333333926095
0.7700837319212175 0.4397838347123716 -0.3333333333625355
0.7027444078629238 0.5371255299803417 -0.3333333333324613
0.7480488743845823 0.572943479087676 -0.6666666666649225
0.8182017651257962 0.4696368048576293 -0.666666666785219
0.7701257802228288 0.4397109411689574 -0.6666666667250709
0.7027444076977816 0.5371255301833391 -0.6666666666649226
0.7866596495061029 0.3182625739776929 -1.333333333331589
0.7866596494447839 0.3182625741257551 -1.666666666665795
0.878139571618602 0.3612098126393709 -1.33333333333159
0.8323996105623523 0.3397361933085319 -1.333333333331589
0.8323996104942122 0.3397361934730534 -1.666666666665795
0.8781395715436406 0.3612098128203517 -1.666666666665795
0.7220497951027373 0.409785077813067 -1.333333333331589
0.6574399406993716 0.501307581648441 -1.333333333331589
0.6574399405435667 0.5013075818331605 -1.666666666665795
0.7220497949941753 0.4097850779794577 -1.666666666665795
0.7480488740399618 0.5729434795245747 -1.333333333331589
0.8182017648842339 0.4696368052619412 -1.333333333451886
0.7701257799934849 0.4397109415375043 -1.333333333391737
0.7027444073696663 0.5371255305865079 -1.333333333331589
0.7480488738698206 0.5729434797401971 -1.666666666665795
0.8181176679307371 0.4697825929193884 -1.666666666725943
0.770083731462456 0.4397838354494231 -1.666666666695869
0.7027444072066934 0.5371255307866788 -1.666666666665795
0.6494397664599223 0.2538417156891218 -0.3333333333324614
0.6494397664190664 0.2538417157878065 -0.6666666666649228
0.7409196885043514 0.2967889545152508 -0.9999999999973841
0.695179727441281 0.2753153352008709 -0.9999999999973841
0.5924776412518835 0.3287456073201003 -0.9999999999973843
0.5355155161255563 0.4036494987537094 -0.9999999999973843
0.7409196886133476 0.2967889542520444 -0.3333333333324613
0.695179727536635 0.2753153349705831 -0.3333333333324613
0.695179727488958 0.275315335085727 -0.6666666666649226
0.7409196885588496 0.2967889543836477 -0.6666666666649227
0.5924776413965702 0.3287456070983085 -0.3333333333324614
0.5355155163332179 0.4036494985074952 -0.3333333333324614
0.5355155162293871 0.4036494986306022 -0.6666666666649228
0.5924776413242269 0.3287456072092044 -0.6666666666649228
0.616798465945303 0.468754887227051 -0.9999999999973841
0.6788590772248273 0.382771920871151 -0.9999999999973841
0.6356683592383553 0.3557587640956256 -0.9999999999973841
0.5761569910354296 0.4362021929903802 -0.9999999999973841
0.6167984662222636 0.4687548868986871 -0.3333333333324613
0.6788590774178054 0.3827719205753656 -0.3333333333324613
0.6356683594071879 0.3557587638368374 -0.3333333333324613
0.5761569912777406 0.436202192703091 -0.3333333333324613
0.6167984660837831 0.4687548870628689 -0.6666666666649226
0.6788590773213166 0.3827719207232585 -0.6666666666649226
0.6356683593227718 0.3557587639662312 -0.6666666666649226
0.5761569911565851 0.4362021928467358 -0.6666666666649227
0.649439766337355 0.2538417159851757 -1.33333333333159
0.6494397662964992 0.2538417160838603 -1.666666666665795
0.7409196884498537 0.2967889546468538 -1.333333333331589
0.6951797273936042 0.2753153353160148 -1.333333333331589
0.6951797273459274 0.2753153354311586 -1.666666666665795
0.7409196883953557 0.2967889547784568 -1.666666666665795
0.5924776411795403 0.3287456074309962 -1.33333333333159
0.5355155160217254 0.4036494988768166 -1.33333333333159
0.5355155159178945 0.4036494989999236 -1.666666666665795
0.592477641107197 0.328745607541892 -1.666666666665795
0.6167984658068232 0.4687548873912328 -1.33333333333159
0.6788590771283384 0.3827719210190434 -1.33333333333159
0.635668359153939 0.3557587642250198 -1.333333333331589
0.5761569909142743 0.4362021931340249 -1.333333333331589
0.616798465668343 0.4687548875554149 -1.666666666665795
0.6788590770318493 0.3827719211669358 -1.666666666665794
0.6356683590695232 0.3557587643544139 -1.666666666665795
0.5761569907931186 0.4362021932776691 -1.666666666665794
0.5122198832297841 0.189420857844738 -0.3333333333324615
0.5122198832093915 0.1894208578940449 -0.666666666664923
0.6036998053151401 0.2323680965721114 -0.9999999999973844
0.5579598442520695 0.2108944772577316 -0.9999999999973845
0.4629054872924674 0.2477061369935245 -0.9999999999973848
0.4135910913959359 0.3059914160436971 -0.9999999999973848
0.6036998053832097 0.2323680964076605 -0.3333333333324615
0.5579598443064968 0.2108944771261992 -0.3333333333324615
0.5579598442792831 0.2108944771919654 -0.666666666664923
0.6036998053491747 0.232368096489886 -0.6666666666649229
0.4629054873647169 0.2477061368827225 -0.3333333333324615
0.4135910914996496 0.305991415920707 -0.3333333333324616
0.4135910914477927 0.305991415982202 -0.6666666666649231
0.4629054873285922 0.2477061369381235 -0.666666666664923
0.4948740412156828 0.3710968045170387 -0.9999999999973845
0.5492869232654115 0.3017324505445751 -0.9999999999973845
0.5060962052789394 0.2747192937690498 -0.9999999999973848
0.4542325663058093 0.3385441102803679 -0.9999999999973845
0.4948740413886953 0.3710968043118991 -0.3333333333324615
0.5492869233859523 0.3017324503597798 -0.3333333333324614
0.5060962053753347 0.2747192936212513 -0.3333333333324616
0.4542325664441723 0.3385441101163031 -0.3333333333324614
0.4948740413021889 0.371096804414469 -0.6666666666649229
0.5492869233256821 0.3017324504521774 -0.6666666666649228
0.5060962053271372 0.2747192936951505 -0.6666666666649231
0.4542325663749909 0.3385441101983355 -0.6666666666649228
0.5122198831686066 0.1894208579926588 -1.33333333333159
0.5122198831482141 0.1894208580419656 -1.666666666665795
0.6036998052811056 0.2323680966543367 -1.33333333333159
0.5579598442248561 0.2108944773234978 -1.33333333333159
0.5579598441976424 0.2108944773892638 -1.666666666665795
0.6036998052470709 0.2323680967365621 -1.666666666665795
0.4629054872563427 0.2477061370489255 -1.33333333333159
0.413591091344079 0.3059914161051921 -1.33333333333159
0.4135910912922222 0.305991416166687 -1.666666666665795
0.4629054872202181 0.2477061371043264 -1.666666666665795
0.4948740411291766 0.3710968046196085 -1.333333333331589
0.5492869232051409 0.3017324506369726 -1.333333333331589
0.5060962052307418 0.274719293842949 -1.333333333331589
0.4542325662366278 0.3385441103624003 -1.333333333331589
0.4948740410426703 0.3710968047221782 -1.666666666665795
0.5492869231448706 0.3017324507293702 -1.666666666665795
0.5060962051825444 0.2747192939168482 -1.666666666665795
0.4542325661674462 0.3385441104444325 -1.666666666665795
0.4664799221259285 0.1679472386289721 -0.9999999999973845
0.420739961062858 0.1464736193145923 -0.9999999999973845
0.4664799221530713 0.1679472385632767 -0.3333333333324615
0.4207399610763586 0.1464736192818154 -0.3333333333324615
0.4207399610696083 0.1464736192982038 -0.666666666664923
0.4664799221394998 0.1679472385961244 -0.666666666664923
0.3729496164860623 0.2734387218070263 -0.9999999999973846
0.4197147693059954 0.2206929802179992 -0.9999999999973846
0.3765240513195234 0.1936798234424739 -0.9999999999973845
0.3323081415761888 0.2408860275703555 -0.9999999999973844
0.3729496165551267 0.2734387217251108 -0.3333333333324615
0.4197147693540992 0.2206929801441939 -0.3333333333324613
0.3765240513434813 0.1936798234056652 -0.3333333333324613
0.3323081416106038 0.2408860275295149 -0.3333333333324614
0.3729496165205946 0.2734387217660686 -0.6666666666649229
0.4197147693300471 0.2206929801810965 -0.6666666666649227
0.3765240513315025 0.1936798234240694 -0.6666666666649228
0.3323081415933963 0.2408860275499351 -0.6666666666649228
0.4664799221123571 0.1679472386618197 -1.33333333333159
0.4207399610561078 0.1464736193309807 -1.33333333333159
0.4207399610493575 0.1464736193473691 -1.666666666665795
0.4664799220987859 0.1679472386946674 -1.666666666665795
0.37294961645153 0.273438721847984 -1.33333333333159
0.4197147692819435 0.2206929802549019 -1.333333333331589
0.3765240513075447 0.1936798234608782 -1.333333333331589
0.3323081415589814 0.2408860275907757 -1.33333333333159
0.3729496164169979 0.2734387218889415 -1.666666666665795
0.4197147692578919 0.2206929802918045 -1.666666666665795
0.3765240512955656 0.1936798234792826 -1.666666666665795
0.3323081415417738 0.240886027611196 -1.666666666665794
0.8455532165224739 0.1060875246098769 -0.999999999997384
0.8161064330449479 0.2121750492197537 -0.9999999999973839
0.8455532165633535 0.1060875245111686 -0.3333333333324613
0.8161064331267067 0.2121750490223372 -0.3333333333324613
0.8161064330858272 0.2121750491210455 -0.6666666666649226
0.8455532165429135 0.1060875245605227 -0.6666666666649226
0.9159860286147768 0.2432710461996978 -0.9999999999973843
0.9428800277957994 0.1218793520789589 -1.000000000100637
0.8942166221591366 0.1139834383444179 -1.000000000049011
0.8660462308298624 0.2277230477097258 -0.9999999999973841
0.9159860287306267 0.2432710458032754 -0.3333333333325066
0.9428362601700423 0.1222131023682688 -0.3333333333669696
0.8941947383667018 0.1141503134397187 -0.3333333333497154
0.8660462309286681 0.2277230474128064 -0.3333333333324838
0.9159860286727015 0.2432710460014867 -0.6666666666649453
0.9428581650476976 0.122046229982419 -0.6666666667338035
0.8942056907953074 0.1140668772714709 -0.6666666666993629
0.8660462308792656 0.227723047561266 -0.666666666664934
0.8455532165020343 0.106087524659231 -1.333333333331589
0.8161064330040686 0.2121750493184619 -1.333333333331589
0.8161064329631893 0.2121750494171701 -1.666666666665795
0.8455532164815946 0.106087524708585 -1.666666666665795
0.9159860285873788 0.2432710462840139 -1.333333333331589
0.9428581650175397 0.1220462301413845 -1.333333333400425
0.8942056907597888 0.1140668774003078 -1.333333333366006
0.8660462307957244 0.2277230478012379 -1.333333333331589
0.9159860285599793 0.2432710463683302 -1.666666666665795
0.9428362601096618 0.1222131026861913 -1.666666666700213
0.8941947382956318 0.1141503136973882 -1.666666666683003
0.8660462307615863 0.2277230478927501 -1.666666666665794
0.7164799221260703 0.08461390529549703 -0.9999999999973843
0.6829598442521404 0.1692278105909941 -0.9999999999973843
0.7164799221533074 0.08461390522970726 -0.3333333333324614
0.6829598443066147 0.1692278104594145 -0.3333333333324614
0.6829598442793776 0.1692278105252043 -0.6666666666649228
0.7164799221396887 0.08461390526260215 -0.6666666666649228
0.7717242367806787 0.1978593030101672 -0.9999999999973839
0.8025287850570061 0.09892965150508359 -0.9999999999973841
0.759504353591538 0.0917717784002903 -0.9999999999973841
0.7273420405164094 0.1835435568005806 -0.9999999999973841
0.7717242368533398 0.1978593028346964 -0.3333333333324612
0.8025287850933327 0.09892965141734818 -0.3333333333324613
0.7595043536233114 0.09177177832352773 -0.3333333333324613
0.7273420405799731 0.1835435566470555 -0.3333333333324613
0.7717242368170094 0.1978593029224318 -0.6666666666649225
0.8025287850751694 0.09892965146121588 -0.6666666666649226
0.7595043536074247 0.091771778361909 -0.6666666666649226
0.7273420405481913 0.183543556723818 -0.6666666666649226
0.7164799221124518 0.0846139053283919 -1.33333333333159
0.6829598442249033 0.1692278106567838 -1.33333333333159
0.6829598441976662 0.1692278107225735 -1.666666666665795
0.7164799220988329 0.08461390536128677 -1.666666666665795
0.7717242367443458 0.1978593030979025 -1.333333333331589
0.8025287850388375 0.09892965154895125 -1.333333333331589
0.7595043535756399 0.09177177843867154 -1.333333333331589
0.7273420404846224 0.1835435568773431 -1.333333333331589
0.7717242367080123 0.1978593031856379 -1.666666666665795
0.8025287850206679 0.09892965159281893 -1.666666666665795
0.7595043535597419 0.09177177847705281 -1.666666666665795
0.7273420404528345 0.1835435569541056 -1.666666666665794
0.5874066277296663 0.06314028598111729 -0.9999999999973844
0.5498132554593327 0.1262805719622346 -0.9999999999973845
0.5874066277432614 0.06314028594824599 -0.3333333333324615
0.5498132554865227 0.126280571896492 -0.3333333333324615
0.5498132554729278 0.1262805719293633 -0.666666666664923
0.5874066277364639 0.06314028596468163 -0.6666666666649229
0.6385776479878712 0.1549120643814076 -0.9999999999973844
0.6734554906606023 0.07745603219070379 -0.9999999999973843
0.6304310591951343 0.07029815908591053 -0.9999999999973845
0.5941954517236019 0.1405963181718211 -0.9999999999973845
0.6385776480332749 0.1549120642717737 -0.3333333333324613
0.6734554906833401 0.07745603213588684 -0.3333333333324613
0.6304310592133313 0.0702981590420664 -0.3333333333324614
0.5941954517599137 0.1405963180841328 -0.3333333333324615
0.6385776480105729 0.1549120643265906 -0.6666666666649227
0.673455490671971 0.0774560321632953 -0.6666666666649227
0.6304310592042327 0.07029815906398848 -0.6666666666649228
0.594195451741758 0.140596318127977 -0.6666666666649229
0.5874066277228689 0.06314028599755292 -1.33333333333159
0.5498132554457378 0.1262805719951058 -1.33333333333159
0.5498132554321427 0.1262805720279771 -1.666666666665795
0.5874066277160713 0.06314028601398854 -1.666666666665795
0.6385776479651935 0.1549120644362245 -1.333333333331589
0.6734554906492816 0.07745603221811223 -1.333333333331589
0.6304310591860902 0.07029815910783255 -1.33333333333159
0.5941954517054733 0.1405963182156651 -1.333333333331589
0.6385776479425154 0.1549120644910413 -1.666666666665795
0.6734554906379603 0.07745603224552067 -1.666666666665795
0.6304310591770459 0.07029815912975458 -1.666666666665795
0.5941954516873442 0.1405963182595092 -1.666666666665795
0.5054310591950635 0.111964825752648 -0.9999999999973845
0.5443821962641984 0.05598241287632404 -0.9999999999973843
0.5013577647987304 0.04882453977153077 -0.9999999999973843
0.4610488629307942 0.09764907954306151 -0.9999999999973845
0.5054310592131472 0.1119648257088511 -0.333333333332484
0.5443821962732233 0.05598241285442557 -0.3333333333325066
0.5013577648032808 0.04882453976060518 -0.3333333333325518
0.4610488629398198 0.09764907952121032 -0.3333333333325067
0.5054310592041056 0.1119648257307496 -0.6666666666649342
0.5443821962687108 0.05598241286537479 -0.6666666666649451
0.5013577648010057 0.04882453976606793 -0.666666666664968
0.4610488629353069 0.09764907953213588 -0.6666666666649455
0.5054310591860102 0.1119648257745465 -1.33333333333159
0.5443821962596631 0.05598241288727326 -1.333333333331589
0.5013577647965055 0.04882453977699358 -1.33333333333159
0.4610488629263066 0.09764907955398708 -1.33333333333159
0.505431059176957 0.1119648257964449 -1.666666666665795
0.5443821962551281 0.05598241289822246 -1.666666666665795
0.5013577647942804 0.04882453978245638 -1.666666666665795
0.461048862921819 0.09764907956491273 -1.666666666665795
3 3 0 605
241
242
243
244
245
246
247
248
249
3431
3432
3433
3434
3435
3436
3437
3438
3439
3440
3441
3442
3443
3444
3445
3446
3447
3448
3449
3450
3451
3452
3453
3454
3455
3456
3457
3458
3459
3460
3461
3462
3463
3464
3465
3466
3467
3468
3469
3470
3471
3472
3473
3474
3475
3476
3477
3478
3479
3480
3481
3482
3483
3484
3485
3486
3487
3488
3489
3490
3491
3492
3493
3494
3495
3496
3497
3498
3499
3500
3501
3502
3503
3504
3505
3506
3507
3508
3509
3510
3511
3512
3513
3514
3515
3516
3517
3518
3519
3520
3521
3522
3523
3524
3525
3526
3527
3528
3529
3530
3531
3532
3533
3534
3535
3536
3537
3538
3539
3540
3541
3542
3543
3544
3545
3546
3547
3548
3549
3550
3551
3552
3553
3554
3555
3556
3557
3558
3559
3560
3561
3562
3563
3564
3565
3566
3567
3568
3569
3570
3571
3572
3573
3574
3575
3576
3577
3578
3579
3580
3581
3582
3583
3584
3585
3586
3587
3588
3589
3590
3591
3592
3593
3594
3595
3596
3597
3598
3599
3600
3601
3602
3603
3604
3605
3606
3607
3608
3609
3610
3611
3612
3613
3614
3615
3616
3617
3618
3619
3620
3621
3622
3623
3624
3625
3626
3627
3628
3629
3630
3631
3632
3633
3634
3635
3636
3637
3638
3639
3640
3641
3642
3643
3644
3645
3646
3647
3648
3649
3650
3651
3652
3653
3654
3655
3656
3657
3658
3659
3660
3661
3662
3663
3664
3665
3666
3667
3668
3669
3670
3671
3672
3673
3674
3675
3676
3677
3678
3679
3680
3681
3682
3683
3684
3685
3686
3687
3688
3689
3690
3691
3692
3693
3694
3695
3696
3697
3698
3699
3700
3701
3702
3703
3704
3705
3706
3707
3708
3709
3710
3711
3712
3713
3714
3715
3716
3717
3718
3719
3720
3721
3722
3723
3724
3725
3726
3727
3728
3729
3730
3731
3732
3733
3734
3735
3736
3737
3738
3739
3740
3741
3742
3743
3744
3745
3746
3747
3748
3749
3750
3751
3752
3753
3754
3755
3756
3757
3758
3759
3760
3761
3762
3763
3764
3765
3766
3767
3768
3769
3770
3771
3772
3773
3774
3775
3776
3777
3778
3779
3780
3781
3782
3783
3784
3785
3786
3787
3788
3789
3790
3791
3792
3793
3794
3795
3796
3797
3798
3799
3800
3801
3802
3803
3804
3805
3806
3807
3808
3809
3810
3811
3812
3813
3814
3815
3816
3817
3818
3819
3820
3821
3822
3823
3824
3825
3826
3827
3828
3829
3830
3831
3832
3833
3834
3835
3836
3837
3838
3839
3840
3841
3842
3843
3844
3845
3846
3847
3848
3849
3850
3851
3852
3853
3854
3855
3856
3857
3858
3859
3860
3861
3862
3863
3864
3865
3866
3867
3868
3869
3870
3871
3872
3873
3874
3875
3876
3877
3878
3879
3880
3881
3882
3883
3884
3885
3886
3887
3888
3889
3890
3891
3892
3893
3894
3895
3896
3897
3898
3899
3900
3901
3902
3903
3904
3905
3906
3907
3908
3909
3910
3911
3912
3913
3914
3915
3916
3917
3918
3919
3920
3921
3922
3923
3924
3925
3926
3927
3928
3929
3930
3931
3932
3933
3934
3935
3936
3937
3938
3939
3940
3941
3942
3943
3944
3945
3946
3947
3948
3949
3950
3951
3952
3953
3954
3955
3956
3957
3958
3959
3960
3961
3962
3963
3964
3965
3966
3967
3968
3969
3970
3971
3972
3973
3974
3975
3976
3977
3978
3979
3980
3981
3982
3983
3984
3985
3986
3987
3988
3989
3990
3991
3992
3993
3994
3995
3996
3997
3998
3999
4000
4001
4002
4003
4004
4005
4006
4007
4008
4009
4010
4011
4012
4013
4014
4015
4016
4017
4018
4019
4020
4021
4022
4023
4024
4025
4026
0.7866596492248821 -0.3182625746567119 -0.999999999997384
0.6494397661499605 -0.253841716437769 -0.999999999997384
0.5122198830750387 -0.1894208582188261 -0.9999999999973841
0.5928300852807675 -0.5928300864990534 -0.9999999999973845
0.4785533901873186 -0.4785533909992288 -0.9999999999973843
0.3642766950938695 -0.3642766954994039 -0.9999999999973842
0.3182625738296305 -0.7866596495674218 -0.9999999999973839
0.2538417158864912 -0.6494397663782109 -0.9999999999973841
0.1894208579433518 -0.512219883188999 -0.999999999997384
0.87813957127483 -0.3612098134693406 -0.9999999999973842
0.8323996102498561 -0.3397361940630262 -0.9999999999973841
0.8455532164082941 -0.1060875248855706 -0.999999999997384
0.8161064328165881 -0.2121750497711413 -0.9999999999973839
0.7866596491720211 -0.3182625747843434 -0.6666666666649227
0.78665964911916 -0.318262574911975 -0.3333333333324613
0.9428800277210024 -0.1218793524515446 -1.000000000202688
0.9159860284013388 -0.2432710468959726 -0.9999999999973843
0.8660462306089636 -0.2277230483335569 -0.9999999999973841
0.8942166220646482 -0.1139834386685576 -1.000000000100036
0.8781395712102135 -0.3612098136253432 -0.6666666666649229
0.878139571145597 -0.361209813781346 -0.3333333333324615
0.8323996101323785 -0.3397361943466605 -0.3333333333324614
0.8323996101911173 -0.3397361942048434 -0.6666666666649228
0.8455532163730535 -0.1060875249706583 -0.3333333333324613
0.8455532163906737 -0.1060875249281145 -0.6666666666649226
0.8161064327813474 -0.2121750498562289 -0.6666666666649227
0.8161064327461067 -0.2121750499413166 -0.3333333333324614
0.9428362600393766 -0.1222131030331133 -0.3333333334009865
0.9428581649449954 -0.1220462305011368 -0.6666666668018377
0.9159860283689173 -0.243271047001507 -0.6666666666649455
0.9159860283364967 -0.2432710471070413 -0.3333333333325066
0.8941947382062188 -0.1141503140018858 -0.3333333333667238
0.8942056906678366 -0.1140668777146256 -0.6666666667333798
0.8660462305751334 -0.2277230484288681 -0.6666666666649343
0.8660462305413035 -0.227723048524179 -0.333333333332484
0.7409196881999083 -0.2967889552503976 -0.999999999997384
0.6951797271749344 -0.2753153358440833 -0.9999999999973839
0.7164799220499868 -0.08461390547925632 -0.9999999999973842
0.6829598440999736 -0.1692278109585126 -0.9999999999973841
0.6494397661147328 -0.2538417165228437 -0.6666666666649227
0.649439766079505 -0.2538417166079184 -0.3333333333324613
0.8025287849555249 -0.09892965175013253 -0.9999999999973841
0.7717242365777166 -0.1978593035002651 -0.999999999997384
0.7273420403388452 -0.1835435572293889 -0.9999999999973839
0.7595043535027559 -0.09177177861469443 -0.9999999999973841
0.740919688152925 -0.2967889553638435 -0.6666666666649226
0.7409196881059418 -0.2967889554772895 -0.3333333333324613
0.6951797270927234 -0.2753153360426039 -0.3333333333324613
0.6951797271338288 -0.2753153359433436 -0.6666666666649227
0.7164799220265017 -0.0846139055359728 -0.3333333333324614
0.7164799220382442 -0.08461390550761458 -0.6666666666649228
0.6829598440764885 -0.1692278110152292 -0.6666666666649228
0.6829598440530034 -0.1692278110719456 -0.3333333333324614
0.8025287849241968 -0.0989296518257632 -0.3333333333324613
0.8025287849398611 -0.09892965178794785 -0.6666666666649226
0.7717242365463932 -0.1978593035758957 -0.6666666666649224
0.7717242365150696 -0.1978593036515264 -0.3333333333324612
0.7595043534753408 -0.09177177868086794 -0.3333333333324613
0.7595043534890485 -0.09177177864778124 -0.6666666666649226
0.7273420403114386 -0.1835435572955625 -0.6666666666649228
0.727342040284032 -0.1835435573617359 -0.3333333333324614
0.6036998051249866 -0.2323680970314547 -0.9999999999973841
0.5579598441000126 -0.2108944776251404 -0.9999999999973841
0.5874066276916796 -0.06314028607294203 -0.9999999999973843
0.5498132553833592 -0.1262805721458841 -0.9999999999973841
0.5122198830574443 -0.189420858261344 -0.6666666666649228
0.5122198830398498 -0.1894208583038619 -0.3333333333324614
0.6734554905972177 -0.07745603234381823 -0.9999999999973843
0.6385776478611022 -0.1549120646876365 -0.9999999999973841
0.5941954516222305 -0.1405963184167602 -0.9999999999973841
0.6304310591444486 -0.07029815920838012 -0.9999999999973843
0.6036998050956366 -0.2323680971023438 -0.6666666666649228
0.6036998050662866 -0.2323680971732329 -0.3333333333324614
0.5579598440530682 -0.2108944777385474 -0.3333333333324614
0.5579598440765405 -0.2108944776818439 -0.6666666666649228
0.58740662767995 -0.0631402861012873 -0.3333333333324614
0.5874066276858149 -0.06314028608711467 -0.6666666666649228
0.5498132553716295 -0.1262805721742293 -0.6666666666649227
0.5498132553598999 -0.1262805722025746 -0.3333333333324613
0.6734554905776994 -0.07745603239107764 -0.3333333333324613
0.6734554905874582 -0.07745603236744793 -0.6666666666649226
0.6385776478415476 -0.1549120647348959 -0.6666666666649226
0.6385776478219932 -0.1549120647821553 -0.3333333333324613
0.6304310591288549 -0.07029815924618245 -0.3333333333324612
0.630431059136652 -0.07029815922728129 -0.6666666666649225
0.5941954516065957 -0.1405963184545626 -0.6666666666649228
0.5941954515909617 -0.1405963184923649 -0.3333333333324614
0.4664799220500648 -0.1679472388125118 -0.9999999999973842
0.4207399610250908 -0.1464736194061975 -0.9999999999973842
0.5443821962389104 -0.05598241293750394 -0.9999999999973843
0.5054310591444877 -0.1119648258750079 -0.9999999999973843
0.4610488629056161 -0.09764907960413167 -0.9999999999973841
0.5013577647861412 -0.04882453980206584 -0.9999999999973843
0.4664799220383481 -0.1679472388408441 -0.6666666666649229
0.4664799220266315 -0.1679472388691764 -0.3333333333324615
0.420739961013413 -0.1464736194344909 -0.3333333333324615
0.4207399610192519 -0.1464736194203442 -0.6666666666649229
0.5443821962310741 -0.05598241295639506 -0.3333333333325066
0.544382196234992 -0.05598241294694949 -0.6666666666649452
0.505431059136668 -0.111964825893899 -0.6666666666649339
0.5054310591288482 -0.1119648259127902 -0.3333333333324839
0.5013577647822929 -0.0488245398115028 -0.3333333333325519
0.5013577647842171 -0.04882453980678435 -0.6666666666649681
0.4610488629017304 -0.09764907961356867 -0.6666666666649455
0.4610488628978441 -0.09764907962300569 -0.3333333333325065
0.6690145486764001 -0.6690145501656035 -0.9999999999973844
0.6309223169785838 -0.6309223183323285 -0.9999999999973845
0.722049794576844 -0.4097850786041591 -0.9999999999973842
0.6574399399288058 -0.5013075825516062 -0.9999999999973843
0.5928300850777197 -0.5928300867021014 -0.6666666666649231
0.592830084874672 -0.5928300869051492 -0.3333333333324616
0.818285824322423 -0.4694909975583368 -0.9999999999973843
0.7480488731181759 -0.5729434806921838 -0.9999999999973843
0.7027444065234909 -0.537125531621895 -0.9999999999973843
0.7701678094496336 -0.439638038081248 -0.9999999999973843
0.6690145484281995 -0.6690145504138041 -0.666666666664923
0.6690145481799987 -0.6690145506620049 -0.3333333333324616
0.6309223165273354 -0.630922318783577 -0.3333333333324616
0.6309223167529596 -0.6309223185579528 -0.6666666666649232
0.7220497943709975 -0.4097850789096997 -0.3333333333324615
0.7220497944739208 -0.4097850787569294 -0.6666666666649229
0.6574399397758204 -0.5013075827295153 -0.6666666666649228
0.6574399396228348 -0.5013075829074244 -0.3333333333324614
0.8181176672149961 -0.4697825941098909 -0.3333333333324614
0.818201764174342 -0.4696368064440949 -0.6666666666649226
0.7480488729384211 -0.5729434809192897 -0.6666666666649228
0.7480488727586661 -0.5729434811463957 -0.3333333333324615
0.7700837307929969 -0.4397838365097954 -0.3333333333324614
0.7701257793241312 -0.4397109426005122 -0.6666666666649228
0.702744406357121 -0.5371255318244025 -0.6666666666649228
0.7027444061907504 -0.5371255320269099 -0.3333333333324614
0.5547378535829512 -0.5547378546657786 -0.9999999999973845
0.5166456218851349 -0.5166456228325037 -0.9999999999973843
0.5924776408290798 -0.3287456079582556 -0.9999999999973841
0.5355155155081992 -0.4036494994787422 -0.9999999999973841
0.4785533900520002 -0.4785533911345473 -0.6666666666649229
0.4785533899166818 -0.4785533912698657 -0.3333333333324615
0.6788590766609226 -0.3827719217221913 -0.9999999999973841
0.6167984651219369 -0.4687548881939849 -0.9999999999973841
0.5761569903150681 -0.4362021938363635 -0.9999999999973841
0.6356683587450012 -0.3557587648402234 -0.999999999997384
0.5547378534024799 -0.55473785484625 -0.666666666664923
0.5547378532220085 -0.5547378550267212 -0.3333333333324615
0.5166456215693451 -0.5166456231482935 -0.3333333333324614
0.5166456217272399 -0.5166456229903986 -0.6666666666649228
0.5924776406918973 -0.3287456081619008 -0.3333333333324613
0.5924776407604886 -0.3287456080600782 -0.6666666666649227
0.5355155154062445 -0.4036494995973128 -0.6666666666649227
0.5355155153042895 -0.4036494997158833 -0.3333333333324613
0.6788590764779643 -0.3827719219937668 -0.3333333333324614
0.6788590765694434 -0.382771921857979 -0.6666666666649228
0.6167984649859616 -0.4687548883521144 -0.6666666666649226
0.6167984648499863 -0.4687548885102439 -0.3333333333324613
0.6356683585849308 -0.3557587650778338 -0.3333333333324612
0.635668358664966 -0.3557587649590285 -0.6666666666649225
0.576156990196103 -0.4362021939747136 -0.6666666666649224
0.5761569900771378 -0.4362021941130636 -0.3333333333324612
0.4404611584895022 -0.4404611591659539 -0.9999999999973843
0.4023689267916859 -0.4023689273326789 -0.9999999999973843
0.4629054870813157 -0.2477061373123521 -0.9999999999973842
0.4135910910875926 -0.305991416405878 -0.9999999999973842
0.3642766950262805 -0.364276695566993 -0.6666666666649229
0.3642766949586915 -0.3642766956345821 -0.3333333333324615
0.5492869229131584 -0.3017324510762878 -0.9999999999973842
0.4948740407013303 -0.3710968051211209 -0.9999999999973841
0.4542325658944615 -0.3385441107634994 -0.9999999999973842
0.5060962049972371 -0.2747192941943199 -0.9999999999973843
0.4404611583767604 -0.4404611592786959 -0.6666666666649228
0.4404611582640184 -0.4404611593914378 -0.3333333333324614
0.4023689266113549 -0.40236892751301 -0.3333333333324615
0.4023689267015205 -0.4023689274228445 -0.6666666666649229
0.462905487012797 -0.247706137414102 -0.3333333333324614
0.4629054870470564 -0.2477061373632271 -0.6666666666649228
0.4135910910366685 -0.3059914164651101 -0.6666666666649228
0.4135910909857443 -0.305991416524342 -0.3333333333324614
0.5492869227988638 -0.3017324512459678 -0.3333333333324612
0.5492869228560113 -0.3017324511611278 -0.6666666666649225
0.4948740406163857 -0.371096805219912 -0.6666666666649225
0.4948740405314412 -0.3710968053187028 -0.3333333333324612
0.5060962049058303 -0.2747192943300348 -0.3333333333324615
0.5060962049515337 -0.2747192942621773 -0.6666666666649229
0.4542325658265272 -0.3385441108425109 -0.6666666666649228
0.4542325657585926 -0.3385441109215224 -0.3333333333324614
0.3261844633960533 -0.326184463666129 -0.9999999999973843
0.2880922316982371 -0.2880922318328541 -0.9999999999973843
0.4197147691653943 -0.2206929804303842 -0.9999999999973843
0.3729496162807239 -0.2734387220482566 -0.9999999999973843
0.332308141473855 -0.2408860276906353 -0.9999999999973843
0.376524051249473 -0.1936798235484164 -0.9999999999973843
0.3261844633510408 -0.3261844637111416 -0.6666666666649228
0.3261844633060281 -0.3261844637561544 -0.3333333333324614
0.2880922316533647 -0.2880922318777265 -0.3333333333324614
0.2880922316758009 -0.2880922318552903 -0.6666666666649228
0.4197147691197656 -0.220692980498167 -0.3333333333324612
0.4197147691425802 -0.2206929804642755 -0.6666666666649225
0.3729496162468131 -0.273438722087706 -0.6666666666649227
0.3729496162129021 -0.2734387221271556 -0.3333333333324613
0.3765240512267344 -0.193679823582232 -0.3333333333324612
0.3765240512381038 -0.1936798235653243 -0.6666666666649226
0.3323081414569573 -0.2408860277103022 -0.6666666666649229
0.3323081414400595 -0.2408860277299692 -0.3333333333324615
0.3612098124583901 -0.878139571693563 -0.9999999999973842
0.3397361931440103 -0.8323996106304924 -0.9999999999973841
0.5013075814637219 -0.6574399408551763 -0.9999999999973844
0.4097850776466762 -0.722049795211299 -0.9999999999973841
0.3182625736815681 -0.786659649628741 -0.6666666666649227
0.3182625735335057 -0.7866596496900602 -0.3333333333324613
0.5733439367428257 -0.7477413514089256 -0.9999999999973843
0.4699283587477021 -0.818033534530176 -0.9999999999973843
0.4398567181971891 -0.7700416648707376 -0.9999999999973843
0.5373257591032736 -0.7025906461320508 -0.9999999999973845
0.3612098122774092 -0.8781395717685245 -0.6666666666649229
0.3612098120964284 -0.8781395718434857 -0.3333333333324615
0.339736192814967 -0.832399610766773 -0.3333333333324614
0.3397361929794886 -0.8323996106986328 -0.6666666666649228
0.5013075810942833 -0.6574399411667862 -0.3333333333324615
0.5013075812790027 -0.6574399410109812 -0.666666666664923
0.4097850774802854 -0.7220497953198609 -0.6666666666649228
0.4097850773138945 -0.7220497954284231 -0.3333333333324614
0.5730769905550102 -0.7479464006591536 -0.3333333333324614
0.573210476593249 -0.747843892879926 -0.6666666666649237
0.4699283585403384 -0.8180335346540623 -0.6666666666649229
0.4699283583329747 -0.8180335347779499 -0.3333333333324615
0.5371922858246467 -0.7026931709129699 -0.3333333333324616
0.5372590289361258 -0.7026419169454536 -0.6666666666649236
0.439856718010312 -0.7700416649869618 -0.666666666664923
0.4398567178234346 -0.7700416651031863 -0.3333333333324615
0.2967889545152507 -0.7409196885043515 -0.9999999999973841
0.275315335200871 -0.6951797274412812 -0.9999999999973841
0.4036494987537095 -0.5355155161255563 -0.9999999999973843
0.3287456073201004 -0.5924776412518835 -0.9999999999973841
0.2538417157878066 -0.6494397664190665 -0.6666666666649228
0.2538417156891219 -0.6494397664599223 -0.3333333333324614
0.4687548872270511 -0.616798465945303 -0.9999999999973843
0.3827719208711509 -0.6788590772248271 -0.9999999999973841
0.3557587640956256 -0.6356683592383553 -0.9999999999973841
0.4362021929903802 -0.5761569910354296 -0.9999999999973843
0.2967889543836476 -0.7409196885588495 -0.6666666666649229
0.2967889542520444 -0.7409196886133474 -0.3333333333324615
0.2753153349705832 -0.6951797275366349 -0.3333333333324614
0.2753153350857271 -0.695179727488958 -0.6666666666649228
0.4036494985074952 -0.5355155163332178 -0.3333333333324615
0.4036494986306024 -0.5355155162293871 -0.6666666666649229
0.3287456072092045 -0.5924776413242268 -0.6666666666649228
0.3287456070983086 -0.5924776413965701 -0.3333333333324614
0.4687548868986872 -0.616798466222263 -0.3333333333324614
0.4687548870628692 -0.616798466083783 -0.6666666666649228
0.3827719207232584 -0.6788590773213159 -0.6666666666649228
0.3827719205753656 -0.678859077417805 -0.3333333333324614
0.4362021927030911 -0.5761569912777407 -0.3333333333324612
0.4362021928467357 -0.5761569911565851 -0.6666666666649225
0.3557587639662315 -0.6356683593227714 -0.6666666666649228
0.3557587638368371 -0.6356683594071877 -0.3333333333324614
0.2323680965721114 -0.6036998053151403 -0.9999999999973841
0.2108944772577316 -0.5579598442520697 -0.999999999997384
0.305991416043697 -0.4135910913959356 -0.9999999999973842
0.2477061369935244 -0.4629054872924673 -0.9999999999973841
0.1894208578940449 -0.5122198832093916 -0.6666666666649227
0.1894208578447379 -0.5122198832297841 -0.3333333333324613
0.3710968045170386 -0.4948740412156828 -0.9999999999973843
0.3017324505445751 -0.5492869232654115 -0.9999999999973841
0.2747192937690497 -0.5060962052789393 -0.9999999999973841
0.3385441102803678 -0.4542325663058092 -0.9999999999973842
0.232368096489886 -0.603699805349175 -0.6666666666649228
0.2323680964076606 -0.6036998053832097 -0.3333333333324614
0.2108944771261993 -0.5579598443064968 -0.3333333333324613
0.2108944771919655 -0.5579598442792832 -0.6666666666649226
0.3059914159207069 -0.4135910914996495 -0.3333333333324615
0.3059914159822019 -0.4135910914477926 -0.6666666666649229
0.2477061369381234 -0.462905487328592 -0.6666666666649228
0.2477061368827225 -0.4629054873647167 -0.3333333333324614
0.3710968043118992 -0.4948740413886952 -0.3333333333324614
0.3710968044144689 -0.4948740413021889 -0.6666666666649228
0.3017324504521776 -0.5492869233256819 -0.6666666666649227
0.3017324503597798 -0.5492869233859522 -0.3333333333324613
0.338544110116303 -0.4542325664441723 -0.3333333333324614
0.3385441101983356 -0.4542325663749909 -0.6666666666649228
0.2747192936951505 -0.5060962053271369 -0.6666666666649228
0.2747192936212511 -0.5060962053753346 -0.3333333333324614
0.1679472386289721 -0.4664799221259285 -0.9999999999973841
0.1464736193145923 -0.420739961062858 -0.9999999999973843
0.2734387218070262 -0.3729496164860622 -0.9999999999973843
0.2206929802179992 -0.4197147693059953 -0.9999999999973841
0.1936798234424739 -0.3765240513195234 -0.9999999999973841
0.2408860275703555 -0.3323081415761888 -0.9999999999973841
0.1679472385961243 -0.4664799221395 -0.6666666666649228
0.1679472385632767 -0.4664799221530713 -0.3333333333324614
0.1464736192818154 -0.4207399610763586 -0.3333333333324615
0.1464736192982038 -0.4207399610696084 -0.6666666666649229
0.2734387217251109 -0.3729496165551267 -0.3333333333324613
0.2734387217660685 -0.3729496165205943 -0.6666666666649227
0.2206929801810965 -0.4197147693300473 -0.6666666666649227
0.2206929801441939 -0.4197147693540989 -0.3333333333324613
0.2408860275295149 -0.3323081416106038 -0.3333333333324614
0.2408860275499351 -0.3323081415933962 -0.6666666666649228
0.1936798234240694 -0.3765240513315025 -0.6666666666649226
0.1936798234056652 -0.3765240513434812 -0.3333333333324612
0.2121750492197537 -0.8161064330449479 -0.999999999997384
0.1060875246098768 -0.8455532165224739 -0.9999999999973839
0.2437587046158522 -0.9158551629889118 -1.000000000063457
0.1223799695420738 -0.942814313108628 -0.9999999999973841
0.1142337470759753 -0.8941837648155508 -0.9999999999973841
0.2279668769178029 -0.8659807980169298 -1.000000000030421
0.2121750490223372 -0.8161064331267068 -0.3333333333324614
0.2121750491210454 -0.8161064330858274 -0.6666666666649228
0.1060875245605227 -0.8455532165429136 -0.6666666666649227
0.1060875245111686 -0.8455532165633534 -0.3333333333324614
0.2434336096195691 -0.9159424478933507 -0.3333333333545311
0.2435961626300721 -0.9158988259582839 -0.6666666667089937
0.1223799694331284 -0.9428143131276258 -0.6666666666649677
0.1223799693241831 -0.9428143131466244 -0.3333333333325518
0.2278043293209531 -0.8660244405100304 -0.3333333333434961
0.2278856058755587 -0.8660026295220562 -0.6666666666869581
0.1142337469968255 -0.8941837648352718 -0.6666666666649453
0.1142337469176758 -0.8941837648549926 -0.3333333333325066
0.1692278105909942 -0.6829598442521406 -0.9999999999973842
0.08461390529549709 -0.7164799221260703 -0.9999999999973842
0.1978593030101671 -0.7717242367806787 -0.9999999999973841
0.09892965150508357 -0.8025287850570061 -0.9999999999973841
0.09177177840029035 -0.7595043535915381 -0.9999999999973841
0.1835435568005807 -0.7273420405164097 -0.9999999999973841
0.1692278104594146 -0.6829598443066148 -0.3333333333324614
0.1692278105252044 -0.6829598442793776 -0.6666666666649228
0.08461390526260219 -0.7164799221396889 -0.6666666666649228
0.0846139052297073 -0.7164799221533075 -0.3333333333324614
0.1978593028346964 -0.7717242368533401 -0.3333333333324614
0.1978593029224317 -0.7717242368170094 -0.6666666666649228
0.09892965146121585 -0.8025287850751694 -0.6666666666649227
0.09892965141734819 -0.8025287850933319 -0.3333333333324614
0.1835435566470554 -0.7273420405799731 -0.3333333333324614
0.1835435567238181 -0.7273420405481912 -0.6666666666649228
0.09177177836190906 -0.759504353607425 -0.6666666666649228
0.09177177832352772 -0.7595043536233115 -0.3333333333324614
0.1262805719622346 -0.5498132554593327 -0.9999999999973841
0.06314028598111729 -0.5874066277296663 -0.9999999999973841
0.1549120643814076 -0.6385776479878714 -0.9999999999973843
0.07745603219070382 -0.6734554906606022 -0.9999999999973844
0.07029815908591056 -0.6304310591951342 -0.9999999999973841
0.1405963181718211 -0.5941954517236021 -0.9999999999973842
0.1262805718964919 -0.5498132554865227 -0.3333333333324614
0.1262805719293633 -0.5498132554729278 -0.6666666666649228
0.06314028596468164 -0.5874066277364639 -0.6666666666649226
0.06314028594824597 -0.5874066277432612 -0.3333333333324613
0.1549120642717737 -0.6385776480332752 -0.3333333333324614
0.1549120643265907 -0.6385776480105728 -0.6666666666649228
0.07745603216329533 -0.6734554906719714 -0.6666666666649228
0.07745603213588687 -0.6734554906833401 -0.3333333333324614
0.1405963180841329 -0.5941954517599142 -0.3333333333324614
0.140596318127977 -0.594195451741758 -0.6666666666649228
0.07029815906398849 -0.6304310592042328 -0.6666666666649226
0.07029815904206645 -0.6304310592133311 -0.3333333333324613
0.111964825752648 -0.5054310591950635 -0.9999999999973841
0.05598241287632404 -0.5443821962641984 -0.9999999999973842
0.04882453977153077 -0.5013577647987304 -0.9999999999973841
0.09764907954306151 -0.4610488629307943 -0.9999999999973842
0.1119648257088511 -0.5054310592131479 -0.3333333333324839
0.1119648257307496 -0.5054310592041054 -0.666666666664934
0.0559824128653748 -0.544382196268711 -0.6666666666649453
0.05598241285442555 -0.5443821962732232 -0.3333333333325066
0.09764907952121027 -0.4610488629398197 -0.3333333333325066
0.09764907953213592 -0.461048862935307 -0.6666666666649452
0.04882453976606795 -0.5013577648010058 -0.6666666666649679
0.04882453976060517 -0.5013577648032808 -0.3333333333325518
0.7866596493306041 -0.3182625744014489 -1.666666666665795
0.7866596492777431 -0.3182625745290804 -1.333333333331589
0.8781395714040631 -0.361209813157335 -1.666666666665795
0.8781395713394464 -0.3612098133133379 -1.33333333333159
0.8323996103085949 -0.3397361939212091 -1.33333333333159
0.8323996103673337 -0.339736193779392 -1.666666666665795
0.8455532164259144 -0.1060875248430268 -1.333333333331589
0.8455532164435346 -0.106087524800483 -1.666666666665795
0.8161064328870693 -0.2121750496009659 -1.666666666665795
0.8161064328518288 -0.2121750496860536 -1.333333333331589
0.9428581649670159 -0.1220462303944385 -1.333333333468458
0.9428362600834552 -0.1222131028197218 -1.66666666673423
0.9159860284727421 -0.2432710466604759 -1.666666666665795
0.9159860284370405 -0.2432710467782244 -1.33333333333159
0.894205690696467 -0.1140668776187326 -1.333333333400023
0.8941947382634983 -0.1141503138101024 -1.666666666700012
0.8660462306799076 -0.2277230481307209 -1.666666666665794
0.8660462306444359 -0.2277230482321389 -1.333333333331589
0.6494397662204159 -0.2538417162676196 -1.666666666665795
0.6494397661851882 -0.2538417163526943 -1.333333333331589
0.7409196882938747 -0.2967889550235058 -1.666666666665795
0.7409196882468916 -0.2967889551369517 -1.333333333331589
0.6951797272160398 -0.275315335744823 -1.333333333331589
0.6951797272571453 -0.2753153356455627 -1.666666666665795
0.7164799220617294 -0.08461390545089809 -1.33333333333159
0.716479922073472 -0.08461390542253985 -1.666666666665795
0.6829598441469439 -0.1692278108450797 -1.666666666665795
0.6829598441234588 -0.1692278109017962 -1.333333333331589
0.8025287849711831 -0.09892965171231721 -1.333333333331589
0.8025287849868417 -0.09892965167450191 -1.666666666665795
0.7717242366403583 -0.1978593033490038 -1.666666666665795
0.7717242366090376 -0.1978593034246344 -1.333333333331589
0.7595043535164521 -0.09177177858160768 -1.333333333331589
0.7595043535301482 -0.09177177854852089 -1.666666666665795
0.7273420403936464 -0.1835435570970418 -1.666666666665795
0.7273420403662463 -0.1835435571632154 -1.333333333331589
0.5122198831102275 -0.1894208581337903 -1.666666666665795
0.5122198830926331 -0.1894208581763082 -1.33333333333159
0.6036998051836864 -0.2323680968896765 -1.666666666665795
0.6036998051543364 -0.2323680969605656 -1.333333333331589
0.5579598441234848 -0.2108944775684369 -1.33333333333159
0.5579598441469571 -0.2108944775117334 -1.666666666665795
0.5874066276975443 -0.06314028605876941 -1.33333333333159
0.5874066277034091 -0.06314028604459679 -1.666666666665795
0.5498132554068185 -0.1262805720891935 -1.666666666665795
0.5498132553950887 -0.1262805721175388 -1.33333333333159
0.6734554906070249 -0.07745603232018854 -1.333333333331589
0.6734554906168326 -0.07745603229655883 -1.666666666665795
0.6385776479002596 -0.1549120645931176 -1.666666666665795
0.6385776478806806 -0.154912064640377 -1.333333333331589
0.6304310591522999 -0.07029815918947893 -1.33333333333159
0.6304310591601512 -0.0702981591705778 -1.666666666665795
0.5941954516535541 -0.1405963183411555 -1.666666666665795
0.5941954516378922 -0.1405963183789579 -1.333333333331589
0.466479922073498 -0.1679472387558472 -1.666666666665795
0.4664799220617813 -0.1679472387841796 -1.333333333331589
0.4207399610309297 -0.1464736193920508 -1.33333333333159
0.4207399610367684 -0.1464736193779042 -1.666666666665795
0.544382196242803 -0.05598241292806109 -1.333333333331589
0.5443821962466961 -0.05598241291861824 -1.666666666665795
0.5054310591600987 -0.1119648258372316 -1.666666666665795
0.505431059152293 -0.1119648258561197 -1.333333333331589
0.5013577647881102 -0.04882453979735277 -1.33333333333159
0.5013577647900788 -0.04882453979263972 -1.666666666665795
0.4610488629134263 -0.09764907958526955 -1.666666666665795
0.4610488629095211 -0.09764907959470061 -1.333333333331589
0.592830085686863 -0.5928300860929582 -1.666666666665795
0.5928300854838152 -0.5928300862960059 -1.33333333333159
0.6690145491728012 -0.6690145496692025 -1.666666666665795
0.6690145489246008 -0.6690145499174031 -1.33333333333159
0.630922317204208 -0.6309223181067044 -1.33333333333159
0.6309223174298322 -0.6309223178810803 -1.666666666665795
0.7220497946797673 -0.4097850784513889 -1.33333333333159
0.7220497947826904 -0.4097850782986187 -1.666666666665795
0.6574399402347768 -0.5013075821957883 -1.666666666665795
0.6574399400817913 -0.5013075823736972 -1.33333333333159
0.8182017644069332 -0.4696368060579023 -1.333333333331589
0.8181176676803231 -0.4697825933375873 -1.666666666665796
0.7480488735173456 -0.5729434801862859 -1.666666666665795
0.748048873317761 -0.5729434804392348 -1.33333333333159
0.77012577954335 -0.4397109422546456 -1.33333333333159
0.7700837312315063 -0.4397838358181031 -1.666666666665795
0.7027444068760612 -0.5371255311910373 -1.666666666665795
0.7027444066997759 -0.537125531406466 -1.33333333333159
0.4785533904579554 -0.4785533907285922 -1.666666666665795
0.478553390322637 -0.4785533908639105 -1.33333333333159
0.5547378539438937 -0.5547378543048361 -1.666666666665795
0.5547378537634224 -0.5547378544853074 -1.33333333333159
0.5166456220430297 -0.5166456226746089 -1.33333333333159
0.5166456222009246 -0.5166456225167141 -1.666666666665795
0.5924776408976712 -0.328745607856433 -1.333333333331589
0.5924776409662624 -0.3287456077546104 -1.666666666665795
0.5355155157121089 -0.4036494992416013 -1.666666666665795
0.535515515610154 -0.4036494993601717 -1.333333333331589
0.6788590767524019 -0.3827719215864036 -1.333333333331589
0.6788590768438809 -0.3827719214506158 -1.666666666665795
0.6167984653938875 -0.4687548878777259 -1.666666666665795
0.6167984652579119 -0.4687548880358555 -1.333333333331589
0.6356683588250365 -0.3557587647214182 -1.33333333333159
0.6356683589050717 -0.355758764602613 -1.666666666665795
0.5761569905529982 -0.4362021935596636 -1.666666666665795
0.5761569904340329 -0.4362021936980136 -1.33333333333159
0.3642766952290478 -0.3642766953642259 -1.666666666665795
0.3642766951614587 -0.364276695431815 -1.33333333333159
0.4404611587149863 -0.4404611589404702 -1.666666666665795
0.4404611586022443 -0.440461159053212 -1.333333333331589
0.4023689268818514 -0.4023689272425135 -1.33333333333159
0.402368926972017 -0.4023689271523481 -1.666666666665795
0.4629054871155749 -0.2477061372614771 -1.33333333333159
0.4629054871498341 -0.2477061372106022 -1.666666666665795
0.4135910911894409 -0.305991416287414 -1.666666666665795
0.4135910911385169 -0.3059914163466461 -1.33333333333159
0.5492869229703057 -0.3017324509914476 -1.333333333331589
0.5492869230274532 -0.3017324509066074 -1.666666666665795
0.4948740408712194 -0.371096804923539 -1.666666666665795
0.4948740407862753 -0.3710968050223302 -1.333333333331589
0.5060962050429401 -0.2747192941264625 -1.33333333333159
0.5060962050886436 -0.2747192940586048 -1.666666666665795
0.4542325660303304 -0.3385441106054766 -1.666666666665795
0.4542325659623959 -0.338544110684488 -1.33333333333159
0.3261844634860786 -0.3261844635761039 -1.666666666665795
0.3261844634410659 -0.3261844636211164 -1.333333333331589
0.2880922317206733 -0.2880922318104179 -1.33333333333159
0.2880922317431095 -0.2880922317879818 -1.666666666665795
0.4197147691882003 -0.2206929803965008 -1.333333333331589
0.4197147692110064 -0.2206929803626175 -1.666666666665795
0.3729496163485388 -0.2734387219693644 -1.666666666665795
0.3729496163146316 -0.2734387220088105 -1.333333333331589
0.3765240512608262 -0.1936798235315248 -1.33333333333159
0.3765240512721789 -0.1936798235146333 -1.666666666665795
0.332308141507637 -0.2408860276513147 -1.666666666665795
0.332308141490746 -0.2408860276709749 -1.33333333333159
0.3182625741257551 -0.7866596494447839 -1.666666666665795
0.3182625739776928 -0.7866596495061029 -1.333333333331589
0.3612098128203515 -0.8781395715436406 -1.666666666665795
0.3612098126393709 -0.878139571618602 -1.33333333333159
0.3397361933085318 -0.8323996105623523 -1.33333333333159
0.3397361934730533 -0.8323996104942121 -1.666666666665795
0.5013075816484411 -0.6574399406993716 -1.33333333333159
0.5013075818331604 -0.6574399405435667 -1.666666666665795
0.4097850779794577 -0.7220497949941753 -1.666666666665795
0.4097850778130669 -0.7220497951027371 -1.33333333333159
0.5732104770300261 -0.7478438925351467 -1.333333333331589
0.5730769914286856 -0.7479463999697535 -1.666666666665795
0.4699283591414283 -0.8180335342945271 -1.666666666665795
0.4699283589445652 -0.8180335344123519 -1.33333333333159
0.5372590293392338 -0.7026419166172591 -1.33333333333159
0.537192286630923 -0.7026931702566603 -1.666666666665795
0.4398567185604429 -0.7700416646443506 -1.666666666665795
0.439856718378816 -0.7700416647575442 -1.33333333333159
0.2538417160838604 -0.6494397662964994 -1.666666666665795
0.2538417159851758 -0.6494397663373551 -1.33333333333159
0.2967889547784568 -0.7409196883953557 -1.666666666665795
0.2967889546468538 -0.7409196884498538 -1.333333333331589
0.2753153353160148 -0.6951797273936045 -1.33333333333159
0.2753153354311587 -0.6951797273459276 -1.666666666665795
0.4036494988768166 -0.5355155160217253 -1.33333333333159
0.4036494989999238 -0.5355155159178946 -1.666666666665795
0.3287456075418921 -0.5924776411071968 -1.666666666665795
0.3287456074309962 -0.5924776411795403 -1.33333333333159
0.4687548873912329 -0.6167984658068231 -1.333333333331589
0.4687548875554148 -0.6167984656683426 -1.666666666665795
0.3827719211669358 -0.6788590770318492 -1.666666666665795
0.3827719210190433 -0.6788590771283385 -1.33333333333159
0.4362021931340247 -0.576156990914274 -1.33333333333159
0.4362021932776692 -0.5761569907931186 -1.666666666665795
0.355758764354414 -0.6356683590695227 -1.666666666665795
0.3557587642250197 -0.635668359153939 -1.333333333331589
0.1894208580419656 -0.5122198831482142 -1.666666666665795
0.1894208579926587 -0.5122198831686066 -1.333333333331589
0.2323680967365621 -0.603699805247071 -1.666666666665795
0.2323680966543368 -0.6036998052811056 -1.33333333333159
0.2108944773234978 -0.5579598442248561 -1.33333333333159
0.2108944773892639 -0.5579598441976427 -1.666666666665795
0.305991416105192 -0.4135910913440789 -1.33333333333159
0.305991416166687 -0.413591091292222 -1.666666666665795
0.2477061371043263 -0.4629054872202181 -1.666666666665795
0.2477061370489254 -0.4629054872563426 -1.333333333331589
0.3710968046196086 -0.4948740411291764 -1.333333333331589
0.3710968047221783 -0.4948740410426704 -1.666666666665795
0.3017324507293702 -0.5492869231448705 -1.666666666665795
0.3017324506369726 -0.5492869232051407 -1.333333333331589
0.3385441103624002 -0.4542325662366278 -1.33333333333159
0.3385441104444327 -0.4542325661674463 -1.666666666665795
0.2747192939168484 -0.5060962051825444 -1.666666666665795
0.2747192938429489 -0.5060962052307419 -1.33333333333159
0.1679472386946674 -0.4664799220987859 -1.666666666665795
0.1679472386618197 -0.4664799221123572 -1.333333333331589
0.1464736193309807 -0.4207399610561078 -1.33333333333159
0.1464736193473691 -0.4207399610493575 -1.666666666665795
0.2734387218479839 -0.3729496164515301 -1.333333333331589
0.2734387218889416 -0.3729496164169981 -1.666666666665795
0.2206929802918044 -0.4197147692578919 -1.666666666665795
0.2206929802549018 -0.4197147692819435 -1.333333333331589
0.2408860275907757 -0.3323081415589811 -1.33333333333159
0.240886027611196 -0.3323081415417736 -1.666666666665795
0.1936798234792825 -0.3765240512955656 -1.666666666665795
0.1936798234608782 -0.3765240513075445 -1.333333333331589
0.2121750493184619 -0.8161064330040686 -1.333333333331589
0.2121750494171701 -0.8161064329631893 -1.666666666665795
0.1060875247085851 -0.8455532164815946 -1.666666666665795
0.106087524659231 -0.8455532165020343 -1.333333333331589
0.2435961629125702 -0.9158988258728508 -1.333333333375637
0.2434336101845945 -0.9159424477225947 -1.66666666668782
0.1223799696420972 -0.9428143130861802 -1.666666666665794
0.1223799695920855 -0.9428143130974043 -1.33333333333159
0.2278856061155161 -0.8660026294384606 -1.333333333353613
0.2278043298008824 -0.8660244403428935 -1.666666666676807
0.1142337471753412 -0.8941837647838912 -1.666666666665794
0.1142337471256583 -0.8941837647997209 -1.33333333333159
0.1692278106567839 -0.6829598442249035 -1.33333333333159
0.1692278107225736 -0.6829598441976663 -1.666666666665795
0.0846139053612868 -0.716479922098833 -1.666666666665795
0.08461390532839194 -0.7164799221124517 -1.33333333333159
0.1978593030979026 -0.7717242367443458 -1.333333333331589
0.197859303185638 -0.7717242367080124 -1.666666666665795
0.098929651592819 -0.8025287850206685 -1.666666666665795
0.09892965154895128 -0.8025287850388374 -1.33333333333159
0.1835435568773432 -0.7273420404846225 -1.333333333331589
0.1835435569541058 -0.727342040452835 -1.666666666665795
0.09177177847705292 -0.7595043535597422 -1.666666666665795
0.0917717784386716 -0.7595043535756402 -1.33333333333159
0.1262805719951058 -0.5498132554457378 -1.333333333331589
0.1262805720279771 -0.5498132554321428 -1.666666666665795
0.06314028601398855 -0.5874066277160713 -1.666666666665795
0.06314028599755292 -0.5874066277228689 -1.333333333331589
0.1549120644362246 -0.6385776479651938 -1.33333333333159
0.1549120644910414 -0.638577647942516 -1.666666666665795
0.07745603224552071 -0.6734554906379605 -1.666666666665795
0.0774560322181123 -0.6734554906492816 -1.33333333333159
0.1405963182156652 -0.5941954517054735 -1.33333333333159
0.1405963182595093 -0.5941954516873442 -1.666666666665795
0.07029815912975465 -0.6304310591770461 -1.666666666665795
0.0702981591078326 -0.6304310591860904 -1.33333333333159
0.1119648257745465 -0.5054310591860105 -1.333333333331589
0.1119648257964449 -0.5054310591769571 -1.666666666665795
0.05598241289822245 -0.5443821962551281 -1.666666666665795
0.05598241288727325 -0.5443821962596631 -1.33333333333159
0.09764907955398711 -0.4610488629263068 -1.33333333333159
0.0976490795649127 -0.4610488629218187 -1.666666666665795
0.04882453978245636 -0.5013577647942804 -1.666666666665795
0.04882453977699358 -0.5013577647965056 -1.333333333331589
3 4 0 605
250
251
252
253
254
255
256
257
258
4027
4028
4029
4030
4031
4032
4033
4034
4035
4036
4037
4038
4039
4040
4041
4042
4043
4044
4045
4046
4047
4048
4049
4050
4051
4052
4053
4054
4055
4056
4057
4058
4059
4060
4061
4062
4063
4064
4065
4066
4067
4068
4069
4070
4071
4072
4073
4074
4075
4076
4077
4078
4079
4080
4081
4082
4083
4084
4085
4086
4087
4088
4089
4090
4091
4092
4093
4094
4095
4096
4097
4098
4099
4100
4101
4102
4103
4104
4105
4106
4107
4108
4109
4110
4111
4112
4113
4114
4115
4116
4117
4118
4119
4120
4121
4122
4123
4124
4125
4126
4127
4128
4129
4130
4131
4132
4133
4134
4135
4136
4137
4138
4139
4140
4141
4142
4143
4144
4145
4146
4147
4148
4149
4150
4151
4152
4153
4154
4155
4156
4157
4158
4159
4160
4161
4162
4163
4164
4165
4166
4167
4168
4169
4170
4171
4172
4173
4174
4175
4176
4177
4178
4179
4180
4181
4182
4183
4184
4185
4186
4187
4188
4189
4190
4191
4192
4193
4194
4195
4196
4197
4198
4199
4200
4201
4202
4203
4204
4205
4206
4207
4208
4209
4210
4211
4212
4213
4214
4215
4216
4217
4218
4219
4220
4221
4222
4223
4224
4225
4226
4227
4228
4229
4230
4231
4232
4233
4234
4235
4236
4237
4238
4239
4240
4241
4242
4243
4244
4245
4246
4247
4248
4249
4250
4251
4252
4253
4254
4255
4256
4257
4258
4259
4260
4261
4262
4263
4264
4265
4266
4267
4268
4269
4270
4271
4272
4273
4274
4275
4276
4277
4278
4279
4280
4281
4282
4283
4284
4285
4286
4287
4288
4289
4290
4291
4292
4293
4294
4295
4296
4297
4298
4299
4300
4301
4302
4303
4304
4305
4306
4307
4308
4309
4310
4311
4312
4313
4314
4315
4316
4317
4318
4319
4320
4321
4322
4323
4324
4325
4326
4327
4328
4329
4330
4331
4332
4333
4334
4335
4336
4337
4338
4339
4340
4341
4342
4343
4344
4345
4346
4347
4348
4349
4350
4351
4352
4353
4354
4355
4356
4357
4358
4359
4360
4361
4362
4363
4364
4365
4366
4367
4368
4369
4370
4371
4372
4373
4374
4375
4376
4377
4378
4379
4380
4381
4382
4383
4384
4385
4386
4387
4388
4389
4390
4391
4392
4393
4394
4395
4396
4397
4398
4399
4400
4401
4402
4403
4404
4405
4406
4407
4408
4409
4410
4411
4412
4413
4414
4415
4416
4417
4418
4419
4420
4421
4422
4423
4424
4425
4426
4427
4428
4429
4430
4431
4432
4433
4434
4435
4436
4437
4438
4439
4440
4441
4442
4443
4444
4445
4446
4447
4448
4449
4450
4451
4452
4453
4454
4455
4456
4457
4458
4459
4460
4461
4462
4463
4464
4465
4466
4467
4468
4469
4470
4471
4472
4473
4474
4475
4476
4477
4478
4479
4480
4481
4482
4483
4484
4485
4486
4487
4488
4489
4490
4491
4492
4493
4494
4495
4496
4497
4498
4499
4500
4501
4502
4503
4504
4505
4506
4507
4508
4509
4510
4511
4512
4513
4514
4515
4516
4517
4518
4519
4520
4521
4522
4523
4524
4525
4526
4527
4528
4529
4530
4531
4532
4533
4534
4535
4536
4537
4538
4539
4540
4541
4542
4543
4544
4545
4546
4547
4548
4549
4550
4551
4552
4553
4554
4555
4556
4557
4558
4559
4560
4561
4562
4563
4564
4565
4566
4567
4568
4569
4570
4571
4572
4573
4574
4575
4576
4577
4578
4579
4580
4581
4582
4583
4584
4585
4586
4587
4588
4589
4590
4591
4592
4593
4594
4595
4596
4597
4598
4599
4600
4601
4602
4603
4604
4605
4606
4607
4608
4609
4610
4611
4612
4613
4614
4615
4616
4617
4618
4619
4620
4621
4622
-0.3182625746567119 -0.7866596492248821 -0.999999999997384
-0.253841716437769 -0.6494397661499605 -0.999999999997384
-0.1894208582188261 -0.5122198830750387 -0.9999999999973841
-0.5928300864990534 -0.5928300852807675 -0.9999999999973845
-0.4785533909992288 -0.4785533901873186 -0.9999999999973843
-0.3642766954994039 -0.3642766950938695 -0.9999999999973842
-0.7866596495674218 -0.3182625738296305 -0.9999999999973839
-0.6494397663782109 -0.2538417158864912 -0.9999999999973841
-0.512219883188999 -0.1894208579433518 -0.999999999997384
-0.3612098134693406 -0.87813957127483 -0.9999999999973842
-0.3397361940630262 -0.8323996102498561 -0.9999999999973841
-0.1060875248855706 -0.8455532164082941 -0.999999999997384
-0.2121750497711413 -0.8161064328165881 -0.9999999999973839
-0.3182625747843434 -0.7866596491720211 -0.6666666666649227
-0.318262574911975 -0.78665964911916 -0.3333333333324613
-0.122379969896981 -0.9428143130359421 -0.9999999999973841
-0.2437587048930895 -0.9158551628876785 -0.9999999999893145
-0.2279668773321154 -0.8659807978521334 -0.9999999999933493
-0.1142337473912758 -0.894183764722118 -0.9999999999973841
-0.3612098136253432 -0.8781395712102135 -0.6666666666649229
-0.361209813781346 -0.878139571145597 -0.3333333333324615
-0.3397361943466605 -0.8323996101323785 -0.3333333333324614
-0.3397361942048434 -0.8323996101911173 -0.6666666666649228
-0.1060875249706583 -0.8455532163730535 -0.3333333333324613
-0.1060875249281145 -0.8455532163906737 -0.6666666666649226
-0.2121750498562289 -0.8161064327813474 -0.6666666666649227
-0.2121750499413166 -0.8161064327461067 -0.3333333333324614
-0.1223799699831263 -0.9428143130166042 -0.3333333333325519
-0.1223799699400537 -0.9428143130262725 -0.6666666666649682
-0.243596163350682 -0.9158988257291097 -0.6666666666595652
-0.2434336107836043 -0.9159424475364297 -0.3333333333298168
-0.1142337474768923 -0.8941837646948325 -0.3333333333325066
-0.1142337474340841 -0.8941837647084752 -0.6666666666649451
-0.2278856066034556 -0.8660026292552297 -0.6666666666622441
-0.2278043303624605 -0.8660244401412702 -0.3333333333311391
-0.2967889552503976 -0.7409196881999083 -0.999999999997384
-0.2753153358440833 -0.6951797271749344 -0.9999999999973839
-0.08461390547925632 -0.7164799220499868 -0.9999999999973842
-0.1692278109585126 -0.6829598440999736 -0.9999999999973841
-0.2538417165228437 -0.6494397661147328 -0.6666666666649227
-0.2538417166079184 -0.649439766079505 -0.3333333333324613
-0.09892965175013253 -0.8025287849555249 -0.9999999999973841
-0.1978593035002651 -0.7717242365777166 -0.999999999997384
-0.1835435572293889 -0.7273420403388452 -0.9999999999973839
-0.09177177861469443 -0.7595043535027559 -0.9999999999973841
-0.2967889553638435 -0.740919688152925 -0.6666666666649226
-0.2967889554772895 -0.7409196881059418 -0.3333333333324613
-0.2753153360426039 -0.6951797270927234 -0.3333333333324613
-0.2753153359433436 -0.6951797271338288 -0.6666666666649227
-0.0846139055359728 -0.7164799220265017 -0.3333333333324614
-0.08461390550761458 -0.7164799220382442 -0.6666666666649228
-0.1692278110152292 -0.6829598440764885 -0.6666666666649228
-0.1692278110719456 -0.6829598440530034 -0.3333333333324614
-0.0989296518257632 -0.8025287849241968 -0.3333333333324613
-0.09892965178794785 -0.8025287849398611 -0.6666666666649226
-0.1978593035758957 -0.7717242365463932 -0.6666666666649224
-0.1978593036515264 -0.7717242365150696 -0.3333333333324612
-0.09177177868086794 -0.7595043534753408 -0.3333333333324613
-0.09177177864778124 -0.7595043534890485 -0.6666666666649226
-0.1835435572955625 -0.7273420403114386 -0.6666666666649228
-0.1835435573617359 -0.727342040284032 -0.3333333333324614
-0.2323680970314547 -0.6036998051249866 -0.9999999999973841
-0.2108944776251404 -0.5579598441000126 -0.9999999999973841
-0.06314028607294203 -0.5874066276916796 -0.9999999999973843
-0.1262805721458841 -0.5498132553833592 -0.9999999999973841
-0.189420858261344 -0.5122198830574443 -0.6666666666649228
-0.1894208583038619 -0.5122198830398498 -0.3333333333324614
-0.07745603234381823 -0.6734554905972177 -0.9999999999973843
-0.1549120646876365 -0.6385776478611022 -0.9999999999973841
-0.1405963184167602 -0.5941954516222305 -0.9999999999973841
-0.07029815920838012 -0.6304310591444486 -0.9999999999973843
-0.2323680971023438 -0.6036998050956366 -0.6666666666649228
-0.2323680971732329 -0.6036998050662866 -0.3333333333324614
-0.2108944777385474 -0.5579598440530682 -0.3333333333324614
-0.2108944776818439 -0.5579598440765405 -0.6666666666649228
-0.0631402861012873 -0.58740662767995 -0.3333333333324614
-0.06314028608711467 -0.5874066276858149 -0.6666666666649228
-0.1262805721742293 -0.5498132553716295 -0.6666666666649227
-0.1262805722025746 -0.5498132553598999 -0.3333333333324613
-0.07745603239107764 -0.6734554905776994 -0.3333333333324613
-0.07745603236744793 -0.6734554905874582 -0.6666666666649226
-0.1549120647348959 -0.6385776478415476 -0.6666666666649226
-0.1549120647821553 -0.6385776478219932 -0.3333333333324613
-0.07029815924618245 -0.6304310591288549 -0.3333333333324612
-0.07029815922728129 -0.630431059136652 -0.6666666666649225
-0.1405963184545626 -0.5941954516065957 -0.6666666666649228
-0.1405963184923649 -0.5941954515909617 -0.3333333333324614
-0.1679472388125118 -0.4664799220500648 -0.9999999999973842
-0.1464736194061975 -0.4207399610250908 -0.9999999999973842
-0.05598241293750394 -0.5443821962389104 -0.9999999999973843
-0.1119648258750079 -0.5054310591444877 -0.9999999999973843
-0.09764907960413167 -0.4610488629056161 -0.9999999999973841
-0.04882453980206584 -0.5013577647861412 -0.9999999999973843
-0.1679472388408441 -0.4664799220383481 -0.6666666666649229
-0.1679472388691764 -0.4664799220266315 -0.3333333333324615
-0.1464736194344909 -0.420739961013413 -0.3333333333324615
-0.1464736194203442 -0.4207399610192519 -0.6666666666649229
-0.05598241295639506 -0.5443821962310741 -0.3333333333325066
-0.05598241294694949 -0.544382196234992 -0.6666666666649452
-0.111964825893899 -0.505431059136668 -0.6666666666649339
-0.1119648259127902 -0.5054310591288482 -0.3333333333324839
-0.0488245398115028 -0.5013577647822929 -0.3333333333325519
-0.04882453980678435 -0.5013577647842171 -0.6666666666649681
-0.09764907961356867 -0.4610488629017304 -0.6666666666649455
-0.09764907962300569 -0.4610488628978441 -0.3333333333325065
-0.6690145501656035 -0.6690145486764001 -0.9999999999973844
-0.6309223183323285 -0.6309223169785838 -0.9999999999973845
-0.4097850786041591 -0.722049794576844 -0.9999999999973842
-0.5013075825516062 -0.6574399399288058 -0.9999999999973843
-0.5928300867021014 -0.5928300850777197 -0.6666666666649231
-0.5928300869051492 -0.592830084874672 -0.3333333333324616
-0.4699283599685161 -0.8180335337981214 -0.9999999999973843
-0.5733439382823692 -0.7477413501956395 -1.000000000169891
-0.5373257604169877 -0.7025906450622227 -1.000000000083638
-0.4398567192863376 -0.7700416641874828 -0.9999999999973843
-0.6690145504138041 -0.6690145484281995 -0.666666666664923
-0.6690145506620049 -0.6690145481799987 -0.3333333333324616
-0.630922318783577 -0.6309223165273354 -0.3333333333324616
-0.6309223185579528 -0.6309223167529596 -0.6666666666649232
-0.4097850789096997 -0.7220497943709975 -0.3333333333324615
-0.4097850787569294 -0.7220497944739208 -0.6666666666649229
-0.5013075827295153 -0.6574399397758204 -0.6666666666649228
-0.5013075829074244 -0.6574399396228348 -0.3333333333324614
-0.4699283603475978 -0.8180335335694442 -0.3333333333324614
-0.4699283601580568 -0.8180335336837827 -0.6666666666649228
-0.5732104785289636 -0.7478438913527201 -0.6666666667799279
-0.5730769928870032 -0.747946398818166 -0.3333333333899638
-0.4398567196286487 -0.770041663970221 -0.3333333333324614
-0.4398567194574931 -0.7700416640788518 -0.6666666666649228
-0.5372590306292395 -0.7026419155642702 -0.6666666667224257
-0.5371922878972137 -0.7026931692205005 -0.3333333333612128
-0.5547378546657786 -0.5547378535829512 -0.9999999999973845
-0.5166456228325037 -0.5166456218851349 -0.9999999999973843
-0.3287456079582556 -0.5924776408290798 -0.9999999999973841
-0.4036494994787422 -0.5355155155081992 -0.9999999999973841
-0.4785533911345473 -0.4785533900520002 -0.6666666666649229
-0.4785533912698657 -0.4785533899166818 -0.3333333333324615
-0.3827719217221913 -0.6788590766609226 -0.9999999999973841
-0.4687548881939849 -0.6167984651219369 -0.9999999999973841
-0.4362021938363635 -0.5761569903150681 -0.9999999999973841
-0.3557587648402234 -0.6356683587450012 -0.999999999997384
-0.55473785484625 -0.5547378534024799 -0.666666666664923
-0.5547378550267212 -0.5547378532220085 -0.3333333333324615
-0.5166456231482935 -0.5166456215693451 -0.3333333333324614
-0.5166456229903986 -0.5166456217272399 -0.6666666666649228
-0.3287456081619008 -0.5924776406918973 -0.3333333333324613
-0.3287456080600782 -0.5924776407604886 -0.6666666666649227
-0.4036494995973128 -0.5355155154062445 -0.6666666666649227
-0.4036494997158833 -0.5355155153042895 -0.3333333333324613
-0.3827719219937668 -0.6788590764779643 -0.3333333333324614
-0.382771921857979 -0.6788590765694434 -0.6666666666649228
-0.4687548883521144 -0.6167984649859616 -0.6666666666649226
-0.4687548885102439 -0.6167984648499863 -0.3333333333324613
-0.3557587650778338 -0.6356683585849308 -0.3333333333324612
-0.3557587649590285 -0.635668358664966 -0.6666666666649225
-0.4362021939747136 -0.576156990196103 -0.6666666666649224
-0.4362021941130636 -0.5761569900771378 -0.3333333333324612
-0.4404611591659539 -0.4404611584895022 -0.9999999999973843
-0.4023689273326789 -0.4023689267916859 -0.9999999999973843
-0.2477061373123521 -0.4629054870813157 -0.9999999999973842
-0.305991416405878 -0.4135910910875926 -0.9999999999973842
-0.364276695566993 -0.3642766950262805 -0.6666666666649229
-0.3642766956345821 -0.3642766949586915 -0.3333333333324615
-0.3017324510762878 -0.5492869229131584 -0.9999999999973842
-0.3710968051211209 -0.4948740407013303 -0.9999999999973841
-0.3385441107634994 -0.4542325658944615 -0.9999999999973842
-0.2747192941943199 -0.5060962049972371 -0.9999999999973843
-0.4404611592786959 -0.4404611583767604 -0.6666666666649228
-0.4404611593914378 -0.4404611582640184 -0.3333333333324614
-0.40236892751301 -0.4023689266113549 -0.3333333333324615
-0.4023689274228445 -0.4023689267015205 -0.6666666666649229
-0.247706137414102 -0.462905487012797 -0.3333333333324614
-0.2477061373632271 -0.4629054870470564 -0.6666666666649228
-0.3059914164651101 -0.4135910910366685 -0.6666666666649228
-0.305991416524342 -0.4135910909857443 -0.3333333333324614
-0.3017324512459678 -0.5492869227988638 -0.3333333333324612
-0.3017324511611278 -0.5492869228560113 -0.6666666666649225
-0.371096805219912 -0.4948740406163857 -0.6666666666649225
-0.3710968053187028 -0.4948740405314412 -0.3333333333324612
-0.2747192943300348 -0.5060962049058303 -0.3333333333324615
-0.2747192942621773 -0.5060962049515337 -0.6666666666649229
-0.3385441108425109 -0.4542325658265272 -0.6666666666649228
-0.3385441109215224 -0.4542325657585926 -0.3333333333324614
-0.326184463666129 -0.3261844633960533 -0.9999999999973843
-0.2880922318328541 -0.2880922316982371 -0.9999999999973843
-0.2206929804303842 -0.4197147691653943 -0.9999999999973843
-0.2734387220482566 -0.3729496162807239 -0.9999999999973843
-0.2408860276906353 -0.332308141473855 -0.9999999999973843
-0.1936798235484164 -0.376524051249473 -0.9999999999973843
-0.3261844637111416 -0.3261844633510408 -0.6666666666649228
-0.3261844637561544 -0.3261844633060281 -0.3333333333324614
-0.2880922318777265 -0.2880922316533647 -0.3333333333324614
-0.2880922318552903 -0.2880922316758009 -0.6666666666649228
-0.220692980498167 -0.4197147691197656 -0.3333333333324612
-0.2206929804642755 -0.4197147691425802 -0.6666666666649225
-0.273438722087706 -0.3729496162468131 -0.6666666666649227
-0.2734387221271556 -0.3729496162129021 -0.3333333333324613
-0.193679823582232 -0.3765240512267344 -0.3333333333324612
-0.1936798235653243 -0.3765240512381038 -0.6666666666649226
-0.2408860277103022 -0.3323081414569573 -0.6666666666649229
-0.2408860277299692 -0.3323081414400595 -0.3333333333324615
-0.878139571693563 -0.3612098124583901 -0.9999999999973842
-0.8323996106304924 -0.3397361931440103 -0.9999999999973841
-0.6574399408551763 -0.5013075814637219 -0.9999999999973844
-0.722049795211299 -0.4097850776466762 -0.9999999999973841
-0.786659649628741 -0.3182625736815681 -0.6666666666649227
-0.7866596496900602 -0.3182625735335057 -0.3333333333324613
-0.7480488742101027 -0.5729434793089521 -0.9999999999973843
-0.8182858250264723 -0.4694909963845347 -1.000000000177829
-0.7701678101188856 -0.4396380370156053 -1.000000000087606
-0.7027444075326394 -0.5371255303863369 -0.9999999999973845
-0.8781395717685245 -0.3612098122774092 -0.6666666666649229
-0.8781395718434857 -0.3612098120964284 -0.3333333333324615
-0.832399610766773 -0.339736192814967 -0.3333333333324614
-0.8323996106986328 -0.3397361929794886 -0.6666666666649228
-0.6574399411667862 -0.5013075810942833 -0.3333333333324615
-0.6574399410109812 -0.5013075812790027 -0.666666666664923
-0.7220497953198609 -0.4097850774802854 -0.6666666666649228
-0.7220497954284231 -0.4097850773138945 -0.3333333333324614
-0.7480488745590611 -0.5729434788664002 -0.3333333333324614
-0.7480488743845822 -0.5729434790876761 -0.6666666666649227
-0.8182017651257961 -0.4696368048576292 -0.6666666667852191
-0.8181176684140121 -0.4697825921108488 -0.3333333333926096
-0.7027444078629236 -0.5371255299803417 -0.3333333333324616
-0.7027444076977816 -0.5371255301833393 -0.6666666666649231
-0.7701257802228287 -0.4397109411689573 -0.6666666667250711
-0.7700837319212173 -0.4397838347123715 -0.3333333333625356
-0.7409196885043515 -0.2967889545152507 -0.9999999999973841
-0.6951797274412812 -0.275315335200871 -0.9999999999973841
-0.5355155161255563 -0.4036494987537095 -0.9999999999973843
-0.5924776412518835 -0.3287456073201004 -0.9999999999973841
-0.6494397664190665 -0.2538417157878066 -0.6666666666649228
-0.6494397664599223 -0.2538417156891219 -0.3333333333324614
-0.616798465945303 -0.4687548872270511 -0.9999999999973843
-0.6788590772248271 -0.3827719208711509 -0.9999999999973841
-0.6356683592383553 -0.3557587640956256 -0.9999999999973841
-0.5761569910354296 -0.4362021929903802 -0.9999999999973843
-0.7409196885588495 -0.2967889543836476 -0.6666666666649229
-0.7409196886133474 -0.2967889542520444 -0.3333333333324615
-0.6951797275366349 -0.2753153349705832 -0.3333333333324614
-0.695179727488958 -0.2753153350857271 -0.6666666666649228
-0.5355155163332178 -0.4036494985074952 -0.3333333333324615
-0.5355155162293871 -0.4036494986306024 -0.6666666666649229
-0.5924776413242268 -0.3287456072092045 -0.6666666666649228
-0.5924776413965701 -0.3287456070983086 -0.3333333333324614
-0.616798466222263 -0.4687548868986872 -0.3333333333324614
-0.616798466083783 -0.4687548870628692 -0.6666666666649228
-0.6788590773213159 -0.3827719207232584 -0.6666666666649228
-0.678859077417805 -0.3827719205753656 -0.3333333333324614
-0.5761569912777407 -0.4362021927030911 -0.3333333333324612
-0.5761569911565851 -0.4362021928467357 -0.6666666666649225
-0.6356683593227714 -0.3557587639662315 -0.6666666666649228
-0.6356683594071877 -0.3557587638368371 -0.3333333333324614
-0.6036998053151403 -0.2323680965721114 -0.9999999999973841
-0.5579598442520697 -0.2108944772577316 -0.999999999997384
-0.4135910913959356 -0.305991416043697 -0.9999999999973842
-0.4629054872924673 -0.2477061369935244 -0.9999999999973841
-0.5122198832093916 -0.1894208578940449 -0.6666666666649227
-0.5122198832297841 -0.1894208578447379 -0.3333333333324613
-0.4948740412156828 -0.3710968045170386 -0.9999999999973843
-0.5492869232654115 -0.3017324505445751 -0.9999999999973841
-0.5060962052789393 -0.2747192937690497 -0.9999999999973841
-0.4542325663058092 -0.3385441102803678 -0.9999999999973842
-0.603699805349175 -0.232368096489886 -0.6666666666649228
-0.6036998053832097 -0.2323680964076606 -0.3333333333324614
-0.5579598443064968 -0.2108944771261993 -0.3333333333324613
-0.5579598442792832 -0.2108944771919655 -0.6666666666649226
-0.4135910914996495 -0.3059914159207069 -0.3333333333324615
-0.4135910914477926 -0.3059914159822019 -0.6666666666649229
-0.462905487328592 -0.2477061369381234 -0.6666666666649228
-0.4629054873647167 -0.2477061368827225 -0.3333333333324614
-0.4948740413886952 -0.3710968043118992 -0.3333333333324614
-0.4948740413021889 -0.3710968044144689 -0.6666666666649228
-0.5492869233256819 -0.3017324504521776 -0.6666666666649227
-0.5492869233859522 -0.3017324503597798 -0.3333333333324613
-0.4542325664441723 -0.338544110116303 -0.3333333333324614
-0.4542325663749909 -0.3385441101983356 -0.6666666666649228
-0.5060962053271369 -0.2747192936951505 -0.6666666666649228
-0.5060962053753346 -0.2747192936212511 -0.3333333333324614
-0.4664799221259285 -0.1679472386289721 -0.9999999999973841
-0.420739961062858 -0.1464736193145923 -0.9999999999973843
-0.3729496164860622 -0.2734387218070262 -0.9999999999973843
-0.4197147693059953 -0.2206929802179992 -0.9999999999973841
-0.3765240513195234 -0.1936798234424739 -0.9999999999973841
-0.3323081415761888 -0.2408860275703555 -0.9999999999973841
-0.4664799221395 -0.1679472385961243 -0.6666666666649228
-0.4664799221530713 -0.1679472385632767 -0.3333333333324614
-0.4207399610763586 -0.1464736192818154 -0.3333333333324615
-0.4207399610696084 -0.1464736192982038 -0.6666666666649229
-0.3729496165551267 -0.2734387217251109 -0.3333333333324613
-0.3729496165205943 -0.2734387217660685 -0.6666666666649227
-0.4197147693300473 -0.2206929801810965 -0.6666666666649227
-0.4197147693540989 -0.2206929801441939 -0.3333333333324613
-0.3323081416106038 -0.2408860275295149 -0.3333333333324614
-0.3323081415933962 -0.2408860275499351 -0.6666666666649228
-0.3765240513315025 -0.1936798234240694 -0.6666666666649226
-0.3765240513434812 -0.1936798234056652 -0.3333333333324612
-0.8161064330449479 -0.2121750492197537 -0.999999999997384
-0.8455532165224739 -0.1060875246098768 -0.9999999999973839
-0.9159860286147768 -0.2432710461996977 -0.9999999999973843
-0.9428800277957994 -0.1218793520789589 -1.000000000100637
-0.8942166221591366 -0.1139834383444179 -1.000000000049011
-0.8660462308298624 -0.2277230477097257 -0.9999999999973841
-0.8161064331267068 -0.2121750490223372 -0.3333333333324614
-0.8161064330858274 -0.2121750491210454 -0.6666666666649228
-0.8455532165429136 -0.1060875245605227 -0.6666666666649227
-0.8455532165633534 -0.1060875245111686 -0.3333333333324614
-0.9159860287306263 -0.2432710458032754 -0.3333333333325067
-0.9159860286727018 -0.2432710460014867 -0.6666666666649455
-0.9428581650476979 -0.122046229982419 -0.6666666667338033
-0.9428362601700422 -0.1222131023682688 -0.3333333333669695
-0.8660462309286683 -0.2277230474128063 -0.333333333332484
-0.8660462308792651 -0.227723047561266 -0.6666666666649341
-0.8942056907953075 -0.1140668772714708 -0.6666666666993631
-0.8941947383667015 -0.1141503134397187 -0.3333333333497154
-0.6829598442521406 -0.1692278105909942 -0.9999999999973842
-0.7164799221260703 -0.08461390529549709 -0.9999999999973842
-0.7717242367806787 -0.1978593030101671 -0.9999999999973841
-0.8025287850570061 -0.09892965150508357 -0.9999999999973841
-0.7595043535915381 -0.09177177840029035 -0.9999999999973841
-0.7273420405164097 -0.1835435568005807 -0.9999999999973841
-0.6829598443066148 -0.1692278104594146 -0.3333333333324614
-0.6829598442793776 -0.1692278105252044 -0.6666666666649228
-0.7164799221396889 -0.08461390526260219 -0.6666666666649228
-0.7164799221533075 -0.0846139052297073 -0.3333333333324614
-0.7717242368533401 -0.1978593028346964 -0.3333333333324614
-0.7717242368170094 -0.1978593029224317 -0.6666666666649228
-0.8025287850751694 -0.09892965146121585 -0.6666666666649227
-0.8025287850933319 -0.09892965141734819 -0.3333333333324614
-0.7273420405799731 -0.1835435566470554 -0.3333333333324614
-0.7273420405481912 -0.1835435567238181 -0.6666666666649228
-0.759504353607425 -0.09177177836190906 -0.6666666666649228
-0.7595043536233115 -0.09177177832352772 -0.3333333333324614
-0.5498132554593327 -0.1262805719622346 -0.9999999999973841
-0.5874066277296663 -0.06314028598111729 -0.9999999999973841
-0.6385776479878714 -0.1549120643814076 -0.9999999999973843
-0.6734554906606022 -0.07745603219070382 -0.9999999999973844
-0.6304310591951342 -0.07029815908591056 -0.9999999999973841
-0.5941954517236021 -0.1405963181718211 -0.9999999999973842
-0.5498132554865227 -0.1262805718964919 -0.3333333333324614
-0.5498132554729278 -0.1262805719293633 -0.6666666666649228
-0.5874066277364639 -0.06314028596468164 -0.6666666666649226
-0.5874066277432612 -0.06314028594824597 -0.3333333333324613
-0.6385776480332752 -0.1549120642717737 -0.3333333333324614
-0.6385776480105728 -0.1549120643265907 -0.6666666666649228
-0.6734554906719714 -0.07745603216329533 -0.6666666666649228
-0.6734554906833401 -0.07745603213588687 -0.3333333333324614
-0.5941954517599142 -0.1405963180841329 -0.3333333333324614
-0.594195451741758 -0.140596318127977 -0.6666666666649228
-0.6304310592042328 -0.07029815906398849 -0.6666666666649226
-0.6304310592133311 -0.07029815904206645 -0.3333333333324613
-0.5054310591950635 -0.111964825752648 -0.9999999999973841
-0.5443821962641984 -0.05598241287632404 -0.9999999999973842
-0.5013577647987304 -0.04882453977153077 -0.9999999999973841
-0.4610488629307943 -0.09764907954306151 -0.9999999999973842
-0.5054310592131479 -0.1119648257088511 -0.3333333333324839
-0.5054310592041054 -0.1119648257307496 -0.666666666664934
-0.544382196268711 -0.0559824128653748 -0.6666666666649453
-0.5443821962732232 -0.05598241285442555 -0.3333333333325066
-0.4610488629398197 -0.09764907952121027 -0.3333333333325066
-0.461048862935307 -0.09764907953213592 -0.6666666666649452
-0.5013577648010058 -0.04882453976606795 -0.6666666666649679
-0.5013577648032808 -0.04882453976060517 -0.3333333333325518
-0.3182625744014489 -0.7866596493306041 -1.666666666665795
-0.3182625745290804 -0.7866596492777431 -1.333333333331589
-0.361209813157335 -0.8781395714040631 -1.666666666665795
-0.3612098133133379 -0.8781395713394464 -1.33333333333159
-0.3397361939212091 -0.8323996103085949 -1.33333333333159
-0.339736193779392 -0.8323996103673337 -1.666666666665795
-0.1060875248430268 -0.8455532164259144 -1.333333333331589
-0.106087524800483 -0.8455532164435346 -1.666666666665795
-0.2121750496009659 -0.8161064328870693 -1.666666666665795
-0.2121750496860536 -0.8161064328518288 -1.333333333331589
-0.1223799698333607 -0.9428143130483324 -1.33333333333159
-0.1223799697697405 -0.9428143130607226 -1.666666666665795
-0.2434336103370613 -0.9159424476727591 -1.666666666663106
-0.2435961631274224 -0.9158988257973171 -1.33333333332621
-0.1142337473381938 -0.8941837647371251 -1.33333333333159
-0.1142337472851117 -0.894183764752132 -1.666666666665795
-0.2278043299690136 -0.8660244402799161 -1.66666666666445
-0.2278856064067379 -0.8660026293245739 -1.3333333333289
-0.2538417162676196 -0.6494397662204159 -1.666666666665795
-0.2538417163526943 -0.6494397661851882 -1.333333333331589
-0.2967889550235058 -0.7409196882938747 -1.666666666665795
-0.2967889551369517 -0.7409196882468916 -1.333333333331589
-0.275315335744823 -0.6951797272160398 -1.333333333331589
-0.2753153356455627 -0.6951797272571453 -1.666666666665795
-0.08461390545089809 -0.7164799220617294 -1.33333333333159
-0.08461390542253985 -0.716479922073472 -1.666666666665795
-0.1692278108450797 -0.6829598441469439 -1.666666666665795
-0.1692278109017962 -0.6829598441234588 -1.333333333331589
-0.09892965171231721 -0.8025287849711831 -1.333333333331589
-0.09892965167450191 -0.8025287849868417 -1.666666666665795
-0.1978593033490038 -0.7717242366403583 -1.666666666665795
-0.1978593034246344 -0.7717242366090376 -1.333333333331589
-0.09177177858160768 -0.7595043535164521 -1.333333333331589
-0.09177177854852089 -0.7595043535301482 -1.666666666665795
-0.1835435570970418 -0.7273420403936464 -1.666666666665795
-0.1835435571632154 -0.7273420403662463 -1.333333333331589
-0.1894208581337903 -0.5122198831102275 -1.666666666665795
-0.1894208581763082 -0.5122198830926331 -1.33333333333159
-0.2323680968896765 -0.6036998051836864 -1.666666666665795
-0.2323680969605656 -0.6036998051543364 -1.333333333331589
-0.2108944775684369 -0.5579598441234848 -1.33333333333159
-0.2108944775117334 -0.5579598441469571 -1.666666666665795
-0.06314028605876941 -0.5874066276975443 -1.33333333333159
-0.06314028604459679 -0.5874066277034091 -1.666666666665795
-0.1262805720891935 -0.5498132554068185 -1.666666666665795
-0.1262805721175388 -0.5498132553950887 -1.33333333333159
-0.07745603232018854 -0.6734554906070249 -1.333333333331589
-0.07745603229655883 -0.6734554906168326 -1.666666666665795
-0.1549120645931176 -0.6385776479002596 -1.666666666665795
-0.154912064640377 -0.6385776478806806 -1.333333333331589
-0.07029815918947893 -0.6304310591522999 -1.33333333333159
-0.0702981591705778 -0.6304310591601512 -1.666666666665795
-0.1405963183411555 -0.5941954516535541 -1.666666666665795
-0.1405963183789579 -0.5941954516378922 -1.333333333331589
-0.1679472387558472 -0.466479922073498 -1.666666666665795
-0.1679472387841796 -0.4664799220617813 -1.333333333331589
-0.1464736193920508 -0.4207399610309297 -1.33333333333159
-0.1464736193779042 -0.4207399610367684 -1.666666666665795
-0.05598241292806109 -0.544382196242803 -1.333333333331589
-0.05598241291861824 -0.5443821962466961 -1.666666666665795
-0.1119648258372316 -0.5054310591600987 -1.666666666665795
-0.1119648258561197 -0.505431059152293 -1.333333333331589
-0.04882453979735277 -0.5013577647881102 -1.33333333333159
-0.04882453979263972 -0.5013577647900788 -1.666666666665795
-0.09764907958526955 -0.4610488629134263 -1.666666666665795
-0.09764907959470061 -0.4610488629095211 -1.333333333331589
-0.5928300860929582 -0.592830085686863 -1.666666666665795
-0.5928300862960059 -0.5928300854838152 -1.33333333333159
-0.6690145496692025 -0.6690145491728012 -1.666666666665795
-0.6690145499174031 -0.6690145489246008 -1.33333333333159
-0.6309223181067044 -0.630922317204208 -1.33333333333159
-0.6309223178810803 -0.6309223174298322 -1.666666666665795
-0.4097850784513889 -0.7220497946797673 -1.33333333333159
-0.4097850782986187 -0.7220497947826904 -1.666666666665795
-0.5013075821957883 -0.6574399402347768 -1.666666666665795
-0.5013075823736972 -0.6574399400817913 -1.33333333333159
-0.4699283597719467 -0.8180335339165179 -1.33333333333159
-0.4699283595753772 -0.8180335340349142 -1.666666666665796
-0.5730769919270338 -0.7479463995770282 -1.666666666723297
-0.573210478049049 -0.7478438917322423 -1.333333333446594
-0.4398567191116676 -0.7700416642981425 -1.33333333333159
-0.4398567189369977 -0.7700416644088026 -1.666666666665795
-0.537192287061411 -0.7026931699059026 -1.666666666694546
-0.5372590302113731 -0.7026419159070164 -1.333333333389092
-0.4785533907285922 -0.4785533904579554 -1.666666666665795
-0.4785533908639105 -0.478553390322637 -1.33333333333159
-0.5547378543048361 -0.5547378539438937 -1.666666666665795
-0.5547378544853074 -0.5547378537634224 -1.33333333333159
-0.5166456226746089 -0.5166456220430297 -1.33333333333159
-0.5166456225167141 -0.5166456222009246 -1.666666666665795
-0.328745607856433 -0.5924776408976712 -1.333333333331589
-0.3287456077546104 -0.5924776409662624 -1.666666666665795
-0.4036494992416013 -0.5355155157121089 -1.666666666665795
-0.4036494993601717 -0.535515515610154 -1.333333333331589
-0.3827719215864036 -0.6788590767524019 -1.333333333331589
-0.3827719214506158 -0.6788590768438809 -1.666666666665795
-0.4687548878777259 -0.6167984653938875 -1.666666666665795
-0.4687548880358555 -0.6167984652579119 -1.333333333331589
-0.3557587647214182 -0.6356683588250365 -1.33333333333159
-0.355758764602613 -0.6356683589050717 -1.666666666665795
-0.4362021935596636 -0.5761569905529982 -1.666666666665795
-0.4362021936980136 -0.5761569904340329 -1.33333333333159
-0.3642766953642259 -0.3642766952290478 -1.666666666665795
-0.364276695431815 -0.3642766951614587 -1.33333333333159
-0.4404611589404702 -0.4404611587149863 -1.666666666665795
-0.440461159053212 -0.4404611586022443 -1.333333333331589
-0.4023689272425135 -0.4023689268818514 -1.33333333333159
-0.4023689271523481 -0.402368926972017 -1.666666666665795
-0.2477061372614771 -0.4629054871155749 -1.33333333333159
-0.2477061372106022 -0.4629054871498341 -1.666666666665795
-0.305991416287414 -0.4135910911894409 -1.666666666665795
-0.3059914163466461 -0.4135910911385169 -1.33333333333159
-0.3017324509914476 -0.5492869229703057 -1.333333333331589
-0.3017324509066074 -0.5492869230274532 -1.666666666665795
-0.371096804923539 -0.4948740408712194 -1.666666666665795
-0.3710968050223302 -0.4948740407862753 -1.333333333331589
-0.2747192941264625 -0.5060962050429401 -1.33333333333159
-0.2747192940586048 -0.5060962050886436 -1.666666666665795
-0.3385441106054766 -0.4542325660303304 -1.666666666665795
-0.338544110684488 -0.4542325659623959 -1.33333333333159
-0.3261844635761039 -0.3261844634860786 -1.666666666665795
-0.3261844636211164 -0.3261844634410659 -1.333333333331589
-0.2880922318104179 -0.2880922317206733 -1.33333333333159
-0.2880922317879818 -0.2880922317431095 -1.666666666665795
-0.2206929803965008 -0.4197147691882003 -1.333333333331589
-0.2206929803626175 -0.4197147692110064 -1.666666666665795
-0.2734387219693644 -0.3729496163485388 -1.666666666665795
-0.2734387220088105 -0.3729496163146316 -1.333333333331589
-0.1936798235315248 -0.3765240512608262 -1.33333333333159
-0.1936798235146333 -0.3765240512721789 -1.666666666665795
-0.2408860276513147 -0.332308141507637 -1.666666666665795
-0.2408860276709749 -0.332308141490746 -1.33333333333159
-0.7866596494447839 -0.3182625741257551 -1.666666666665795
-0.7866596495061029 -0.3182625739776928 -1.333333333331589
-0.8781395715436406 -0.3612098128203515 -1.666666666665795
-0.878139571618602 -0.3612098126393709 -1.33333333333159
-0.8323996105623523 -0.3397361933085318 -1.33333333333159
-0.8323996104942121 -0.3397361934730533 -1.666666666665795
-0.6574399406993716 -0.5013075816484411 -1.33333333333159
-0.6574399405435667 -0.5013075818331604 -1.666666666665795
-0.7220497949941753 -0.4097850779794577 -1.666666666665795
-0.7220497951027371 -0.4097850778130669 -1.33333333333159
-0.7480488740399613 -0.5729434795245745 -1.333333333331589
-0.7480488738698201 -0.5729434797401971 -1.666666666665795
-0.8181176679307371 -0.4697825929193882 -1.666666666725944
-0.8182017648842339 -0.4696368052619412 -1.333333333451886
-0.7027444073696665 -0.537125530586508 -1.33333333333159
-0.7027444072066935 -0.5371255307866788 -1.666666666665795
-0.7700837314624559 -0.439783835449423 -1.666666666695869
-0.7701257799934851 -0.4397109415375041 -1.333333333391737
-0.6494397662964994 -0.2538417160838604 -1.666666666665795
-0.6494397663373551 -0.2538417159851758 -1.33333333333159
-0.7409196883953557 -0.2967889547784568 -1.666666666665795
-0.7409196884498538 -0.2967889546468538 -1.333333333331589
-0.6951797273936045 -0.2753153353160148 -1.33333333333159
-0.6951797273459276 -0.2753153354311587 -1.666666666665795
-0.5355155160217253 -0.4036494988768166 -1.33333333333159
-0.5355155159178946 -0.4036494989999238 -1.666666666665795
-0.5924776411071968 -0.3287456075418921 -1.666666666665795
-0.5924776411795403 -0.3287456074309962 -1.33333333333159
-0.6167984658068231 -0.4687548873912329 -1.333333333331589
-0.6167984656683426 -0.4687548875554148 -1.666666666665795
-0.6788590770318492 -0.3827719211669358 -1.666666666665795
-0.6788590771283385 -0.3827719210190433 -1.33333333333159
-0.576156990914274 -0.4362021931340247 -1.33333333333159
-0.5761569907931186 -0.4362021932776692 -1.666666666665795
-0.6356683590695227 -0.355758764354414 -1.666666666665795
-0.635668359153939 -0.3557587642250197 -1.333333333331589
-0.5122198831482142 -0.1894208580419656 -1.666666666665795
-0.5122198831686066 -0.1894208579926587 -1.333333333331589
-0.603699805247071 -0.2323680967365621 -1.666666666665795
-0.6036998052811056 -0.2323680966543368 -1.33333333333159
-0.5579598442248561 -0.2108944773234978 -1.33333333333159
-0.5579598441976427 -0.2108944773892639 -1.666666666665795
-0.4135910913440789 -0.305991416105192 -1.33333333333159
-0.413591091292222 -0.305991416166687 -1.666666666665795
-0.4629054872202181 -0.2477061371043263 -1.666666666665795
-0.4629054872563426 -0.2477061370489254 -1.333333333331589
-0.4948740411291764 -0.3710968046196086 -1.333333333331589
-0.4948740410426704 -0.3710968047221783 -1.666666666665795
-0.5492869231448705 -0.3017324507293702 -1.666666666665795
-0.5492869232051407 -0.3017324506369726 -1.333333333331589
-0.4542325662366278 -0.3385441103624002 -1.33333333333159
-0.4542325661674463 -0.3385441104444327 -1.666666666665795
-0.5060962051825444 -0.2747192939168484 -1.666666666665795
-0.5060962052307419 -0.2747192938429489 -1.33333333333159
-0.4664799220987859 -0.1679472386946674 -1.666666666665795
-0.4664799221123572 -0.1679472386618197 -1.333333333331589
-0.4207399610561078 -0.1464736193309807 -1.33333333333159
-0.4207399610493575 -0.1464736193473691 -1.666666666665795
-0.3729496164515301 -0.2734387218479839 -1.333333333331589
-0.3729496164169981 -0.2734387218889416 -1.666666666665795
-0.4197147692578919 -0.2206929802918044 -1.666666666665795
-0.4197147692819435 -0.2206929802549018 -1.333333333331589
-0.3323081415589811 -0.2408860275907757 -1.33333333333159
-0.3323081415417736 -0.240886027611196 -1.666666666665795
-0.3765240512955656 -0.1936798234792825 -1.666666666665795
-0.3765240513075445 -0.1936798234608782 -1.333333333331589
-0.8161064330040686 -0.2121750493184619 -1.333333333331589
-0.8161064329631893 -0.2121750494171701 -1.666666666665795
-0.8455532164815946 -0.1060875247085851 -1.666666666665795
-0.8455532165020343 -0.106087524659231 -1.333333333331589
-0.9159860285873783 -0.2432710462840138 -1.333333333331589
-0.9159860285599797 -0.2432710463683301 -1.666666666665795
-0.9428362601096617 -0.1222131026861913 -1.666666666700212
-0.9428581650175399 -0.1220462301413845 -1.333333333400425
-0.8660462307957244 -0.2277230478012379 -1.33333333333159
-0.8660462307615858 -0.2277230478927502 -1.666666666665795
-0.8941947382956319 -0.1141503136973882 -1.666666666683004
-0.8942056907597888 -0.1140668774003078 -1.333333333366007
-0.6829598442249035 -0.1692278106567839 -1.33333333333159
-0.6829598441976663 -0.1692278107225736 -1.666666666665795
-0.716479922098833 -0.0846139053612868 -1.666666666665795
-0.7164799221124517 -0.08461390532839194 -1.33333333333159
-0.7717242367443458 -0.1978593030979026 -1.333333333331589
-0.7717242367080124 -0.197859303185638 -1.666666666665795
-0.8025287850206685 -0.098929651592819 -1.666666666665795
-0.8025287850388374 -0.09892965154895128 -1.33333333333159
-0.7273420404846225 -0.1835435568773432 -1.333333333331589
-0.727342040452835 -0.1835435569541058 -1.666666666665795
-0.7595043535597422 -0.09177177847705292 -1.666666666665795
-0.7595043535756402 -0.0917717784386716 -1.33333333333159
-0.5498132554457378 -0.1262805719951058 -1.333333333331589
-0.5498132554321428 -0.1262805720279771 -1.666666666665795
-0.5874066277160713 -0.06314028601398855 -1.666666666665795
-0.5874066277228689 -0.06314028599755292 -1.333333333331589
-0.6385776479651938 -0.1549120644362246 -1.33333333333159
-0.638577647942516 -0.1549120644910414 -1.666666666665795
-0.6734554906379605 -0.07745603224552071 -1.666666666665795
-0.6734554906492816 -0.0774560322181123 -1.33333333333159
-0.5941954517054735 -0.1405963182156652 -1.33333333333159
-0.5941954516873442 -0.1405963182595093 -1.666666666665795
-0.6304310591770461 -0.07029815912975465 -1.666666666665795
-0.6304310591860904 -0.0702981591078326 -1.33333333333159
-0.5054310591860105 -0.1119648257745465 -1.333333333331589
-0.5054310591769571 -0.1119648257964449 -1.666666666665795
-0.5443821962551281 -0.05598241289822245 -1.666666666665795
-0.5443821962596631 -0.05598241288727325 -1.33333333333159
-0.4610488629263068 -0.09764907955398711 -1.33333333333159
-0.4610488629218187 -0.0976490795649127 -1.666666666665795
-0.5013577647942804 -0.04882453978245636 -1.666666666665795
-0.5013577647965056 -0.04882453977699358 -1.333333333331589
3 5 0 605
259
260
261
262
263
264
265
266
267
4623
4624
4625
4626
4627
4628
4629
4630
4631
4632
4633
4634
4635
4636
4637
4638
4639
4640
4641
4642
4643
4644
4645
4646
4647
4648
4649
4650
4651
4652
4653
4654
4655
4656
4657
4658
4659
4660
4661
4662
4663
4664
4665
4666
4667
4668
4669
4670
4671
4672
4673
4674
4675
4676
4677
4678
4679
4680
4681
4682
4683
4684
4685
4686
4687
4688
4689
4690
4691
4692
4693
4694
4695
4696
4697
4698
4699
4700
4701
4702
4703
4704
4705
4706
4707
4708
4709
4710
4711
4712
4713
4714
4715
4716
4717
4718
4719
4720
4721
4722
4723
4724
4725
4726
4727
4728
4729
4730
4731
4732
4733
4734
4735
4736
4737
4738
4739
4740
4741
4742
4743
4744
4745
4746
4747
4748
4749
4750
4751
4752
4753
4754
4755
4756
4757
4758
4759
4760
4761
4762
4763
4764
4765
4766
4767
4768
4769
4770
4771
4772
4773
4774
4775
4776
4777
4778
4779
4780
4781
4782
4783
4784
4785
4786
4787
4788
4789
4790
4791
4792
4793
4794
4795
4796
4797
4798
4799
4800
4801
4802
4803
4804
4805
4806
4807
4808
4809
4810
4811
4812
4813
4814
4815
4816
4817
4818
4819
4820
4821
4822
4823
4824
4825
4826
4827
4828
4829
4830
4831
4832
4833
4834
4835
4836
4837
4838
4839
4840
4841
4842
4843
4844
4845
4846
4847
4848
4849
4850
4851
4852
4853
4854
4855
4856
4857
4858
4859
4860
4861
4862
4863
4864
4865
4866
4867
4868
4869
4870
4871
4872
4873
4874
4875
4876
4877
4878
4879
4880
4881
4882
4883
4884
4885
4886
4887
4888
4889
4890
4891
4892
4893
4894
4895
4896
4897
4898
4899
4900
4901
4902
4903
4904
4905
4906
4907
4908
4909
4910
4911
4912
4913
4914
4915
4916
4917
4918
4919
4920
4921
4922
4923
4924
4925
4926
4927
4928
4929
4930
4931
4932
4933
4934
4935
4936
4937
4938
4939
4940
4941
4942
4943
4944
4945
4946
4947
4948
4949
4950
4951
4952
4953
4954
4955
4956
4957
4958
4959
4960
4961
4962
4963
4964
4965
4966
4967
4968
4969
4970
4971
4972
4973
4974
4975
4976
4977
4978
4979
4980
4981
4982
4983
4984
4985
4986
4987
4988
4989
4990
4991
4992
4993
4994
4995
4996
4997
4998
4999
5000
5001
5002
5003
5004
5005
5006
5007
5008
5009
5010
5011
5012
5013
5014
5015
5016
5017
5018
5019
5020
5021
5022
5023
5024
5025
5026
5027
5028
5029
5030
5031
5032
5033
5034
5035
5036
5037
5038
5039
5040
5041
5042
5043
5044
5045
5046
5047
5048
5049
5050
5051
5052
5053
5054
5055
5056
5057
5058
5059
5060
5061
5062
5063
5064
5065
5066
5067
5068
5069
5070
5071
5072
5073
5074
5075
5076
5077
5078
5079
5080
5081
5082
5083
5084
5085
5086
5087
5088
5089
5090
5091
5092
5093
5094
5095
5096
5097
5098
5099
5100
5101
5102
5103
5104
5105
5106
5107
5108
5109
5110
5111
5112
5113
5114
5115
5116
5117
5118
5119
5120
5121
5122
5123
5124
5125
5126
5127
5128
5129
5130
5131
5132
5133
5134
5135
5136
5137
5138
5139
5140
5141
5142
5143
5144
5145
5146
5147
5148
5149
5150
5151
5152
5153
5154
5155
5156
5157
5158
5159
5160
5161
5162
5163
5164
5165
5166
5167
5168
5169
5170
5171
5172
5173
5174
5175
5176
5177
5178
5179
5180
5181
5182
5183
5184
5185
5186
5187
5188
5189
5190
5191
5192
5193
5194
5195
5196
5197
5198
5199
5200
5201
5202
5203
5204
5205
5206
5207
5208
5209
5210
5211
5212
5213
5214
5215
5216
5217
5218
-0.7866596492248821 0.3182625746567119 -0.999999999997384
-0.6494397661499605 0.253841716437769 -0.999999999997384
-0.5122198830750387 0.1894208582188261 -0.9999999999973841
-0.5928300852807675 0.5928300864990534 -0.9999999999973845
-0.4785533901873186 0.4785533909992288 -0.9999999999973843
-0.3642766950938695 0.3642766954994039 -0.9999999999973842
-0.3182625738296305 0.7866596495674218 -0.9999999999973839
-0.2538417158864912 0.6494397663782109 -0.9999999999973841
-0.1894208579433518 0.512219883188999 -0.999999999997384
-0.87813957127483 0.3612098134693406 -0.9999999999973842
-0.8323996102498561 0.3397361940630262 -0.9999999999973841
-0.8455532164082941 0.1060875248855706 -0.999999999997384
-0.8161064328165881 0.2121750497711413 -0.9999999999973839
-0.7866596491720211 0.3182625747843434 -0.6666666666649227
-0.78665964911916 0.318262574911975 -0.3333333333324613
-0.9428800277210024 0.1218793524515446 -1.000000000202688
-0.9159860284013388 0.2432710468959726 -0.9999999999973843
-0.8660462306089636 0.2277230483335569 -0.9999999999973841
-0.8942166220646482 0.1139834386685576 -1.000000000100036
-0.8781395712102135 0.3612098136253432 -0.6666666666649229
-0.878139571145597 0.361209813781346 -0.3333333333324615
-0.8323996101323785 0.3397361943466605 -0.3333333333324614
-0.8323996101911173 0.3397361942048434 -0.6666666666649228
-0.8455532163730535 0.1060875249706583 -0.3333333333324613
-0.8455532163906737 0.1060875249281145 -0.6666666666649226
-0.8161064327813474 0.2121750498562289 -0.6666666666649227
-0.8161064327461067 0.2121750499413166 -0.3333333333324614
-0.9428362600393766 0.1222131030331133 -0.3333333334009865
-0.9428581649449954 0.1220462305011368 -0.6666666668018377
-0.9159860283689173 0.243271047001507 -0.6666666666649455
-0.9159860283364967 0.2432710471070413 -0.3333333333325066
-0.8941947382062188 0.1141503140018858 -0.3333333333667238
-0.8942056906678366 0.1140668777146256 -0.6666666667333798
-0.8660462305751334 0.2277230484288681 -0.6666666666649343
-0.8660462305413035 0.227723048524179 -0.333333333332484
-0.7409196881999083 0.2967889552503976 -0.999999999997384
-0.6951797271749344 0.2753153358440833 -0.9999999999973839
-0.7164799220499868 0.08461390547925632 -0.9999999999973842
-0.6829598440999736 0.1692278109585126 -0.9999999999973841
-0.6494397661147328 0.2538417165228437 -0.6666666666649227
-0.649439766079505 0.2538417166079184 -0.3333333333324613
-0.8025287849555249 0.09892965175013253 -0.9999999999973841
-0.7717242365777166 0.1978593035002651 -0.999999999997384
-0.7273420403388452 0.1835435572293889 -0.9999999999973839
-0.7595043535027559 0.09177177861469443 -0.9999999999973841
-0.740919688152925 0.2967889553638435 -0.6666666666649226
-0.7409196881059418 0.2967889554772895 -0.3333333333324613
-0.6951797270927234 0.2753153360426039 -0.3333333333324613
-0.6951797271338288 0.2753153359433436 -0.6666666666649227
-0.7164799220265017 0.0846139055359728 -0.3333333333324614
-0.7164799220382442 0.08461390550761458 -0.6666666666649228
-0.6829598440764885 0.1692278110152292 -0.6666666666649228
-0.6829598440530034 0.1692278110719456 -0.3333333333324614
-0.8025287849241968 0.0989296518257632 -0.3333333333324613
-0.8025287849398611 0.09892965178794785 -0.6666666666649226
-0.7717242365463932 0.1978593035758957 -0.6666666666649224
-0.7717242365150696 0.1978593036515264 -0.3333333333324612
-0.7595043534753408 0.09177177868086794 -0.3333333333324613
-0.7595043534890485 0.09177177864778124 -0.6666666666649226
-0.7273420403114386 0.1835435572955625 -0.6666666666649228
-0.727342040284032 0.1835435573617359 -0.3333333333324614
-0.6036998051249866 0.2323680970314547 -0.9999999999973841
-0.5579598441000126 0.2108944776251404 -0.9999999999973841
-0.5874066276916796 0.06314028607294203 -0.9999999999973843
-0.5498132553833592 0.1262805721458841 -0.9999999999973841
-0.5122198830574443 0.189420858261344 -0.6666666666649228
-0.5122198830398498 0.1894208583038619 -0.3333333333324614
-0.6734554905972177 0.07745603234381823 -0.9999999999973843
-0.6385776478611022 0.1549120646876365 -0.9999999999973841
-0.5941954516222305 0.1405963184167602 -0.9999999999973841
-0.6304310591444486 0.07029815920838012 -0.9999999999973843
-0.6036998050956366 0.2323680971023438 -0.6666666666649228
-0.6036998050662866 0.2323680971732329 -0.3333333333324614
-0.5579598440530682 0.2108944777385474 -0.3333333333324614
-0.5579598440765405 0.2108944776818439 -0.6666666666649228
-0.58740662767995 0.0631402861012873 -0.3333333333324614
-0.5874066276858149 0.06314028608711467 -0.6666666666649228
-0.5498132553716295 0.1262805721742293 -0.6666666666649227
-0.5498132553598999 0.1262805722025746 -0.3333333333324613
-0.6734554905776994 0.07745603239107764 -0.3333333333324613
-0.6734554905874582 0.07745603236744793 -0.6666666666649226
-0.6385776478415476 0.1549120647348959 -0.6666666666649226
-0.6385776478219932 0.1549120647821553 -0.3333333333324613
-0.6304310591288549 0.07029815924618245 -0.3333333333324612
-0.630431059136652 0.07029815922728129 -0.6666666666649225
-0.5941954516065957 0.1405963184545626 -0.6666666666649228
-0.5941954515909617 0.1405963184923649 -0.3333333333324614
-0.4664799220500648 0.1679472388125118 -0.9999999999973842
-0.4207399610250908 0.1464736194061975 -0.9999999999973842
-0.5443821962389104 0.05598241293750394 -0.9999999999973843
-0.5054310591444877 0.1119648258750079 -0.9999999999973843
-0.4610488629056161 0.09764907960413167 -0.9999999999973841
-0.5013577647861412 0.04882453980206584 -0.9999999999973843
-0.4664799220383481 0.1679472388408441 -0.6666666666649229
-0.4664799220266315 0.1679472388691764 -0.3333333333324615
-0.420739961013413 0.1464736194344909 -0.3333333333324615
-0.4207399610192519 0.1464736194203442 -0.6666666666649229
-0.5443821962310741 0.05598241295639506 -0.3333333333325066
-0.544382196234992 0.05598241294694949 -0.6666666666649452
-0.505431059136668 0.111964825893899 -0.6666666666649339
-0.5054310591288482 0.1119648259127902 -0.3333333333324839
-0.5013577647822929 0.0488245398115028 -0.3333333333325519
-0.5013577647842171 0.04882453980678435 -0.6666666666649681
-0.4610488629017304 0.09764907961356867 -0.6666666666649455
-0.4610488628978441 0.09764907962300569 -0.3333333333325065
-0.6690145486764001 0.6690145501656035 -0.9999999999973844
-0.6309223169785838 0.6309223183323285 -0.9999999999973845
-0.722049794576844 0.4097850786041591 -0.9999999999973842
-0.6574399399288058 0.5013075825516062 -0.9999999999973843
-0.5928300850777197 0.5928300867021014 -0.6666666666649231
-0.592830084874672 0.5928300869051492 -0.3333333333324616
-0.818285824322423 0.4694909975583368 -0.9999999999973843
-0.7480488731181759 0.5729434806921838 -0.9999999999973843
-0.7027444065234909 0.537125531621895 -0.9999999999973843
-0.7701678094496336 0.439638038081248 -0.9999999999973843
-0.6690145484281995 0.6690145504138041 -0.666666666664923
-0.6690145481799987 0.6690145506620049 -0.3333333333324616
-0.6309223165273354 0.630922318783577 -0.3333333333324616
-0.6309223167529596 0.6309223185579528 -0.6666666666649232
-0.7220497943709975 0.4097850789096997 -0.3333333333324615
-0.7220497944739208 0.4097850787569294 -0.6666666666649229
-0.6574399397758204 0.5013075827295153 -0.6666666666649228
-0.6574399396228348 0.5013075829074244 -0.3333333333324614
-0.8181176672149961 0.4697825941098909 -0.3333333333324614
-0.818201764174342 0.4696368064440949 -0.6666666666649226
-0.7480488729384211 0.5729434809192897 -0.6666666666649228
-0.7480488727586661 0.5729434811463957 -0.3333333333324615
-0.7700837307929969 0.4397838365097954 -0.3333333333324614
-0.7701257793241312 0.4397109426005122 -0.6666666666649228
-0.702744406357121 0.5371255318244025 -0.6666666666649228
-0.7027444061907504 0.5371255320269099 -0.3333333333324614
-0.5547378535829512 0.5547378546657786 -0.9999999999973845
-0.5166456218851349 0.5166456228325037 -0.9999999999973843
-0.5924776408290798 0.3287456079582556 -0.9999999999973841
-0.5355155155081992 0.4036494994787422 -0.9999999999973841
-0.4785533900520002 0.4785533911345473 -0.6666666666649229
-0.4785533899166818 0.4785533912698657 -0.3333333333324615
-0.6788590766609226 0.3827719217221913 -0.9999999999973841
-0.6167984651219369 0.4687548881939849 -0.9999999999973841
-0.5761569903150681 0.4362021938363635 -0.9999999999973841
-0.6356683587450012 0.3557587648402234 -0.999999999997384
-0.5547378534024799 0.55473785484625 -0.666666666664923
-0.5547378532220085 0.5547378550267212 -0.3333333333324615
-0.5166456215693451 0.5166456231482935 -0.3333333333324614
-0.5166456217272399 0.5166456229903986 -0.6666666666649228
-0.5924776406918973 0.3287456081619008 -0.3333333333324613
-0.5924776407604886 0.3287456080600782 -0.6666666666649227
-0.5355155154062445 0.4036494995973128 -0.6666666666649227
-0.5355155153042895 0.4036494997158833 -0.3333333333324613
-0.6788590764779643 0.3827719219937668 -0.3333333333324614
-0.6788590765694434 0.382771921857979 -0.6666666666649228
-0.6167984649859616 0.4687548883521144 -0.6666666666649226
-0.6167984648499863 0.4687548885102439 -0.3333333333324613
-0.6356683585849308 0.3557587650778338 -0.3333333333324612
-0.635668358664966 0.3557587649590285 -0.6666666666649225
-0.576156990196103 0.4362021939747136 -0.6666666666649224
-0.5761569900771378 0.4362021941130636 -0.3333333333324612
-0.4404611584895022 0.4404611591659539 -0.9999999999973843
-0.4023689267916859 0.4023689273326789 -0.9999999999973843
-0.4629054870813157 0.2477061373123521 -0.9999999999973842
-0.4135910910875926 0.305991416405878 -0.9999999999973842
-0.3642766950262805 0.364276695566993 -0.6666666666649229
-0.3642766949586915 0.3642766956345821 -0.3333333333324615
-0.5492869229131584 0.3017324510762878 -0.9999999999973842
-0.4948740407013303 0.3710968051211209 -0.9999999999973841
-0.4542325658944615 0.3385441107634994 -0.9999999999973842
-0.5060962049972371 0.2747192941943199 -0.9999999999973843
-0.4404611583767604 0.4404611592786959 -0.6666666666649228
-0.4404611582640184 0.4404611593914378 -0.3333333333324614
-0.4023689266113549 0.40236892751301 -0.3333333333324615
-0.4023689267015205 0.4023689274228445 -0.6666666666649229
-0.462905487012797 0.247706137414102 -0.3333333333324614
-0.4629054870470564 0.2477061373632271 -0.6666666666649228
-0.4135910910366685 0.3059914164651101 -0.6666666666649228
-0.4135910909857443 0.305991416524342 -0.3333333333324614
-0.5492869227988638 0.3017324512459678 -0.3333333333324612
-0.5492869228560113 0.3017324511611278 -0.6666666666649225
-0.4948740406163857 0.371096805219912 -0.6666666666649225
-0.4948740405314412 0.3710968053187028 -0.3333333333324612
-0.5060962049058303 0.2747192943300348 -0.3333333333324615
-0.5060962049515337 0.2747192942621773 -0.6666666666649229
-0.4542325658265272 0.3385441108425109 -0.6666666666649228
-0.4542325657585926 0.3385441109215224 -0.3333333333324614
-0.3261844633960533 0.326184463666129 -0.9999999999973843
-0.2880922316982371 0.2880922318328541 -0.9999999999973843
-0.4197147691653943 0.2206929804303842 -0.9999999999973843
-0.3729496162807239 0.2734387220482566 -0.9999999999973843
-0.332308141473855 0.2408860276906353 -0.9999999999973843
-0.376524051249473 0.1936798235484164 -0.9999999999973843
-0.3261844633510408 0.3261844637111416 -0.6666666666649228
-0.3261844633060281 0.3261844637561544 -0.3333333333324614
-0.2880922316533647 0.2880922318777265 -0.3333333333324614
-0.2880922316758009 0.2880922318552903 -0.6666666666649228
-0.4197147691197656 0.220692980498167 -0.3333333333324612
-0.4197147691425802 0.2206929804642755 -0.6666666666649225
-0.3729496162468131 0.273438722087706 -0.6666666666649227
-0.3729496162129021 0.2734387221271556 -0.3333333333324613
-0.3765240512267344 0.193679823582232 -0.3333333333324612
-0.3765240512381038 0.1936798235653243 -0.6666666666649226
-0.3323081414569573 0.2408860277103022 -0.6666666666649229
-0.3323081414400595 0.2408860277299692 -0.3333333333324615
-0.3612098124583901 0.878139571693563 -0.9999999999973842
-0.3397361931440103 0.8323996106304924 -0.9999999999973841
-0.5013075814637219 0.6574399408551763 -0.9999999999973844
-0.4097850776466762 0.722049795211299 -0.9999999999973841
-0.3182625736815681 0.786659649628741 -0.6666666666649227
-0.3182625735335057 0.7866596496900602 -0.3333333333324613
-0.5733439367428257 0.7477413514089256 -0.9999999999973843
-0.4699283587477021 0.818033534530176 -0.9999999999973843
-0.4398567181971891 0.7700416648707376 -0.9999999999973843
-0.5373257591032736 0.7025906461320508 -0.9999999999973845
-0.3612098122774092 0.8781395717685245 -0.6666666666649229
-0.3612098120964284 0.8781395718434857 -0.3333333333324615
-0.339736192814967 0.832399610766773 -0.3333333333324614
-0.3397361929794886 0.8323996106986328 -0.6666666666649228
-0.5013075810942833 0.6574399411667862 -0.3333333333324615
-0.5013075812790027 0.6574399410109812 -0.666666666664923
-0.4097850774802854 0.7220497953198609 -0.6666666666649228
-0.4097850773138945 0.7220497954284231 -0.3333333333324614
-0.5730769905550102 0.7479464006591536 -0.3333333333324614
-0.573210476593249 0.747843892879926 -0.6666666666649237
-0.4699283585403384 0.8180335346540623 -0.6666666666649229
-0.4699283583329747 0.8180335347779499 -0.3333333333324615
-0.5371922858246467 0.7026931709129699 -0.3333333333324616
-0.5372590289361258 0.7026419169454536 -0.6666666666649236
-0.439856718010312 0.7700416649869618 -0.666666666664923
-0.4398567178234346 0.7700416651031863 -0.3333333333324615
-0.2967889545152507 0.7409196885043515 -0.9999999999973841
-0.275315335200871 0.6951797274412812 -0.9999999999973841
-0.4036494987537095 0.5355155161255563 -0.9999999999973843
-0.3287456073201004 0.5924776412518835 -0.9999999999973841
-0.2538417157878066 0.6494397664190665 -0.6666666666649228
-0.2538417156891219 0.6494397664599223 -0.3333333333324614
-0.4687548872270511 0.616798465945303 -0.9999999999973843
-0.3827719208711509 0.6788590772248271 -0.9999999999973841
-0.3557587640956256 0.6356683592383553 -0.9999999999973841
-0.4362021929903802 0.5761569910354296 -0.9999999999973843
-0.2967889543836476 0.7409196885588495 -0.6666666666649229
-0.2967889542520444 0.7409196886133474 -0.3333333333324615
-0.2753153349705832 0.6951797275366349 -0.3333333333324614
-0.2753153350857271 0.695179727488958 -0.6666666666649228
-0.4036494985074952 0.5355155163332178 -0.3333333333324615
-0.4036494986306024 0.5355155162293871 -0.6666666666649229
-0.3287456072092045 0.5924776413242268 -0.6666666666649228
-0.3287456070983086 0.5924776413965701 -0.3333333333324614
-0.4687548868986872 0.616798466222263 -0.3333333333324614
-0.4687548870628692 0.616798466083783 -0.6666666666649228
-0.3827719207232584 0.6788590773213159 -0.6666666666649228
-0.3827719205753656 0.678859077417805 -0.3333333333324614
-0.4362021927030911 0.5761569912777407 -0.3333333333324612
-0.4362021928467357 0.5761569911565851 -0.6666666666649225
-0.3557587639662315 0.6356683593227714 -0.6666666666649228
-0.3557587638368371 0.6356683594071877 -0.3333333333324614
-0.2323680965721114 0.6036998053151403 -0.9999999999973841
-0.2108944772577316 0.5579598442520697 -0.999999999997384
-0.305991416043697 0.4135910913959356 -0.9999999999973842
-0.2477061369935244 0.4629054872924673 -0.9999999999973841
-0.1894208578940449 0.5122198832093916 -0.6666666666649227
-0.1894208578447379 0.5122198832297841 -0.3333333333324613
-0.3710968045170386 0.4948740412156828 -0.9999999999973843
-0.3017324505445751 0.5492869232654115 -0.9999999999973841
-0.2747192937690497 0.5060962052789393 -0.9999999999973841
-0.3385441102803678 0.4542325663058092 -0.9999999999973842
-0.232368096489886 0.603699805349175 -0.6666666666649228
-0.2323680964076606 0.6036998053832097 -0.3333333333324614
-0.2108944771261993 0.5579598443064968 -0.3333333333324613
-0.2108944771919655 0.5579598442792832 -0.6666666666649226
-0.3059914159207069 0.4135910914996495 -0.3333333333324615
-0.3059914159822019 0.4135910914477926 -0.6666666666649229
-0.2477061369381234 0.462905487328592 -0.6666666666649228
-0.2477061368827225 0.4629054873647167 -0.3333333333324614
-0.3710968043118992 0.4948740413886952 -0.3333333333324614
-0.3710968044144689 0.4948740413021889 -0.6666666666649228
-0.3017324504521776 0.5492869233256819 -0.6666666666649227
-0.3017324503597798 0.5492869233859522 -0.3333333333324613
-0.338544110116303 0.4542325664441723 -0.3333333333324614
-0.3385441101983356 0.4542325663749909 -0.6666666666649228
-0.2747192936951505 0.5060962053271369 -0.6666666666649228
-0.2747192936212511 0.5060962053753346 -0.3333333333324614
-0.1679472386289721 0.4664799221259285 -0.9999999999973841
-0.1464736193145923 0.420739961062858 -0.9999999999973843
-0.2734387218070262 0.3729496164860622 -0.9999999999973843
-0.2206929802179992 0.4197147693059953 -0.9999999999973841
-0.1936798234424739 0.3765240513195234 -0.9999999999973841
-0.2408860275703555 0.3323081415761888 -0.9999999999973841
-0.1679472385961243 0.4664799221395 -0.6666666666649228
-0.1679472385632767 0.4664799221530713 -0.3333333333324614
-0.1464736192818154 0.4207399610763586 -0.3333333333324615
-0.1464736192982038 0.4207399610696084 -0.6666666666649229
-0.2734387217251109 0.3729496165551267 -0.3333333333324613
-0.2734387217660685 0.3729496165205943 -0.6666666666649227
-0.2206929801810965 0.4197147693300473 -0.6666666666649227
-0.2206929801441939 0.4197147693540989 -0.3333333333324613
-0.2408860275295149 0.3323081416106038 -0.3333333333324614
-0.2408860275499351 0.3323081415933962 -0.6666666666649228
-0.1936798234240694 0.3765240513315025 -0.6666666666649226
-0.1936798234056652 0.3765240513434812 -0.3333333333324612
-0.2121750492197537 0.8161064330449479 -0.9999999999973841
-0.1060875246098768 0.8455532165224739 -0.9999999999973841
-0.2437587046158522 0.9158551629889118 -1.000000000063457
-0.1223799695420738 0.942814313108628 -0.9999999999973843
-0.1142337470759753 0.8941837648155508 -0.9999999999973841
-0.2279668769178029 0.8659807980169298 -1.000000000030421
-0.2121750490223372 0.8161064331267068 -0.3333333333324614
-0.2121750491210454 0.8161064330858274 -0.6666666666649228
-0.1060875245605227 0.8455532165429136 -0.6666666666649228
-0.1060875245111686 0.8455532165633534 -0.3333333333324614
-0.2434336096195691 0.9159424478933507 -0.3333333333545311
-0.2435961626300721 0.9158988259582839 -0.6666666667089938
-0.1223799694331284 0.9428143131276259 -0.666666666664968
-0.1223799693241831 0.9428143131466244 -0.3333333333325518
-0.2278043293209531 0.8660244405100304 -0.3333333333434964
-0.2278856058755587 0.8660026295220563 -0.6666666666869584
-0.1142337469968255 0.894183764835272 -0.6666666666649455
-0.1142337469176758 0.8941837648549926 -0.3333333333325066
-0.1692278105909942 0.6829598442521406 -0.9999999999973842
-0.08461390529549709 0.7164799221260703 -0.9999999999973842
-0.1978593030101671 0.7717242367806787 -0.9999999999973842
-0.09892965150508357 0.8025287850570061 -0.9999999999973842
-0.09177177840029035 0.7595043535915381 -0.9999999999973842
-0.1835435568005807 0.7273420405164097 -0.9999999999973843
-0.1692278104594146 0.6829598443066148 -0.3333333333324614
-0.1692278105252044 0.6829598442793776 -0.6666666666649228
-0.08461390526260219 0.7164799221396889 -0.6666666666649228
-0.0846139052297073 0.7164799221533075 -0.3333333333324614
-0.1978593028346964 0.7717242368533401 -0.3333333333324613
-0.1978593029224317 0.7717242368170094 -0.6666666666649227
-0.09892965146121585 0.8025287850751694 -0.6666666666649227
-0.09892965141734819 0.8025287850933319 -0.3333333333324613
-0.1835435566470554 0.7273420405799731 -0.3333333333324615
-0.1835435567238181 0.7273420405481912 -0.6666666666649229
-0.09177177836190906 0.759504353607425 -0.6666666666649229
-0.09177177832352772 0.7595043536233115 -0.3333333333324615
-0.1262805719622346 0.5498132554593327 -0.999999999997384
-0.06314028598111729 0.5874066277296663 -0.9999999999973839
-0.1549120643814076 0.6385776479878714 -0.9999999999973843
-0.07745603219070382 0.6734554906606022 -0.9999999999973842
-0.07029815908591056 0.6304310591951342 -0.9999999999973841
-0.1405963181718211 0.5941954517236021 -0.9999999999973841
-0.1262805718964919 0.5498132554865227 -0.3333333333324613
-0.1262805719293633 0.5498132554729278 -0.6666666666649226
-0.06314028596468164 0.5874066277364639 -0.6666666666649227
-0.06314028594824597 0.5874066277432612 -0.3333333333324614
-0.1549120642717737 0.6385776480332752 -0.3333333333324614
-0.1549120643265907 0.6385776480105729 -0.6666666666649228
-0.07745603216329533 0.6734554906719715 -0.6666666666649227
-0.07745603213588687 0.6734554906833401 -0.3333333333324613
-0.1405963180841329 0.5941954517599141 -0.3333333333324613
-0.140596318127977 0.594195451741758 -0.6666666666649225
-0.07029815906398849 0.6304310592042328 -0.6666666666649228
-0.07029815904206645 0.630431059213331 -0.3333333333324613
-0.111964825752648 0.5054310591950635 -0.9999999999973839
-0.05598241287632404 0.5443821962641984 -0.9999999999973841
-0.04882453977153077 0.5013577647987304 -0.9999999999973841
-0.09764907954306151 0.4610488629307943 -0.9999999999973841
-0.1119648257088511 0.5054310592131479 -0.3333333333324838
-0.1119648257307496 0.5054310592041054 -0.6666666666649338
-0.0559824128653748 0.544382196268711 -0.6666666666649452
-0.05598241285442555 0.5443821962732232 -0.3333333333325066
-0.09764907952121027 0.4610488629398197 -0.3333333333325065
-0.09764907953213592 0.461048862935307 -0.6666666666649455
-0.04882453976606795 0.5013577648010058 -0.6666666666649679
-0.04882453976060517 0.5013577648032808 -0.3333333333325519
-0.7866596493306041 0.3182625744014489 -1.666666666665795
-0.7866596492777431 0.3182625745290804 -1.333333333331589
-0.8781395714040631 0.361209813157335 -1.666666666665795
-0.8781395713394464 0.3612098133133379 -1.33333333333159
-0.8323996103085949 0.3397361939212091 -1.33333333333159
-0.8323996103673337 0.339736193779392 -1.666666666665795
-0.8455532164259144 0.1060875248430268 -1.333333333331589
-0.8455532164435346 0.106087524800483 -1.666666666665795
-0.8161064328870693 0.2121750496009659 -1.666666666665795
-0.8161064328518288 0.2121750496860536 -1.333333333331589
-0.9428581649670159 0.1220462303944385 -1.333333333468458
-0.9428362600834552 0.1222131028197218 -1.66666666673423
-0.9159860284727421 0.2432710466604759 -1.666666666665795
-0.9159860284370405 0.2432710467782244 -1.33333333333159
-0.894205690696467 0.1140668776187326 -1.333333333400023
-0.8941947382634983 0.1141503138101024 -1.666666666700012
-0.8660462306799076 0.2277230481307209 -1.666666666665794
-0.8660462306444359 0.2277230482321389 -1.333333333331589
-0.6494397662204159 0.2538417162676196 -1.666666666665795
-0.6494397661851882 0.2538417163526943 -1.333333333331589
-0.7409196882938747 0.2967889550235058 -1.666666666665795
-0.7409196882468916 0.2967889551369517 -1.333333333331589
-0.6951797272160398 0.275315335744823 -1.333333333331589
-0.6951797272571453 0.2753153356455627 -1.666666666665795
-0.7164799220617294 0.08461390545089809 -1.33333333333159
-0.716479922073472 0.08461390542253985 -1.666666666665795
-0.6829598441469439 0.1692278108450797 -1.666666666665795
-0.6829598441234588 0.1692278109017962 -1.333333333331589
-0.8025287849711831 0.09892965171231721 -1.333333333331589
-0.8025287849868417 0.09892965167450191 -1.666666666665795
-0.7717242366403583 0.1978593033490038 -1.666666666665795
-0.7717242366090376 0.1978593034246344 -1.333333333331589
-0.7595043535164521 0.09177177858160768 -1.333333333331589
-0.7595043535301482 0.09177177854852089 -1.666666666665795
-0.7273420403936464 0.1835435570970418 -1.666666666665795
-0.7273420403662463 0.1835435571632154 -1.333333333331589
-0.5122198831102275 0.1894208581337903 -1.666666666665795
-0.5122198830926331 0.1894208581763082 -1.33333333333159
-0.6036998051836864 0.2323680968896765 -1.666666666665795
-0.6036998051543364 0.2323680969605656 -1.333333333331589
-0.5579598441234848 0.2108944775684369 -1.33333333333159
-0.5579598441469571 0.2108944775117334 -1.666666666665795
-0.5874066276975443 0.06314028605876941 -1.33333333333159
-0.5874066277034091 0.06314028604459679 -1.666666666665795
-0.5498132554068185 0.1262805720891935 -1.666666666665795
-0.5498132553950887 0.1262805721175388 -1.33333333333159
-0.6734554906070249 0.07745603232018854 -1.333333333331589
-0.6734554906168326 0.07745603229655883 -1.666666666665795
-0.6385776479002596 0.1549120645931176 -1.666666666665795
-0.6385776478806806 0.154912064640377 -1.333333333331589
-0.6304310591522999 0.07029815918947893 -1.33333333333159
-0.6304310591601512 0.0702981591705778 -1.666666666665795
-0.5941954516535541 0.1405963183411555 -1.666666666665795
-0.5941954516378922 0.1405963183789579 -1.333333333331589
-0.466479922073498 0.1679472387558472 -1.666666666665795
-0.4664799220617813 0.1679472387841796 -1.333333333331589
-0.4207399610309297 0.1464736193920508 -1.33333333333159
-0.4207399610367684 0.1464736193779042 -1.666666666665795
-0.544382196242803 0.05598241292806109 -1.333333333331589
-0.5443821962466961 0.05598241291861824 -1.666666666665795
-0.5054310591600987 0.1119648258372316 -1.666666666665795
-0.505431059152293 0.1119648258561197 -1.333333333331589
-0.5013577647881102 0.04882453979735277 -1.33333333333159
-0.5013577647900788 0.04882453979263972 -1.666666666665795
-0.4610488629134263 0.09764907958526955 -1.666666666665795
-0.4610488629095211 0.09764907959470061 -1.333333333331589
-0.592830085686863 0.5928300860929582 -1.666666666665795
-0.5928300854838152 0.5928300862960059 -1.33333333333159
-0.6690145491728012 0.6690145496692025 -1.666666666665795
-0.6690145489246008 0.6690145499174031 -1.33333333333159
-0.630922317204208 0.6309223181067044 -1.33333333333159
-0.6309223174298322 0.6309223178810803 -1.666666666665795
-0.7220497946797673 0.4097850784513889 -1.33333333333159
-0.7220497947826904 0.4097850782986187 -1.666666666665795
-0.6574399402347768 0.5013075821957883 -1.666666666665795
-0.6574399400817913 0.5013075823736972 -1.33333333333159
-0.8182017644069332 0.4696368060579023 -1.333333333331589
-0.8181176676803231 0.4697825933375873 -1.666666666665796
-0.7480488735173456 0.5729434801862859 -1.666666666665795
-0.748048873317761 0.5729434804392348 -1.33333333333159
-0.77012577954335 0.4397109422546456 -1.33333333333159
-0.7700837312315063 0.4397838358181031 -1.666666666665795
-0.7027444068760612 0.5371255311910373 -1.666666666665795
-0.7027444066997759 0.537125531406466 -1.33333333333159
-0.4785533904579554 0.4785533907285922 -1.666666666665795
-0.478553390322637 0.4785533908639105 -1.33333333333159
-0.5547378539438937 0.5547378543048361 -1.666666666665795
-0.5547378537634224 0.5547378544853074 -1.33333333333159
-0.5166456220430297 0.5166456226746089 -1.33333333333159
-0.5166456222009246 0.5166456225167141 -1.666666666665795
-0.5924776408976712 0.328745607856433 -1.333333333331589
-0.5924776409662624 0.3287456077546104 -1.666666666665795
-0.5355155157121089 0.4036494992416013 -1.666666666665795
-0.535515515610154 0.4036494993601717 -1.333333333331589
-0.6788590767524019 0.3827719215864036 -1.333333333331589
-0.6788590768438809 0.3827719214506158 -1.666666666665795
-0.6167984653938875 0.4687548878777259 -1.666666666665795
-0.6167984652579119 0.4687548880358555 -1.333333333331589
-0.6356683588250365 0.3557587647214182 -1.33333333333159
-0.6356683589050717 0.355758764602613 -1.666666666665795
-0.5761569905529982 0.4362021935596636 -1.666666666665795
-0.5761569904340329 0.4362021936980136 -1.33333333333159
-0.3642766952290478 0.3642766953642259 -1.666666666665795
-0.3642766951614587 0.364276695431815 -1.33333333333159
-0.4404611587149863 0.4404611589404702 -1.666666666665795
-0.4404611586022443 0.440461159053212 -1.333333333331589
-0.4023689268818514 0.4023689272425135 -1.33333333333159
-0.402368926972017 0.4023689271523481 -1.666666666665795
-0.4629054871155749 0.2477061372614771 -1.33333333333159
-0.4629054871498341 0.2477061372106022 -1.666666666665795
-0.4135910911894409 0.305991416287414 -1.666666666665795
-0.4135910911385169 0.3059914163466461 -1.33333333333159
-0.5492869229703057 0.3017324509914476 -1.333333333331589
-0.5492869230274532 0.3017324509066074 -1.666666666665795
-0.4948740408712194 0.371096804923539 -1.666666666665795
-0.4948740407862753 0.3710968050223302 -1.333333333331589
-0.5060962050429401 0.2747192941264625 -1.33333333333159
-0.5060962050886436 0.2747192940586048 -1.666666666665795
-0.4542325660303304 0.3385441106054766 -1.666666666665795
-0.4542325659623959 0.338544110684488 -1.33333333333159
-0.3261844634860786 0.3261844635761039 -1.666666666665795
-0.3261844634410659 0.3261844636211164 -1.333333333331589
-0.2880922317206733 0.2880922318104179 -1.33333333333159
-0.2880922317431095 0.2880922317879818 -1.666666666665795
-0.4197147691882003 0.2206929803965008 -1.333333333331589
-0.4197147692110064 0.2206929803626175 -1.666666666665795
-0.3729496163485388 0.2734387219693644 -1.666666666665795
-0.3729496163146316 0.2734387220088105 -1.333333333331589
-0.3765240512608262 0.1936798235315248 -1.33333333333159
-0.3765240512721789 0.1936798235146333 -1.666666666665795
-0.332308141507637 0.2408860276513147 -1.666666666665795
-0.332308141490746 0.2408860276709749 -1.33333333333159
-0.3182625741257551 0.7866596494447839 -1.666666666665795
-0.3182625739776928 0.7866596495061029 -1.333333333331589
-0.3612098128203515 0.8781395715436406 -1.666666666665795
-0.3612098126393709 0.878139571618602 -1.33333333333159
-0.3397361933085318 0.8323996105623523 -1.33333333333159
-0.3397361934730533 0.8323996104942121 -1.666666666665795
-0.5013075816484411 0.6574399406993716 -1.33333333333159
-0.5013075818331604 0.6574399405435667 -1.666666666665795
-0.4097850779794577 0.7220497949941753 -1.666666666665795
-0.4097850778130669 0.7220497951027371 -1.33333333333159
-0.5732104770300261 0.7478438925351467 -1.333333333331589
-0.5730769914286856 0.7479463999697535 -1.666666666665795
-0.4699283591414283 0.8180335342945271 -1.666666666665795
-0.4699283589445652 0.8180335344123519 -1.33333333333159
-0.5372590293392338 0.7026419166172591 -1.33333333333159
-0.537192286630923 0.7026931702566603 -1.666666666665795
-0.4398567185604429 0.7700416646443506 -1.666666666665795
-0.439856718378816 0.7700416647575442 -1.33333333333159
-0.2538417160838604 0.6494397662964994 -1.666666666665795
-0.2538417159851758 0.6494397663373551 -1.33333333333159
-0.2967889547784568 0.7409196883953557 -1.666666666665795
-0.2967889546468538 0.7409196884498538 -1.333333333331589
-0.2753153353160148 0.6951797273936045 -1.33333333333159
-0.2753153354311587 0.6951797273459276 -1.666666666665795
-0.4036494988768166 0.5355155160217253 -1.33333333333159
-0.4036494989999238 0.5355155159178946 -1.666666666665795
-0.3287456075418921 0.5924776411071968 -1.666666666665795
-0.3287456074309962 0.5924776411795403 -1.33333333333159
-0.4687548873912329 0.6167984658068231 -1.333333333331589
-0.4687548875554148 0.6167984656683426 -1.666666666665795
-0.3827719211669358 0.6788590770318492 -1.666666666665795
-0.3827719210190433 0.6788590771283385 -1.33333333333159
-0.4362021931340247 0.576156990914274 -1.33333333333159
-0.4362021932776692 0.5761569907931186 -1.666666666665795
-0.355758764354414 0.6356683590695227 -1.666666666665795
-0.3557587642250197 0.635668359153939 -1.333333333331589
-0.1894208580419656 0.5122198831482142 -1.666666666665795
-0.1894208579926587 0.5122198831686066 -1.333333333331589
-0.2323680967365621 0.603699805247071 -1.666666666665795
-0.2323680966543368 0.6036998052811056 -1.33333333333159
-0.2108944773234978 0.5579598442248561 -1.33333333333159
-0.2108944773892639 0.5579598441976427 -1.666666666665795
-0.305991416105192 0.4135910913440789 -1.33333333333159
-0.305991416166687 0.413591091292222 -1.666666666665795
-0.2477061371043263 0.4629054872202181 -1.666666666665795
-0.2477061370489254 0.4629054872563426 -1.333333333331589
-0.3710968046196086 0.4948740411291764 -1.333333333331589
-0.3710968047221783 0.4948740410426704 -1.666666666665795
-0.3017324507293702 0.5492869231448705 -1.666666666665795
-0.3017324506369726 0.5492869232051407 -1.333333333331589
-0.3385441103624002 0.4542325662366278 -1.33333333333159
-0.3385441104444327 0.4542325661674463 -1.666666666665795
-0.2747192939168484 0.5060962051825444 -1.666666666665795
-0.2747192938429489 0.5060962052307419 -1.33333333333159
-0.1679472386946674 0.4664799220987859 -1.666666666665795
-0.1679472386618197 0.4664799221123572 -1.333333333331589
-0.1464736193309807 0.4207399610561078 -1.33333333333159
-0.1464736193473691 0.4207399610493575 -1.666666666665795
-0.2734387218479839 0.3729496164515301 -1.333333333331589
-0.2734387218889416 0.3729496164169981 -1.666666666665795
-0.2206929802918044 0.4197147692578919 -1.666666666665795
-0.2206929802549018 0.4197147692819435 -1.333333333331589
-0.2408860275907757 0.3323081415589811 -1.33333333333159
-0.240886027611196 0.3323081415417736 -1.666666666665795
-0.1936798234792825 0.3765240512955656 -1.666666666665795
-0.1936798234608782 0.3765240513075445 -1.333333333331589
-0.2121750493184619 0.8161064330040686 -1.333333333331589
-0.2121750494171701 0.8161064329631893 -1.666666666665795
-0.1060875247085851 0.8455532164815946 -1.666666666665795
-0.106087524659231 0.8455532165020343 -1.333333333331589
-0.2435961629125702 0.9158988258728508 -1.333333333375638
-0.2434336101845945 0.9159424477225947 -1.66666666668782
-0.1223799696420972 0.9428143130861805 -1.666666666665795
-0.1223799695920855 0.9428143130974042 -1.33333333333159
-0.2278856061155161 0.8660026294384606 -1.333333333353614
-0.2278043298008824 0.8660244403428935 -1.666666666676807
-0.1142337471753412 0.8941837647838912 -1.666666666665795
-0.1142337471256583 0.8941837647997209 -1.33333333333159
-0.1692278106567839 0.6829598442249035 -1.33333333333159
-0.1692278107225736 0.6829598441976663 -1.666666666665795
-0.0846139053612868 0.716479922098833 -1.666666666665795
-0.08461390532839194 0.7164799221124517 -1.33333333333159
-0.1978593030979026 0.7717242367443458 -1.333333333331589
-0.197859303185638 0.7717242367080124 -1.666666666665795
-0.098929651592819 0.8025287850206685 -1.666666666665795
-0.09892965154895128 0.8025287850388374 -1.33333333333159
-0.1835435568773432 0.7273420404846225 -1.33333333333159
-0.1835435569541058 0.727342040452835 -1.666666666665795
-0.09177177847705292 0.7595043535597422 -1.666666666665795
-0.0917717784386716 0.7595043535756402 -1.33333333333159
-0.1262805719951058 0.5498132554457378 -1.333333333331589
-0.1262805720279771 0.5498132554321428 -1.666666666665795
-0.06314028601398855 0.5874066277160713 -1.666666666665795
-0.06314028599755292 0.5874066277228689 -1.333333333331589
-0.1549120644362246 0.6385776479651938 -1.33333333333159
-0.1549120644910414 0.638577647942516 -1.666666666665795
-0.07745603224552071 0.6734554906379606 -1.666666666665795
-0.0774560322181123 0.6734554906492816 -1.33333333333159
-0.1405963182156652 0.5941954517054735 -1.33333333333159
-0.1405963182595093 0.5941954516873442 -1.666666666665795
-0.07029815912975465 0.6304310591770459 -1.666666666665794
-0.0702981591078326 0.6304310591860904 -1.33333333333159
-0.1119648257745465 0.5054310591860105 -1.333333333331589
-0.1119648257964449 0.5054310591769571 -1.666666666665795
-0.05598241289822245 0.5443821962551281 -1.666666666665795
-0.05598241288727325 0.5443821962596631 -1.33333333333159
-0.09764907955398711 0.4610488629263068 -1.333333333331589
-0.0976490795649127 0.4610488629218187 -1.666666666665795
-0.04882453978245636 0.5013577647942804 -1.666666666665795
-0.04882453977699358 0.5013577647965056 -1.33333333333159
$EndNodes
$Elements
19 352 659 1074
2 1 36 16
659 9 73 97 84 431 432 495 496 497 498 461 462 499 500 501 502 
660 84 97 98 83 498 497 503 504 505 506 459 460 507 508 509 510 
661 83 98 99 82 506 505 511 512 513 514 457 458 515 516 517 518 
662 82 99 81 12 514 513 519 520 453 454 455 456 521 522 523 524 
663 73 74 100 97 433 434 525 526 527 528 496 495 529 530 531 532 
664 97 100 101 98 528 527 533 534 535 536 504 503 537 538 539 540 
665 98 101 102 99 536 535 541 542 543 544 512 511 545 546 547 548 
666 99 102 80 81 544 543 549 550 451 452 520 519 551 552 553 554 
667 74 75 103 100 435 436 555 556 557 558 526 525 559 560 561 562 
668 100 103 104 101 558 557 563 564 565 566 534 533 567 568 569 570 
669 101 104 105 102 566 565 571 572 573 574 542 541 575 576 577 578 
670 102 105 79 80 574 573 579 580 449 450 550 549 581 582 583 584 
671 75 11 76 103 437 438 439 440 585 586 556 555 587 588 589 590 
672 103 76 77 104 586 585 441 442 591 592 564 563 593 594 595 596 
673 104 77 78 105 592 591 443 444 597 598 572 571 599 600 601 602 
674 105 78 10 79 598 597 445 446 447 448 580 579 603 604 605 606 
2 2 36 16
675 13 85 106 96 463 464 607 608 609 610 493 494 611 612 613 614 
676 96 106 107 95 610 609 615 616 617 618 491 492 619 620 621 622 
677 95 107 108 94 618 617 623 624 625 626 489 490 627 628 629 630 
678 94 108 93 16 626 625 631 632 485 486 487 488 633 634 635 636 
679 85 86 109 106 465 466 637 638 639 640 608 607 641 642 643 644 
680 106 109 110 107 640 639 645 646 647 648 616 615 649 650 651 652 
681 107 110 111 108 648 647 653 654 655 656 624 623 657 658 659 660 
682 108 111 92 93 656 655 661 662 483 484 632 631 663 664 665 666 
683 86 87 112 109 467 468 667 668 669 670 638 637 671 672 673 674 
684 109 112 113 110 670 669 675 676 677 678 646 645 679 680 681 682 
685 110 113 114 111 678 677 683 684 685 686 654 653 687 688 689 690 
686 111 114 91 92 686 685 691 692 481 482 662 661 693 694 695 696 
687 87 15 88 112 469 470 471 472 697 698 668 667 699 700 701 702 
688 112 88 89 113 698 697 473 474 703 704 676 675 705 706 707 708 
689 113 89 90 114 704 703 475 476 709 710 684 683 711 712 713 714 
690 114 90 14 91 710 709 477 478 479 480 692 691 715 716 717 718 
2 11 36 16
755 1 17 139 51 271 272 1135 1136 1137 1138 373 374 1139 1140 1141 1142 
756 51 139 140 50 1138 1137 1143 1144 1145 1146 371 372 1147 1148 1149 1150 
757 50 140 141 49 1146 1145 1151 1152 1153 1154 369 370 1155 1156 1157 1158 
758 49 141 73 9 1154 1153 1159 1160 432 431 367 368 1161 1162 1163 1164 
759 17 18 142 139 273 274 1165 1166 1167 1168 1136 1135 1169 1170 1171 1172 
760 139 142 143 140 1168 1167 1173 1174 1175 1176 1144 1143 1177 1178 1179 1180 
761 140 143 144 141 1176 1175 1181 1182 1183 1184 1152 1151 1185 1186 1187 1188 
762 141 144 74 73 1184 1183 1189 1190 434 433 1160 1159 1191 1192 1193 1194 
763 18 19 145 142 275 276 1195 1196 1197 1198 1166 1165 1199 1200 1201 1202 
764 142 145 146 143 1198 1197 1203 1204 1205 1206 1174 1173 1207 1208 1209 1210 
765 143 146 147 144 1206 1205 1211 1212 1213 1214 1182 1181 1215 1216 1217 1218 
766 144 147 75 74 1214 1213 1219 1220 436 435 1190 1189 1221 1222 1223 1224 
767 19 5 57 145 277 278 390 389 1225 1226 1196 1195 1227 1228 1229 1230 
768 145 57 56 146 1226 1225 388 387 1231 1232 1204 1203 1233 1234 1235 1236 
769 146 56 55 147 1232 1231 386 385 1237 1238 1212 1211 1239 1240 1241 1242 
770 147 55 11 75 1238 1237 384 383 438 437 1220 1219 1243 1244 1245 1246 
2 12 36 16
771 5 20 148 57 279 280 1247 1248 1249 1250 389 390 1251 1252 1253 1254 
772 57 148 149 56 1250 1249 1255 1256 1257 1258 387 388 1259 1260 1261 1262 
773 56 149 150 55 1258 1257 1263 1264 1265 1266 385 386 1267 1268 1269 1270 
774 55 150 76 11 1266 1265 1271 1272 440 439 383 384 1273 1274 1275 1276 
775 20 21 151 148 281 282 1277 1278 1279 1280 1248 1247 1281 1282 1283 1284 
776 148 151 152 149 1280 1279 1285 1286 1287 1288 1256 1255 1289 1290 1291 1292 
777 149 152 153 150 1288 1287 1293 1294 1295 1296 1264 1263 1297 1298 1299 1300 
778 150 153 77 76 1296 1295 1301 1302 442 441 1272 1271 1303 1304 1305 1306 
779 21 22 154 151 283 284 1307 1308 1309 1310 1278 1277 1311 1312 1313 1314 
780 151 154 155 152 1310 1309 1315 1316 1317 1318 1286 1285 1319 1320 1321 1322 
781 152 155 156 153 1318 1317 1323 1324 1325 1326 1294 1293 1327 1328 1329 1330 
782 153 156 78 77 1326 1325 1331 1332 444 443 1302 1301 1333 1334 1335 1336 
783 22 3 63 154 285 286 406 405 1337 1338 1308 1307 1339 1340 1341 1342 
784 154 63 62 155 1338 1337 404 403 1343 1344 1316 1315 1345 1346 1347 1348 
785 155 62 61 156 1344 1343 402 401 1349 1350 1324 1323 1351 1352 1353 1354 
786 156 61 10 78 1350 1349 400 399 446 445 1332 1331 1355 1356 1357 1358 
2 13 36 16
787 3 23 157 63 287 288 1359 1360 1361 1362 405 406 1363 1364 1365 1366 
788 63 157 158 62 1362 1361 1367 1368 1369 1370 403 404 1371 1372 1373 1374 
789 62 158 159 61 1370 1369 1375 1376 1377 1378 401 402 1379 1380 1381 1382 
790 61 159 79 10 1378 1377 1383 1384 448 447 399 400 1385 1386 1387 1388 
791 23 24 160 157 289 290 1389 1390 1391 1392 1360 1359 1393 1394 1395 1396 
792 157 160 161 158 1392 1391 1397 1398 1399 1400 1368 1367 1401 1402 1403 1404 
793 158 161 162 159 1400 1399 1405 1406 1407 1408 1376 1375 1409 1410 1411 1412 
794 159 162 80 79 1408 1407 1413 1414 450 449 1384 1383 1415 1416 1417 1418 
795 24 25 163 160 291 292 1419 1420 1421 1422 1390 1389 1423 1424 1425 1426 
796 160 163 164 161 1422 1421 1427 1428 1429 1430 1398 1397 1431 1432 1433 1434 
797 161 164 165 162 1430 1429 1435 1436 1437 1438 1406 1405 1439 1440 1441 1442 
798 162 165 81 80 1438 1437 1443 1444 452 451 1414 1413 1445 1446 1447 1448 
799 25 7 69 163 293 294 422 421 1449 1450 1420 1419 1451 1452 1453 1454 
800 163 69 68 164 1450 1449 420 419 1455 1456 1428 1427 1457 1458 1459 1460 
801 164 68 67 165 1456 1455 418 417 1461 1462 1436 1435 1463 1464 1465 1466 
802 165 67 12 81 1462 1461 416 415 454 453 1444 1443 1467 1468 1469 1470 
2 14 36 16
803 7 26 166 69 295 296 1471 1472 1473 1474 421 422 1475 1476 1477 1478 
804 69 166 167 68 1474 1473 1479 1480 1481 1482 419 420 1483 1484 1485 1486 
805 68 167 168 67 1482 1481 1487 1488 1489 1490 417 418 1491 1492 1493 1494 
806 67 168 82 12 1490 1489 1495 1496 456 455 415 416 1497 1498 1499 1500 
807 26 27 169 166 297 298 1501 1502 1503 1504 1472 1471 1505 1506 1507 1508 
808 166 169 170 167 1504 1503 1509 1510 1511 1512 1480 1479 1513 1514 1515 1516 
809 167 170 171 168 1512 1511 1517 1518 1519 1520 1488 1487 1521 1522 1523 1524 
810 168 171 83 82 1520 1519 1525 1526 458 457 1496 1495 1527 1528 1529 1530 
811 27 28 172 169 299 300 1531 1532 1533 1534 1502 1501 1535 1536 1537 1538 
812 169 172 173 170 1534 1533 1539 1540 1541 1542 1510 1509 1543 1544 1545 1546 
813 170 173 174 171 1542 1541 1547 1548 1549 1550 1518 1517 1551 1552 1553 1554 
814 171 174 84 83 1550 1549 1555 1556 460 459 1526 1525 1557 1558 1559 1560 
815 28 1 51 172 301 302 374 373 1561 1562 1532 1531 1563 1564 1565 1566 
816 172 51 50 173 1562 1561 372 371 1567 1568 1540 1539 1569 1570 1571 1572 
817 173 50 49 174 1568 1567 370 369 1573 1574 1548 1547 1575 1576 1577 1578 
818 174 49 9 84 1574 1573 368 367 462 461 1556 1555 1579 1580 1581 1582 
2 15 36 16
819 2 33 175 54 319 320 1583 1584 1585 1586 381 382 1587 1588 1589 1590 
820 54 175 176 53 1586 1585 1591 1592 1593 1594 379 380 1595 1596 1597 1598 
821 53 176 177 52 1594 1593 1599 1600 1601 1602 377 378 1603 1604 1605 1606 
822 52 177 85 13 1602 1601 1607 1608 464 463 375 376 1609 1610 1611 1612 
823 33 34 178 175 321 322 1613 1614 1615 1616 1584 1583 1617 1618 1619 1620 
824 175 178 179 176 1616 1615 1621 1622 1623 1624 1592 1591 1625 1626 1627 1628 
825 176 179 180 177 1624 1623 1629 1630 1631 1632 1600 1599 1633 1634 1635 1636 
826 177 180 86 85 1632 1631 1637 1638 466 465 1608 1607 1639 1640 1641 1642 
827 34 35 181 178 323 324 1643 1644 1645 1646 1614 1613 1647 1648 1649 1650 
828 178 181 182 179 1646 1645 1651 1652 1653 1654 1622 1621 1655 1656 1657 1658 
829 179 182 183 180 1654 1653 1659 1660 1661 1662 1630 1629 1663 1664 1665 1666 
830 180 183 87 86 1662 1661 1667 1668 468 467 1638 1637 1669 1670 1671 1672 
831 35 6 60 181 325 326 398 397 1673 1674 1644 1643 1675 1676 1677 1678 
832 181 60 59 182 1674 1673 396 395 1679 1680 1652 1651 1681 1682 1683 1684 
833 182 59 58 183 1680 1679 394 393 1685 1686 1660 1659 1687 1688 1689 1690 
834 183 58 15 87 1686 1685 392 391 470 469 1668 1667 1691 1692 1693 1694 
2 16 36 16
835 6 36 184 60 327 328 1695 1696 1697 1698 397 398 1699 1700 1701 1702 
836 60 184 185 59 1698 1697 1703 1704 1705 1706 395 396 1707 1708 1709 1710 
837 59 185 186 58 1706 1705 1711 1712 1713 1714 393 394 1715 1716 1717 1718 
838 58 186 88 15 1714 1713 1719 1720 472 471 391 392 1721 1722 1723 1724 
839 36 37 187 184 329 330 1725 1726 1727 1728 1696 1695 1729 1730 1731 1732 
840 184 187 188 185 1728 1727 1733 1734 1735 1736 1704 1703 1737 1738 1739 1740 
841 185 188 189 186 1736 1735 1741 1742 1743 1744 1712 1711 1745 1746 1747 1748 
842 186 189 89 88 1744 1743 1749 1750 474 473 1720 1719 1751 1752 1753 1754 
843 37 38 190 187 331 332 1755 1756 1757 1758 1726 1725 1759 1760 1761 1762 
844 187 190 191 188 1758 1757 1763 1764 1765 1766 1734 1733 1767 1768 1769 1770 
845 188 191 192 189 1766 1765 1771 1772 1773 1774 1742 1741 1775 1776 1777 1778 
846 189 192 90 89 1774 1773 1779 1780 476 475 1750 1749 1781 1782 1783 1784 
847 38 4 66 190 333 334 414 413 1785 1786 1756 1755 1787 1788 1789 1790 
848 190 66 65 191 1786 1785 412 411 1791 1792 1764 1763 1793 1794 1795 1796 
849 191 65 64 192 1792 1791 410 409 1797 1798 1772 1771 1799 1800 1801 1802 
850 192 64 14 90 1798 1797 408 407 478 477 1780 1779 1803 1804 1805 1806 
2 17 36 16
851 4 39 193 66 335 336 1807 1808 1809 1810 413 414 1811 1812 1813 1814 
852 66 193 194 65 1810 1809 1815 1816 1817 1818 411 412 1819 1820 1821 1822 
853 65 194 195 64 1818 1817 1823 1824 1825 1826 409 410 1827 1828 1829 1830 
854 64 195 91 14 1826 1825 1831 1832 480 479 407 408 1833 1834 1835 1836 
855 39 40 196 193 337 338 1837 1838 1839 1840 1808 1807 1841 1842 1843 1844 
856 193 196 197 194 1840 1839 1845 1846 1847 1848 1816 1815 1849 1850 1851 1852 
857 194 197 198 195 1848 1847 1853 1854 1855 1856 1824 1823 1857 1858 1859 1860 
858 195 198 92 91 1856 1855 1861 1862 482 481 1832 1831 1863 1864 1865 1866 
859 40 41 199 196 339 340 1867 1868 1869 1870 1838 1837 1871 1872 1873 1874 
860 196 199 200 197 1870 1869 1875 1876 1877 1878 1846 1845 1879 1880 1881 1882 
861 197 200 201 198 1878 1877 1883 1884 1885 1886 1854 1853 1887 1888 1889 1890 
862 198 201 93 92 1886 1885 1891 1892 484 483 1862 1861 1893 1894 1895 1896 
863 41 8 72 199 341 342 430 429 1897 1898 1868 1867 1899 1900 1901 1902 
864 199 72 71 200 1898 1897 428 427 1903 1904 1876 1875 1905 1906 1907 1908 
865 200 71 70 201 1904 1903 426 425 1909 1910 1884 1883 1911 1912 1913 1914 
866 201 70 16 93 1910 1909 424 423 486 485 1892 1891 1915 1916 1917 1918 
2 18 36 16
867 8 42 202 72 343 344 1919 1920 1921 1922 429 430 1923 1924 1925 1926 
868 72 202 203 71 1922 1921 1927 1928 1929 1930 427 428 1931 1932 1933 1934 
869 71 203 204 70 1930 1929 1935 1936 1937 1938 425 426 1939 1940 1941 1942 
870 70 204 94 16 1938 1937 1943 1944 488 487 423 424 1945 1946 1947 1948 
871 42 43 205 202 345 346 1949 1950 1951 1952 1920 1919 1953 1954 1955 1956 
872 202 205 206 203 1952 1951 1957 1958 1959 1960 1928 1927 1961 1962 1963 1964 
873 203 206 207 204 1960 1959 1965 1966 1967 1968 1936 1935 1969 1970 1971 1972 
874 204 207 95 94 1968 1967 1973 1974 490 489 1944 1943 1975 1976 1977 1978 
875 43 44 208 205 347 348 1979 1980 1981 1982 1950 1949 1983 1984 1985 1986 
876 205 208 209 206 1982 1981 1987 1988 1989 1990 1958 1957 1991 1992 1993 1994 
877 206 209 210 207 1990 1989 1995 1996 1997 1998 1966 1965 1999 2000 2001 2002 
878 207 210 96 95 1998 1997 2003 2004 492 491 1974 1973 2005 2006 2007 2008 
879 44 2 54 208 349 350 382 381 2009 2010 1980 1979 2011 2012 2013 2014 
880 208 54 53 209 2010 2009 380 379 2015 2016 1988 1987 2017 2018 2019 2020 
881 209 53 52 210 2016 2015 378 377 2021 2022 1996 1995 2023 2024 2025 2026 
882 210 52 13 96 2022 2021 376 375 494 493 2004 2003 2027 2028 2029 2030 
2 19 36 8
883 1 29 211 17 303 304 2031 2032 2033 2034 272 271 2035 2036 2037 2038 
884 17 211 212 18 2034 2033 2039 2040 2041 2042 274 273 2043 2044 2045 2046 
885 18 212 213 19 2042 2041 2047 2048 2049 2050 276 275 2051 2052 2053 2054 
886 19 213 31 5 2050 2049 2055 2056 312 311 278 277 2057 2058 2059 2060 
887 29 2 33 211 305 306 319 320 2061 2062 2032 2031 2063 2064 2065 2066 
888 211 33 34 212 2062 2061 321 322 2067 2068 2040 2039 2069 2070 2071 2072 
889 212 34 35 213 2068 2067 323 324 2073 2074 2048 2047 2075 2076 2077 2078 
890 213 35 6 31 2074 2073 325 326 314 313 2056 2055 2079 2080 2081 2082 
2 20 36 8
891 5 31 214 20 311 312 2083 2084 2085 2086 280 279 2087 2088 2089 2090 
892 20 214 215 21 2086 2085 2091 2092 2093 2094 282 281 2095 2096 2097 2098 
893 21 215 216 22 2094 2093 2099 2100 2101 2102 284 283 2103 2104 2105 2106 
894 22 216 30 3 2102 2101 2107 2108 308 307 286 285 2109 2110 2111 2112 
895 31 6 36 214 313 314 327 328 2113 2114 2084 2083 2115 2116 2117 2118 
896 214 36 37 215 2114 2113 329 330 2119 2120 2092 2091 2121 2122 2123 2124 
897 215 37 38 216 2120 2119 331 332 2125 2126 2100 2099 2127 2128 2129 2130 
898 216 38 4 30 2126 2125 333 334 310 309 2108 2107 2131 2132 2133 2134 
2 21 36 8
899 3 30 217 23 307 308 2135 2136 2137 2138 288 287 2139 2140 2141 2142 
900 23 217 218 24 2138 2137 2143 2144 2145 2146 290 289 2147 2148 2149 2150 
901 24 218 219 25 2146 2145 2151 2152 2153 2154 292 291 2155 2156 2157 2158 
902 25 219 32 7 2154 2153 2159 2160 316 315 294 293 2161 2162 2163 2164 
903 30 4 39 217 309 310 335 336 2165 2166 2136 2135 2167 2168 2169 2170 
904 217 39 40 218 2166 2165 337 338 2171 2172 2144 2143 2173 2174 2175 2176 
905 218 40 41 219 2172 2171 339 340 2177 2178 2152 2151 2179 2180 2181 2182 
906 219 41 8 32 2178 2177 341 342 318 317 2160 2159 2183 2184 2185 2186 
2 22 36 8
907 7 32 220 26 315 316 2187 2188 2189 2190 296 295 2191 2192 2193 2194 
908 26 220 221 27 2190 2189 2195 2196 2197 2198 298 297 2199 2200 2201 2202 
909 27 221 222 28 2198 2197 2203 2204 2205 2206 300 299 2207 2208 2209 2210 
910 28 222 29 1 2206 2205 2211 2212 304 303 302 301 2213 2214 2215 2216 
911 32 8 42 220 317 318 343 344 2217 2218 2188 2187 2219 2220 2221 2222 
912 220 42 43 221 2218 2217 345 346 2223 2224 2196 2195 2225 2226 2227 2228 
913 221 43 44 222 2224 2223 347 348 2229 2230 2204 2203 2231 2232 2233 2234 
914 222 44 2 29 2230 2229 349 350 306 305 2212 2211 2235 2236 2237 2238 
3 1 92 32
915 9 45 115 73 84 126 223 97 351 352 431 432 462 461 719 720 900 899 721 722 2239 2240 495 496 894 893 498 497 2241 2242 2243 2244 723 726 725 724 904 903 902 901 499 502 501 500 2245 2246 2247 2248 2249 2250 2251 2252 2253 2254 2255 2256 2257 2258 2259 2260 2261 2262 2263 2264 
916 84 126 223 97 83 125 224 98 894 893 498 497 460 459 2241 2242 892 891 2243 2244 2265 2266 503 504 886 885 506 505 2267 2268 2269 2270 2253 2256 2255 2254 898 897 896 895 507 510 509 508 2271 2272 2273 2274 2275 2276 2277 2278 2279 2280 2281 2282 2283 2284 2285 2286 2287 2288 2289 2290 
917 83 125 224 98 82 124 225 99 886 885 506 505 458 457 2267 2268 884 883 2269 2270 2291 2292 511 512 878 877 514 513 2293 2294 2295 2296 2279 2282 2281 2280 890 889 888 887 515 518 517 516 2297 2298 2299 2300 2301 2302 2303 2304 2305 2306 2307 2308 2309 2310 2311 2312 2313 2314 2315 2316 
918 82 124 225 99 12 48 123 81 878 877 514 513 456 455 2293 2294 876 875 2295 2296 2317 2318 519 520 363 364 454 453 848 847 841 842 2305 2308 2307 2306 882 881 880 879 521 524 523 522 2319 2320 2321 2322 2323 2324 2325 2326 852 851 850 849 2327 2328 2329 2330 2331 2332 2333 2334 
919 73 115 116 74 97 223 226 100 722 721 433 434 495 496 727 728 2239 2240 729 730 2335 2336 525 526 2244 2243 528 527 2337 2338 2339 2340 731 734 733 732 2250 2249 2252 2251 529 532 531 530 2341 2342 2343 2344 2345 2346 2347 2348 2349 2350 2351 2352 2353 2354 2355 2356 2357 2358 2359 2360 
920 97 223 226 100 98 224 227 101 2244 2243 528 527 503 504 2337 2338 2265 2266 2339 2340 2361 2362 533 534 2270 2269 536 535 2363 2364 2365 2366 2349 2352 2351 2350 2276 2275 2278 2277 537 540 539 538 2367 2368 2369 2370 2371 2372 2373 2374 2375 2376 2377 2378 2379 2380 2381 2382 2383 2384 2385 2386 
921 98 224 227 101 99 225 228 102 2270 2269 536 535 511 512 2363 2364 2291 2292 2365 2366 2387 2388 541 542 2296 2295 544 543 2389 2390 2391 2392 2375 2378 2377 2376 2302 2301 2304 2303 545 548 547 546 2393 2394 2395 2396 2397 2398 2399 2400 2401 2402 2403 2404 2405 2406 2407 2408 2409 2410 2411 2412 
922 99 225 228 102 81 123 122 80 2296 2295 544 543 519 520 2389 2390 2317 2318 2391 2392 2413 2414 549 550 842 841 452 451 840 839 833 834 2401 2404 2403 2402 2324 2323 2326 2325 551 554 553 552 2415 2416 2417 2418 2419 2420 2421 2422 846 845 844 843 2423 2424 2425 2426 2427 2428 2429 2430 
923 74 116 117 75 100 226 229 103 730 729 435 436 525 526 735 736 2335 2336 737 738 2431 2432 555 556 2340 2339 558 557 2433 2434 2435 2436 739 742 741 740 2346 2345 2348 2347 559 562 561 560 2437 2438 2439 2440 2441 2442 2443 2444 2445 2446 2447 2448 2449 2450 2451 2452 2453 2454 2455 2456 
924 100 226 229 103 101 227 230 104 2340 2339 558 557 533 534 2433 2434 2361 2362 2435 2436 2457 2458 563 564 2366 2365 566 565 2459 2460 2461 2462 2445 2448 2447 2446 2372 2371 2374 2373 567 570 569 568 2463 2464 2465 2466 2467 2468 2469 2470 2471 2472 2473 2474 2475 2476 2477 2478 2479 2480 2481 2482 
925 101 227 230 104 102 228 231 105 2366 2365 566 565 541 542 2459 2460 2387 2388 2461 2462 2483 2484 571 572 2392 2391 574 573 2485 2486 2487 2488 2471 2474 2473 2472 2398 2397 2400 2399 575 578 577 576 2489 2490 2491 2492 2493 2494 2495 2496 2497 2498 2499 2500 2501 2502 2503 2504 2505 2506 2507 2508 
926 102 228 231 105 80 122 121 79 2392 2391 574 573 549 550 2485 2486 2413 2414 2487 2488 2509 2510 579 580 834 833 450 449 832 831 825 826 2497 2500 2499 2498 2420 2419 2422 2421 581 584 583 582 2511 2512 2513 2514 2515 2516 2517 2518 838 837 836 835 2519 2520 2521 2522 2523 2524 2525 2526 
927 75 117 46 11 103 229 118 76 738 737 437 438 555 556 743 744 2431 2432 356 355 771 772 439 440 2436 2435 586 585 2527 2528 773 774 745 748 747 746 2442 2441 2444 2443 587 590 589 588 2529 2530 2531 2532 776 775 778 777 2533 2534 2535 2536 2537 2538 2539 2540 2541 2542 2543 2544 
928 103 229 118 76 104 230 119 77 2436 2435 586 585 563 564 2527 2528 2457 2458 773 774 779 780 441 442 2462 2461 592 591 2545 2546 781 782 2533 2536 2535 2534 2468 2467 2470 2469 593 596 595 594 2547 2548 2549 2550 784 783 786 785 2551 2552 2553 2554 2555 2556 2557 2558 2559 2560 2561 2562 
929 104 230 119 77 105 231 120 78 2462 2461 592 591 571 572 2545 2546 2483 2484 781 782 787 788 443 444 2488 2487 598 597 2563 2564 789 790 2551 2554 2553 2552 2494 2493 2496 2495 599 602 601 600 2565 2566 2567 2568 792 791 794 793 2569 2570 2571 2572 2573 2574 2575 2576 2577 2578 2579 2580 
930 105 231 120 78 79 121 47 10 2488 2487 598 597 579 580 2563 2564 2509 2510 789 790 795 796 445 446 826 825 448 447 824 823 360 359 2569 2572 2571 2570 2516 2515 2518 2517 603 606 605 604 2581 2582 2583 2584 798 797 800 799 830 829 828 827 2585 2586 2587 2588 2589 2590 2591 2592 
931 45 13 85 115 126 96 106 223 353 354 719 720 900 899 463 464 494 493 749 750 607 608 2239 2240 918 917 2241 2242 610 609 2593 2594 751 754 753 752 926 925 924 923 2245 2248 2247 2246 611 612 613 614 2595 2596 2597 2598 2599 2600 2601 2602 2603 2604 2605 2606 2607 2608 2609 2610 
932 126 96 106 223 125 95 107 224 918 917 2241 2242 892 891 610 609 492 491 2593 2594 615 616 2265 2266 912 911 2267 2268 618 617 2611 2612 2599 2602 2601 2600 922 921 920 919 2271 2274 2273 2272 619 620 621 622 2613 2614 2615 2616 2617 2618 2619 2620 2621 2622 2623 2624 2625 2626 2627 2628 
933 125 95 107 224 124 94 108 225 912 911 2267 2268 884 883 618 617 490 489 2611 2612 623 624 2291 2292 906 905 2293 2294 626 625 2629 2630 2617 2620 2619 2618 916 915 914 913 2297 2300 2299 2298 627 628 629 630 2631 2632 2633 2634 2635 2636 2637 2638 2639 2640 2641 2642 2643 2644 2645 2646 
934 124 94 108 225 48 16 93 123 906 905 2293 2294 876 875 626 625 488 487 2629 2630 631 632 2317 2318 365 366 848 847 486 485 865 866 2635 2638 2637 2636 910 909 908 907 2319 2322 2321 2320 633 634 635 636 2647 2648 2649 2650 874 873 872 871 2651 2652 2653 2654 2655 2656 2657 2658 
935 115 85 86 116 223 106 109 226 750 749 727 728 2239 2240 465 466 607 608 755 756 637 638 2335 2336 2594 2593 2337 2338 640 639 2659 2660 757 760 759 758 2596 2595 2598 2597 2341 2344 2343 2342 641 642 643 644 2661 2662 2663 2664 2665 2666 2667 2668 2669 2670 2671 2672 2673 2674 2675 2676 
936 223 106 109 226 224 107 110 227 2594 2593 2337 2338 2265 2266 640 639 615 616 2659 2660 645 646 2361 2362 2612 2611 2363 2364 648 647 2677 2678 2665 2668 2667 2666 2614 2613 2616 2615 2367 2370 2369 2368 649 650 651 652 2679 2680 2681 2682 2683 2684 2685 2686 2687 2688 2689 2690 2691 2692 2693 2694 
937 224 107 110 227 225 108 111 228 2612 2611 2363 2364 2291 2292 648 647 623 624 2677 2678 653 654 2387 2388 2630 2629 2389 2390 656 655 2695 2696 2683 2686 2685 2684 2632 2631 2634 2633 2393 2396 2395 2394 657 658 659 660 2697 2698 2699 2700 2701 2702 2703 2704 2705 2706 2707 2708 2709 2710 2711 2712 
938 225 108 111 228 123 93 92 122 2630 2629 2389 2390 2317 2318 656 655 631 632 2695 2696 661 662 2413 2414 866 865 840 839 484 483 859 860 2701 2704 2703 2702 2648 2647 2650 2649 2415 2418 2417 2416 663 664 665 666 2713 2714 2715 2716 870 869 868 867 2717 2718 2719 2720 2721 2722 2723 2724 
939 116 86 87 117 226 109 112 229 756 755 735 736 2335 2336 467 468 637 638 761 762 667 668 2431 2432 2660 2659 2433 2434 670 669 2725 2726 763 766 765 764 2662 2661 2664 2663 2437 2440 2439 2438 671 672 673 674 2727 2728 2729 2730 2731 2732 2733 2734 2735 2736 2737 2738 2739 2740 2741 2742 
940 226 109 112 229 227 110 113 230 2660 2659 2433 2434 2361 2362 670 669 645 646 2725 2726 675 676 2457 2458 2678 2677 2459 2460 678 677 2743 2744 2731 2734 2733 2732 2680 2679 2682 2681 2463 2466 2465 2464 679 680 681 682 2745 2746 2747 2748 2749 2750 2751 2752 2753 2754 2755 2756 2757 2758 2759 2760 
941 227 110 113 230 228 111 114 231 2678 2677 2459 2460 2387 2388 678 677 653 654 2743 2744 683 684 2483 2484 2696 2695 2485 2486 686 685 2761 2762 2749 2752 2751 2750 2698 2697 2700 2699 2489 2492 2491 2490 687 688 689 690 2763 2764 2765 2766 2767 2768 2769 2770 2771 2772 2773 2774 2775 2776 2777 2778 
942 228 111 114 231 122 92 91 121 2696 2695 2485 2486 2413 2414 686 685 661 662 2761 2762 691 692 2509 2510 860 859 832 831 482 481 853 854 2767 2770 2769 2768 2714 2713 2716 2715 2511 2514 2513 2512 693 694 695 696 2779 2780 2781 2782 864 863 862 861 2783 2784 2785 2786 2787 2788 2789 2790 
943 117 87 15 46 229 112 88 118 762 761 743 744 2431 2432 469 470 667 668 358 357 471 472 771 772 2726 2725 2527 2528 698 697 801 802 767 770 769 768 2728 2727 2730 2729 2529 2532 2531 2530 699 700 701 702 804 803 806 805 2791 2792 2793 2794 2795 2796 2797 2798 2799 2800 2801 2802 
944 229 112 88 118 230 113 89 119 2726 2725 2527 2528 2457 2458 698 697 675 676 801 802 473 474 779 780 2744 2743 2545 2546 704 703 807 808 2791 2794 2793 2792 2746 2745 2748 2747 2547 2550 2549 2548 705 706 707 708 810 809 812 811 2803 2804 2805 2806 2807 2808 2809 2810 2811 2812 2813 2814 
945 230 113 89 119 231 114 90 120 2744 2743 2545 2546 2483 2484 704 703 683 684 807 808 475 476 787 788 2762 2761 2563 2564 710 709 813 814 2803 2806 2805 2804 2764 2763 2766 2765 2565 2568 2567 2566 711 712 713 714 816 815 818 817 2815 2816 2817 2818 2819 2820 2821 2822 2823 2824 2825 2826 
946 231 114 90 120 121 91 14 47 2762 2761 2563 2564 2509 2510 710 709 691 692 813 814 477 478 795 796 854 853 824 823 480 479 362 361 2815 2818 2817 2816 2780 2779 2782 2781 2581 2584 2583 2582 715 716 717 718 820 819 822 821 858 857 856 855 2827 2828 2829 2830 2831 2832 2833 2834 
3 2 92 32
947 1 17 139 51 29 211 232 127 271 272 374 373 303 304 1135 1136 2034 2033 1137 1138 2835 2836 930 929 2031 2032 927 928 2837 2838 2839 2840 1139 1142 1141 1140 2035 2038 2037 2036 931 932 933 934 2841 2842 2843 2844 2845 2846 2847 2848 2849 2850 2851 2852 2853 2854 2855 2856 2857 2858 2859 2860 
948 29 211 232 127 2 33 175 54 2031 2032 927 928 305 306 2837 2838 2062 2061 2839 2840 2861 2862 958 957 319 320 382 381 1583 1584 1585 1586 2849 2852 2851 2850 2063 2066 2065 2064 959 960 961 962 2863 2864 2865 2866 2867 2868 2869 2870 1587 1588 1589 1590 2871 2872 2873 2874 2875 2876 2877 2878 
949 51 139 140 50 127 232 233 128 1138 1137 372 371 930 929 1143 1144 2835 2836 1145 1146 2879 2880 938 937 2840 2839 935 936 2881 2882 2883 2884 1147 1150 1149 1148 2846 2845 2848 2847 939 940 941 942 2885 2886 2887 2888 2889 2890 2891 2892 2893 2894 2895 2896 2897 2898 2899 2900 2901 2902 2903 2904 
950 127 232 233 128 54 175 176 53 2840 2839 935 936 958 957 2881 2882 2861 2862 2883 2884 2905 2906 964 963 1586 1585 380 379 1591 1592 1593 1594 2893 2896 2895 2894 2868 2867 2870 2869 965 966 967 968 2907 2908 2909 2910 2911 2912 2913 2914 1595 1596 1597 1598 2915 2916 2917 2918 2919 2920 2921 2922 
951 50 140 141 49 128 233 234 129 1146 1145 370 369 938 937 1151 1152 2879 2880 1153 1154 2923 2924 946 945 2884 2883 943 944 2925 2926 2927 2928 1155 1158 1157 1156 2890 2889 2892 2891 947 948 949 950 2929 2930 2931 2932 2933 2934 2935 2936 2937 2938 2939 2940 2941 2942 2943 2944 2945 2946 2947 2948 
952 128 233 234 129 53 176 177 52 2884 2883 943 944 964 963 2925 2926 2905 2906 2927 2928 2949 2950 970 969 1594 1593 378 377 1599 1600 1601 1602 2937 2940 2939 2938 2912 2911 2914 2913 971 972 973 974 2951 2952 2953 2954 2955 2956 2957 2958 1603 1604 1605 1606 2959 2960 2961 2962 2963 2964 2965 2966 
953 49 141 73 9 129 234 115 45 1154 1153 368 367 946 945 1159 1160 2923 2924 432 431 722 721 351 352 2928 2927 951 952 2967 2968 720 719 1161 1164 1163 1162 2934 2933 2936 2935 953 954 955 956 2969 2970 2971 2972 726 723 724 725 2973 2974 2975 2976 2977 2978 2979 2980 2981 2982 2983 2984 
954 129 234 115 45 52 177 85 13 2928 2927 951 952 970 969 2967 2968 2949 2950 720 719 750 749 353 354 1602 1601 376 375 1607 1608 464 463 2973 2976 2975 2974 2956 2955 2958 2957 975 976 977 978 2985 2986 2987 2988 754 751 752 753 1609 1610 1611 1612 2989 2990 2991 2992 2993 2994 2995 2996 
955 17 18 142 139 211 212 235 232 273 274 1135 1136 2034 2033 1165 1166 2042 2041 1167 1168 2997 2998 2835 2836 2039 2040 2837 2838 2999 3000 3001 3002 1169 1172 1171 1170 2043 2046 2045 2044 2841 2844 2843 2842 3003 3004 3005 3006 3007 3008 3009 3010 3011 3012 3013 3014 3015 3016 3017 3018 3019 3020 3021 3022 
956 211 212 235 232 33 34 178 175 2039 2040 2837 2838 2062 2061 2999 3000 2068 2067 3001 3002 3023 3024 2861 2862 321 322 1583 1584 1613 1614 1615 1616 3011 3014 3013 3012 2069 2072 2071 2070 2863 2866 2865 2864 3025 3026 3027 3028 3029 3030 3031 3032 1617 1618 1619 1620 3033 3034 3035 3036 3037 3038 3039 3040 
957 139 142 143 140 232 235 236 233 1168 1167 1143 1144 2835 2836 1173 1174 2997 2998 1175 1176 3041 3042 2879 2880 3002 3001 2881 2882 3043 3044 3045 3046 1177 1180 1179 1178 3008 3007 3010 3009 2885 2888 2887 2886 3047 3048 3049 3050 3051 3052 3053 3054 3055 3056 3057 3058 3059 3060 3061 3062 3063 3064 3065 3066 
958 232 235 236 233 175 178 179 176 3002 3001 2881 2882 2861 2862 3043 3044 3023 3024 3045 3046 3067 3068 2905 2906 1616 1615 1591 1592 1621 1622 1623 1624 3055 3058 3057 3056 3030 3029 3032 3031 2907 2910 2909 2908 3069 3070 3071 3072 3073 3074 3075 3076 1625 1626 1627 1628 3077 3078 3079 3080 3081 3082 3083 3084 
959 140 143 144 141 233 236 237 234 1176 1175 1151 1152 2879 2880 1181 1182 3041 3042 1183 1184 3085 3086 2923 2924 3046 3045 2925 2926 3087 3088 3089 3090 1185 1188 1187 1186 3052 3051 3054 3053 2929 2932 2931 2930 3091 3092 3093 3094 3095 3096 3097 3098 3099 3100 3101 3102 3103 3104 3105 3106 3107 3108 3109 3110 
960 233 236 237 234 176 179 180 177 3046 3045 2925 2926 2905 2906 3087 3088 3067 3068 3089 3090 3111 3112 2949 2950 1624 1623 1599 1600 1629 1630 1631 1632 3099 3102 3101 3100 3074 3073 3076 3075 2951 2954 2953 2952 3113 3114 3115 3116 3117 3118 3119 3120 1633 1634 1635 1636 3121 3122 3123 3124 3125 3126 3127 3128 
961 141 144 74 73 234 237 116 115 1184 1183 1159 1160 2923 2924 1189 1190 3085 3086 434 433 730 729 722 721 3090 3089 2967 2968 3129 3130 728 727 1191 1194 1193 1192 3096 3095 3098 3097 2969 2972 2971 2970 3131 3132 3133 3134 734 731 732 733 3135 3136 3137 3138 3139 3140 3141 3142 3143 3144 3145 3146 
962 234 237 116 115 177 180 86 85 3090 3089 2967 2968 2949 2950 3129 3130 3111 3112 728 727 756 755 750 749 1632 1631 1607 1608 1637 1638 466 465 3135 3138 3137 3136 3118 3117 3120 3119 2985 2988 2987 2986 3147 3148 3149 3150 760 757 758 759 1639 1640 1641 1642 3151 3152 3153 3154 3155 3156 3157 3158 
963 18 19 145 142 212 213 238 235 275 276 1165 1166 2042 2041 1195 1196 2050 2049 1197 1198 3159 3160 2997 2998 2047 2048 2999 3000 3161 3162 3163 3164 1199 1202 1201 1200 2051 2054 2053 2052 3003 3006 3005 3004 3165 3166 3167 3168 3169 3170 3171 3172 3173 3174 3175 3176 3177 3178 3179 3180 3181 3182 3183 3184 
964 212 213 238 235 34 35 181 178 2047 2048 2999 3000 2068 2067 3161 3162 2074 2073 3163 3164 3185 3186 3023 3024 323 324 1613 1614 1643 1644 1645 1646 3173 3176 3175 3174 2075 2078 2077 2076 3025 3028 3027 3026 3187 3188 3189 3190 3191 3192 3193 3194 1647 1648 1649 1650 3195 3196 3197 3198 3199 3200 3201 3202 
965 142 145 146 143 235 238 239 236 1198 1197 1173 1174 2997 2998 1203 1204 3159 3160 1205 1206 3203 3204 3041 3042 3164 3163 3043 3044 3205 3206 3207 3208 1207 1210 1209 1208 3170 3169 3172 3171 3047 3050 3049 3048 3209 3210 3211 3212 3213 3214 3215 3216 3217 3218 3219 3220 3221 3222 3223 3224 3225 3226 3227 3228 
966 235 238 239 236 178 181 182 179 3164 3163 3043 3044 3023 3024 3205 3206 3185 3186 3207 3208 3229 3230 3067 3068 1646 1645 1621 1622 1651 1652 1653 1654 3217 3220 3219 3218 3192 3191 3194 3193 3069 3072 3071 3070 3231 3232 3233 3234 3235 3236 3237 3238 1655 1656 1657 1658 3239 3240 3241 3242 3243 3244 3245 3246 
967 143 146 147 144 236 239 240 237 1206 1205 1181 1182 3041 3042 1211 1212 3203 3204 1213 1214 3247 3248 3085 3086 3208 3207 3087 3088 3249 3250 3251 3252 1215 1218 1217 1216 3214 3213 3216 3215 3091 3094 3093 3092 3253 3254 3255 3256 3257 3258 3259 3260 3261 3262 3263 3264 3265 3266 3267 3268 3269 3270 3271 3272 
968 236 239 240 237 179 182 183 180 3208 3207 3087 3088 3067 3068 3249 3250 3229 3230 3251 3252 3273 3274 3111 3112 1654 1653 1629 1630 1659 1660 1661 1662 3261 3264 3263 3262 3236 3235 3238 3237 3113 3116 3115 3114 3275 3276 3277 3278 3279 3280 3281 3282 1663 1664 1665 1666 3283 3284 3285 3286 3287 3288 3289 3290 
969 144 147 75 74 237 240 117 116 1214 1213 1189 1190 3085 3086 1219 1220 3247 3248 436 435 738 737 730 729 3252 3251 3129 3130 3291 3292 736 735 1221 1224 1223 1222 3258 3257 3260 3259 3131 3134 3133 3132 3293 3294 3295 3296 742 739 740 741 3297 3298 3299 3300 3301 3302 3303 3304 3305 3306 3307 3308 
970 237 240 117 116 180 183 87 86 3252 3251 3129 3130 3111 3112 3291 3292 3273 3274 736 735 762 761 756 755 1662 1661 1637 1638 1667 1668 468 467 3297 3300 3299 3298 3280 3279 3282 3281 3147 3150 3149 3148 3309 3310 3311 3312 766 763 764 765 1669 1670 1671 1672 3313 3314 3315 3316 3317 3318 3319 3320 
971 19 5 57 145 213 31 132 238 277 278 1195 1196 2050 2049 390 389 311 312 1225 1226 998 997 3159 3160 2055 2056 3161 3162 1004 1003 3321 3322 1227 1230 1229 1228 2057 2060 2059 2058 3165 3168 3167 3166 1008 1005 1006 1007 3323 3324 3325 3326 3327 3328 3329 3330 3331 3332 3333 3334 3335 3336 3337 3338 
972 213 31 132 238 35 6 60 181 2055 2056 3161 3162 2074 2073 1004 1003 313 314 3321 3322 1022 1021 3185 3186 325 326 1643 1644 398 397 1673 1674 3327 3330 3329 3328 2079 2082 2081 2080 3187 3190 3189 3188 1030 1027 1028 1029 3339 3340 3341 3342 1675 1676 1677 1678 3343 3344 3345 3346 3347 3348 3349 3350 
973 145 57 56 146 238 132 131 239 1226 1225 1203 1204 3159 3160 388 387 998 997 1231 1232 990 989 3203 3204 3322 3321 3205 3206 996 995 3351 3352 1233 1236 1235 1234 3324 3323 3326 3325 3209 3212 3211 3210 1002 999 1000 1001 3353 3354 3355 3356 3357 3358 3359 3360 3361 3362 3363 3364 3365 3366 3367 3368 
974 238 132 131 239 181 60 59 182 3322 3321 3205 3206 3185 3186 996 995 1022 1021 3351 3352 1016 1015 3229 3230 1674 1673 1651 1652 396 395 1679 1680 3357 3360 3359 3358 3340 3339 3342 3341 3231 3234 3233 3232 1026 1023 1024 1025 3369 3370 3371 3372 1681 1682 1683 1684 3373 3374 3375 3376 3377 3378 3379 3380 
975 146 56 55 147 239 131 130 240 1232 1231 1211 1212 3203 3204 386 385 990 989 1237 1238 982 981 3247 3248 3352 3351 3249 3250 988 987 3381 3382 1239 1242 1241 1240 3354 3353 3356 3355 3253 3256 3255 3254 994 991 992 993 3383 3384 3385 3386 3387 3388 3389 3390 3391 3392 3393 3394 3395 3396 3397 3398 
976 239 131 130 240 182 59 58 183 3352 3351 3249 3250 3229 3230 988 987 1016 1015 3381 3382 1010 1009 3273 3274 1680 1679 1659 1660 394 393 1685 1686 3387 3390 3389 3388 3370 3369 3372 3371 3275 3278 3277 3276 1020 1017 1018 1019 3399 3400 3401 3402 1687 1688 1689 1690 3403 3404 3405 3406 3407 3408 3409 3410 
977 147 55 11 75 240 130 46 117 1238 1237 1219 1220 3247 3248 384 383 982 981 438 437 355 356 738 737 3382 3381 3291 3292 980 979 744 743 1243 1246 1245 1244 3384 3383 3386 3385 3293 3296 3295 3294 986 983 984 985 748 745 746 747 3411 3412 3413 3414 3415 3416 3417 3418 3419 3420 3421 3422 
978 240 130 46 117 183 58 15 87 3382 3381 3291 3292 3273 3274 980 979 1010 1009 744 743 357 358 762 761 1686 1685 1667 1668 392 391 470 469 3411 3414 3413 3412 3400 3399 3402 3401 3309 3312 3311 3310 1014 1011 1012 1013 770 767 768 769 1691 1692 1693 1694 3423 3424 3425 3426 3427 3428 3429 3430 
3 3 92 32
979 5 31 214 20 57 132 241 148 311 312 279 280 390 389 2083 2084 1004 1003 2085 2086 3431 3432 1247 1248 998 997 1250 1249 3433 3434 3435 3436 2087 2090 2089 2088 1008 1007 1006 1005 1251 1254 1253 1252 3437 3438 3439 3440 3441 3442 3443 3444 3445 3446 3447 3448 3449 3450 3451 3452 3453 3454 3455 3456 
980 57 132 241 148 56 131 242 149 998 997 1250 1249 388 387 3433 3434 996 995 3435 3436 3457 3458 1255 1256 990 989 1258 1257 3459 3460 3461 3462 3445 3448 3447 3446 1002 1001 1000 999 1259 1262 1261 1260 3463 3464 3465 3466 3467 3468 3469 3470 3471 3472 3473 3474 3475 3476 3477 3478 3479 3480 3481 3482 
981 56 131 242 149 55 130 243 150 990 989 1258 1257 386 385 3459 3460 988 987 3461 3462 3483 3484 1263 1264 982 981 1266 1265 3485 3486 3487 3488 3471 3474 3473 3472 994 993 992 991 1267 1270 1269 1268 3489 3490 3491 3492 3493 3494 3495 3496 3497 3498 3499 3500 3501 3502 3503 3504 3505 3506 3507 3508 
982 55 130 243 150 11 46 118 76 982 981 1266 1265 384 383 3485 3486 980 979 3487 3488 3509 3510 1271 1272 355 356 439 440 771 772 773 774 3497 3500 3499 3498 986 985 984 983 1273 1276 1275 1274 3511 3512 3513 3514 3515 3516 3517 3518 775 776 777 778 3519 3520 3521 3522 3523 3524 3525 3526 
983 20 214 215 21 148 241 244 151 2086 2085 281 282 1247 1248 2091 2092 3431 3432 2093 2094 3527 3528 1277 1278 3436 3435 1280 1279 3529 3530 3531 3532 2095 2098 2097 2096 3442 3441 3444 3443 1281 1284 1283 1282 3533 3534 3535 3536 3537 3538 3539 3540 3541 3542 3543 3544 3545 3546 3547 3548 3549 3550 3551 3552 
984 148 241 244 151 149 242 245 152 3436 3435 1280 1279 1255 1256 3529 3530 3457 3458 3531 3532 3553 3554 1285 1286 3462 3461 1288 1287 3555 3556 3557 3558 3541 3544 3543 3542 3468 3467 3470 3469 1289 1292 1291 1290 3559 3560 3561 3562 3563 3564 3565 3566 3567 3568 3569 3570 3571 3572 3573 3574 3575 3576 3577 3578 
985 149 242 245 152 150 243 246 153 3462 3461 1288 1287 1263 1264 3555 3556 3483 3484 3557 3558 3579 3580 1293 1294 3488 3487 1296 1295 3581 3582 3583 3584 3567 3570 3569 3568 3494 3493 3496 3495 1297 1300 1299 1298 3585 3586 3587 3588 3589 3590 3591 3592 3593 3594 3595 3596 3597 3598 3599 3600 3601 3602 3603 3604 
986 150 243 246 153 76 118 119 77 3488 3487 1296 1295 1271 1272 3581 3582 3509 3510 3583 3584 3605 3606 1301 1302 774 773 441 442 779 780 781 782 3593 3596 3595 3594 3516 3515 3518 3517 1303 1306 1305 1304 3607 3608 3609 3610 3611 3612 3613 3614 783 784 785 786 3615 3616 3617 3618 3619 3620 3621 3622 
987 21 215 216 22 151 244 247 154 2094 2093 283 284 1277 1278 2099 2100 3527 3528 2101 2102 3623 3624 1307 1308 3532 3531 1310 1309 3625 3626 3627 3628 2103 2106 2105 2104 3538 3537 3540 3539 1311 1314 1313 1312 3629 3630 3631 3632 3633 3634 3635 3636 3637 3638 3639 3640 3641 3642 3643 3644 3645 3646 3647 3648 
988 151 244 247 154 152 245 248 155 3532 3531 1310 1309 1285 1286 3625 3626 3553 3554 3627 3628 3649 3650 1315 1316 3558 3557 1318 1317 3651 3652 3653 3654 3637 3640 3639 3638 3564 3563 3566 3565 1319 1322 1321 1320 3655 3656 3657 3658 3659 3660 3661 3662 3663 3664 3665 3666 3667 3668 3669 3670 3671 3672 3673 3674 
989 152 245 248 155 153 246 249 156 3558 3557 1318 1317 1293 1294 3651 3652 3579 3580 3653 3654 3675 3676 1323 1324 3584 3583 1326 1325 3677 3678 3679 3680 3663 3666 3665 3664 3590 3589 3592 3591 1327 1330 1329 1328 3681 3682 3683 3684 3685 3686 3687 3688 3689 3690 3691 3692 3693 3694 3695 3696 3697 3698 3699 3700 
990 153 246 249 156 77 119 120 78 3584 3583 1326 1325 1301 1302 3677 3678 3605 3606 3679 3680 3701 3702 1331 1332 782 781 443 444 787 788 789 790 3689 3692 3691 3690 3612 3611 3614 3613 1333 1336 1335 1334 3703 3704 3705 3706 3707 3708 3709 3710 791 792 793 794 3711 3712 3713 3714 3715 3716 3717 3718 
991 22 216 30 3 154 247 135 63 2102 2101 285 286 1307 1308 2107 2108 3623 3624 308 307 1056 1055 406 405 3628 3627 1338 1337 3719 3720 1049 1050 2109 2112 2111 2110 3634 3633 3636 3635 1339 1342 1341 1340 3721 3722 3723 3724 1059 1060 1057 1058 3725 3726 3727 3728 3729 3730 3731 3732 3733 3734 3735 3736 
992 154 247 135 63 155 248 134 62 3628 3627 1338 1337 1315 1316 3719 3720 3649 3650 1049 1050 1048 1047 404 403 3654 3653 1344 1343 3737 3738 1041 1042 3725 3728 3727 3726 3660 3659 3662 3661 1345 1348 1347 1346 3739 3740 3741 3742 1053 1054 1051 1052 3743 3744 3745 3746 3747 3748 3749 3750 3751 3752 3753 3754 
993 155 248 134 62 156 249 133 61 3654 3653 1344 1343 1323 1324 3737 3738 3675 3676 1041 1042 1040 1039 402 401 3680 3679 1350 1349 3755 3756 1033 1034 3743 3746 3745 3744 3686 3685 3688 3687 1351 1354 1353 1352 3757 3758 3759 3760 1045 1046 1043 1044 3761 3762 3763 3764 3765 3766 3767 3768 3769 3770 3771 3772 
994 156 249 133 61 78 120 47 10 3680 3679 1350 1349 1331 1332 3755 3756 3701 3702 1033 1034 1032 1031 400 399 790 789 445 446 795 796 360 359 3761 3764 3763 3762 3708 3707 3710 3709 1355 1358 1357 1356 3773 3774 3775 3776 1037 1038 1035 1036 797 798 799 800 3777 3778 3779 3780 3781 3782 3783 3784 
995 31 6 36 214 132 60 184 241 313 314 2083 2084 1004 1003 327 328 398 397 2113 2114 1695 1696 3431 3432 1022 1021 3433 3434 1698 1697 3785 3786 2115 2118 2117 2116 1030 1029 1028 1027 3437 3440 3439 3438 1699 1700 1701 1702 3787 3788 3789 3790 3791 3792 3793 3794 3795 3796 3797 3798 3799 3800 3801 3802 
996 132 60 184 241 131 59 185 242 1022 1021 3433 3434 996 995 1698 1697 396 395 3785 3786 1703 1704 3457 3458 1016 1015 3459 3460 1706 1705 3803 3804 3791 3794 3793 3792 1026 1025 1024 1023 3463 3466 3465 3464 1707 1708 1709 1710 3805 3806 3807 3808 3809 3810 3811 3812 3813 3814 3815 3816 3817 3818 3819 3820 
997 131 59 185 242 130 58 186 243 1016 1015 3459 3460 988 987 1706 1705 394 393 3803 3804 1711 1712 3483 3484 1010 1009 3485 3486 1714 1713 3821 3822 3809 3812 3811 3810 1020 1019 1018 1017 3489 3492 3491 3490 1715 1716 1717 1718 3823 3824 3825 3826 3827 3828 3829 3830 3831 3832 3833 3834 3835 3836 3837 3838 
998 130 58 186 243 46 15 88 118 1010 1009 3485 3486 980 979 1714 1713 392 391 3821 3822 1719 1720 3509 3510 357 358 771 772 471 472 801 802 3827 3830 3829 3828 1014 1013 1012 1011 3511 3514 3513 3512 1721 1722 1723 1724 3839 3840 3841 3842 803 804 805 806 3843 3844 3845 3846 3847 3848 3849 3850 
999 214 36 37 215 241 184 187 244 2114 2113 2091 2092 3431 3432 329 330 1695 1696 2119 2120 1725 1726 3527 3528 3786 3785 3529 3530 1728 1727 3851 3852 2121 2124 2123 2122 3788 3787 3790 3789 3533 3536 3535 3534 1729 1730 1731 1732 3853 3854 3855 3856 3857 3858 3859 3860 3861 3862 3863 3864 3865 3866 3867 3868 
1000 241 184 187 244 242 185 188 245 3786 3785 3529 3530 3457 3458 1728 1727 1703 1704 3851 3852 1733 1734 3553 3554 3804 3803 3555 3556 1736 1735 3869 3870 3857 3860 3859 3858 3806 3805 3808 3807 3559 3562 3561 3560 1737 1738 1739 1740 3871 3872 3873 3874 3875 3876 3877 3878 3879 3880 3881 3882 3883 3884 3885 3886 
1001 242 185 188 245 243 186 189 246 3804 3803 3555 3556 3483 3484 1736 1735 1711 1712 3869 3870 1741 1742 3579 3580 3822 3821 3581 3582 1744 1743 3887 3888 3875 3878 3877 3876 3824 3823 3826 3825 3585 3588 3587 3586 1745 1746 1747 1748 3889 3890 3891 3892 3893 3894 3895 3896 3897 3898 3899 3900 3901 3902 3903 3904 
1002 243 186 189 246 118 88 89 119 3822 3821 3581 3582 3509 3510 1744 1743 1719 1720 3887 3888 1749 1750 3605 3606 802 801 779 780 473 474 807 808 3893 3896 3895 3894 3840 3839 3842 3841 3607 3610 3609 3608 1751 1752 1753 1754 3905 3906 3907 3908 809 810 811 812 3909 3910 3911 3912 3913 3914 3915 3916 
1003 215 37 38 216 244 187 190 247 2120 2119 2099 2100 3527 3528 331 332 1725 1726 2125 2126 1755 1756 3623 3624 3852 3851 3625 3626 1758 1757 3917 3918 2127 2130 2129 2128 3854 3853 3856 3855 3629 3632 3631 3630 1759 1760 1761 1762 3919 3920 3921 3922 3923 3924 3925 3926 3927 3928 3929 3930 3931 3932 3933 3934 
1004 244 187 190 247 245 188 191 248 3852 3851 3625 3626 3553 3554 1758 1757 1733 1734 3917 3918 1763 1764 3649 3650 3870 3869 3651 3652 1766 1765 3935 3936 3923 3926 3925 3924 3872 3871 3874 3873 3655 3658 3657 3656 1767 1768 1769 1770 3937 3938 3939 3940 3941 3942 3943 3944 3945 3946 3947 3948 3949 3950 3951 3952 
1005 245 188 191 248 246 189 192 249 3870 3869 3651 3652 3579 3580 1766 1765 1741 1742 3935 3936 1771 1772 3675 3676 3888 3887 3677 3678 1774 1773 3953 3954 3941 3944 3943 3942 3890 3889 3892 3891 3681 3684 3683 3682 1775 1776 1777 1778 3955 3956 3957 3958 3959 3960 3961 3962 3963 3964 3965 3966 3967 3968 3969 3970 
1006 246 189 192 249 119 89 90 120 3888 3887 3677 3678 3605 3606 1774 1773 1749 1750 3953 3954 1779 1780 3701 3702 808 807 787 788 475 476 813 814 3959 3962 3961 3960 3906 3905 3908 3907 3703 3706 3705 3704 1781 1782 1783 1784 3971 3972 3973 3974 815 816 817 818 3975 3976 3977 3978 3979 3980 3981 3982 
1007 216 38 4 30 247 190 66 135 2126 2125 2107 2108 3623 3624 333 334 1755 1756 310 309 414 413 1056 1055 3918 3917 3719 3720 1786 1785 1073 1074 2131 2134 2133 2132 3920 3919 3922 3921 3721 3724 3723 3722 1787 1788 1789 1790 1081 1082 1079 1080 3983 3984 3985 3986 3987 3988 3989 3990 3991 3992 3993 3994 
1008 247 190 66 135 248 191 65 134 3918 3917 3719 3720 3649 3650 1786 1785 1763 1764 1073 1074 412 411 1048 1047 3936 3935 3737 3738 1792 1791 1067 1068 3983 3986 3985 3984 3938 3937 3940 3939 3739 3742 3741 3740 1793 1794 1795 1796 1077 1078 1075 1076 3995 3996 3997 3998 3999 4000 4001 4002 4003 4004 4005 4006 
1009 248 191 65 134 249 192 64 133 3936 3935 3737 3738 3675 3676 1792 1791 1771 1772 1067 1068 410 409 1040 1039 3954 3953 3755 3756 1798 1797 1061 1062 3995 3998 3997 3996 3956 3955 3958 3957 3757 3760 3759 3758 1799 1800 1801 1802 1071 1072 1069 1070 4007 4008 4009 4010 4011 4012 4013 4014 4015 4016 4017 4018 
1010 249 192 64 133 120 90 14 47 3954 3953 3755 3756 3701 3702 1798 1797 1779 1780 1061 1062 408 407 1032 1031 814 813 795 796 477 478 362 361 4007 4010 4009 4008 3972 3971 3974 3973 3773 3776 3775 3774 1803 1804 1805 1806 1065 1066 1063 1064 819 820 821 822 4019 4020 4021 4022 4023 4024 4025 4026 
3 4 92 32
1011 3 30 217 23 63 135 250 157 307 308 287 288 406 405 2135 2136 1056 1055 2137 2138 4027 4028 1359 1360 1050 1049 1362 1361 4029 4030 4031 4032 2139 2142 2141 2140 1060 1059 1058 1057 1363 1366 1365 1364 4033 4034 4035 4036 4037 4038 4039 4040 4041 4042 4043 4044 4045 4046 4047 4048 4049 4050 4051 4052 
1012 63 135 250 157 62 134 251 158 1050 1049 1362 1361 404 403 4029 4030 1048 1047 4031 4032 4053 4054 1367 1368 1042 1041 1370 1369 4055 4056 4057 4058 4041 4044 4043 4042 1054 1053 1052 1051 1371 1374 1373 1372 4059 4060 4061 4062 4063 4064 4065 4066 4067 4068 4069 4070 4071 4072 4073 4074 4075 4076 4077 4078 
1013 62 134 251 158 61 133 252 159 1042 1041 1370 1369 402 401 4055 4056 1040 1039 4057 4058 4079 4080 1375 1376 1034 1033 1378 1377 4081 4082 4083 4084 4067 4070 4069 4068 1046 1045 1044 1043 1379 1382 1381 1380 4085 4086 4087 4088 4089 4090 4091 4092 4093 4094 4095 4096 4097 4098 4099 4100 4101 4102 4103 4104 
1014 61 133 252 159 10 47 121 79 1034 1033 1378 1377 400 399 4081 4082 1032 1031 4083 4084 4105 4106 1383 1384 359 360 447 448 823 824 825 826 4093 4096 4095 4094 1038 1037 1036 1035 1385 1388 1387 1386 4107 4108 4109 4110 4111 4112 4113 4114 827 828 829 830 4115 4116 4117 4118 4119 4120 4121 4122 
1015 23 217 218 24 157 250 253 160 2138 2137 289 290 1359 1360 2143 2144 4027 4028 2145 2146 4123 4124 1389 1390 4032 4031 1392 1391 4125 4126 4127 4128 2147 2150 2149 2148 4038 4037 4040 4039 1393 1396 1395 1394 4129 4130 4131 4132 4133 4134 4135 4136 4137 4138 4139 4140 4141 4142 4143 4144 4145 4146 4147 4148 
1016 157 250 253 160 158 251 254 161 4032 4031 1392 1391 1367 1368 4125 4126 4053 4054 4127 4128 4149 4150 1397 1398 4058 4057 1400 1399 4151 4152 4153 4154 4137 4140 4139 4138 4064 4063 4066 4065 1401 1404 1403 1402 4155 4156 4157 4158 4159 4160 4161 4162 4163 4164 4165 4166 4167 4168 4169 4170 4171 4172 4173 4174 
1017 158 251 254 161 159 252 255 162 4058 4057 1400 1399 1375 1376 4151 4152 4079 4080 4153 4154 4175 4176 1405 1406 4084 4083 1408 1407 4177 4178 4179 4180 4163 4166 4165 4164 4090 4089 4092 4091 1409 1412 1411 1410 4181 4182 4183 4184 4185 4186 4187 4188 4189 4190 4191 4192 4193 4194 4195 4196 4197 4198 4199 4200 
1018 159 252 255 162 79 121 122 80 4084 4083 1408 1407 1383 1384 4177 4178 4105 4106 4179 4180 4201 4202 1413 1414 826 825 449 450 831 832 833 834 4189 4192 4191 4190 4112 4111 4114 4113 1415 1418 1417 1416 4203 4204 4205 4206 4207 4208 4209 4210 835 836 837 838 4211 4212 4213 4214 4215 4216 4217 4218 
1019 24 218 219 25 160 253 256 163 2146 2145 291 292 1389 1390 2151 2152 4123 4124 2153 2154 4219 4220 1419 1420 4128 4127 1422 1421 4221 4222 4223 4224 2155 2158 2157 2156 4134 4133 4136 4135 1423 1426 1425 1424 4225 4226 4227 4228 4229 4230 4231 4232 4233 4234 4235 4236 4237 4238 4239 4240 4241 4242 4243 4244 
1020 160 253 256 163 161 254 257 164 4128 4127 1422 1421 1397 1398 4221 4222 4149 4150 4223 4224 4245 4246 1427 1428 4154 4153 1430 1429 4247 4248 4249 4250 4233 4236 4235 4234 4160 4159 4162 4161 1431 1434 1433 1432 4251 4252 4253 4254 4255 4256 4257 4258 4259 4260 4261 4262 4263 4264 4265 4266 4267 4268 4269 4270 
1021 161 254 257 164 162 255 258 165 4154 4153 1430 1429 1405 1406 4247 4248 4175 4176 4249 4250 4271 4272 1435 1436 4180 4179 1438 1437 4273 4274 4275 4276 4259 4262 4261 4260 4186 4185 4188 4187 1439 1442 1441 1440 4277 4278 4279 4280 4281 4282 4283 4284 4285 4286 4287 4288 4289 4290 4291 4292 4293 4294 4295 4296 
1022 162 255 258 165 80 122 123 81 4180 4179 1438 1437 1413 1414 4273 4274 4201 4202 4275 4276 4297 4298 1443 1444 834 833 451 452 839 840 841 842 4285 4288 4287 4286 4208 4207 4210 4209 1445 1448 1447 1446 4299 4300 4301 4302 4303 4304 4305 4306 843 844 845 846 4307 4308 4309 4310 4311 4312 4313 4314 
1023 25 219 32 7 163 256 138 69 2154 2153 293 294 1419 1420 2159 2160 4219 4220 316 315 1108 1107 422 421 4224 4223 1450 1449 4315 4316 1101 1102 2161 2164 2163 2162 4230 4229 4232 4231 1451 1454 1453 1452 4317 4318 4319 4320 1111 1112 1109 1110 4321 4322 4323 4324 4325 4326 4327 4328 4329 4330 4331 4332 
1024 163 256 138 69 164 257 137 68 4224 4223 1450 1449 1427 1428 4315 4316 4245 4246 1101 1102 1100 1099 420 419 4250 4249 1456 1455 4333 4334 1093 1094 4321 4324 4323 4322 4256 4255 4258 4257 1457 1460 1459 1458 4335 4336 4337 4338 1105 1106 1103 1104 4339 4340 4341 4342 4343 4344 4345 4346 4347 4348 4349 4350 
1025 164 257 137 68 165 258 136 67 4250 4249 1456 1455 1435 1436 4333 4334 4271 4272 1093 1094 1092 1091 418 417 4276 4275 1462 1461 4351 4352 1085 1086 4339 4342 4341 4340 4282 4281 4284 4283 1463 1466 1465 1464 4353 4354 4355 4356 1097 1098 1095 1096 4357 4358 4359 4360 4361 4362 4363 4364 4365 4366 4367 4368 
1026 165 258 136 67 81 123 48 12 4276 4275 1462 1461 1443 1444 4351 4352 4297 4298 1085 1086 1084 1083 416 415 842 841 453 454 847 848 364 363 4357 4360 4359 4358 4304 4303 4306 4305 1467 1470 1469 1468 4369 4370 4371 4372 1089 1090 1087 1088 849 850 851 852 4373 4374 4375 4376 4377 4378 4379 4380 
1027 30 4 39 217 135 66 193 250 309 310 2135 2136 1056 1055 335 336 414 413 2165 2166 1807 1808 4027 4028 1074 1073 4029 4030 1810 1809 4381 4382 2167 2170 2169 2168 1082 1081 1080 1079 4033 4036 4035 4034 1811 1812 1813 1814 4383 4384 4385 4386 4387 4388 4389 4390 4391 4392 4393 4394 4395 4396 4397 4398 
1028 135 66 193 250 134 65 194 251 1074 1073 4029 4030 1048 1047 1810 1809 412 411 4381 4382 1815 1816 4053 4054 1068 1067 4055 4056 1818 1817 4399 4400 4387 4390 4389 4388 1078 1077 1076 1075 4059 4062 4061 4060 1819 1820 1821 1822 4401 4402 4403 4404 4405 4406 4407 4408 4409 4410 4411 4412 4413 4414 4415 4416 
1029 134 65 194 251 133 64 195 252 1068 1067 4055 4056 1040 1039 1818 1817 410 409 4399 4400 1823 1824 4079 4080 1062 1061 4081 4082 1826 1825 4417 4418 4405 4408 4407 4406 1072 1071 1070 1069 4085 4088 4087 4086 1827 1828 1829 1830 4419 4420 4421 4422 4423 4424 4425 4426 4427 4428 4429 4430 4431 4432 4433 4434 
1030 133 64 195 252 47 14 91 121 1062 1061 4081 4082 1032 1031 1826 1825 408 407 4417 4418 1831 1832 4105 4106 361 362 823 824 479 480 853 854 4423 4426 4425 4424 1066 1065 1064 1063 4107 4110 4109 4108 1833 1834 1835 1836 4435 4436 4437 4438 855 856 857 858 4439 4440 4441 4442 4443 4444 4445 4446 
1031 217 39 40 218 250 193 196 253 2166 2165 2143 2144 4027 4028 337 338 1807 1808 2171 2172 1837 1838 4123 4124 4382 4381 4125 4126 1840 1839 4447 4448 2173 2176 2175 2174 4384 4383 4386 4385 4129 4132 4131 4130 1841 1842 1843 1844 4449 4450 4451 4452 4453 4454 4455 4456 4457 4458 4459 4460 4461 4462 4463 4464 
1032 250 193 196 253 251 194 197 254 4382 4381 4125 4126 4053 4054 1840 1839 1815 1816 4447 4448 1845 1846 4149 4150 4400 4399 4151 4152 1848 1847 4465 4466 4453 4456 4455 4454 4402 4401 4404 4403 4155 4158 4157 4156 1849 1850 1851 1852 4467 4468 4469 4470 4471 4472 4473 4474 4475 4476 4477 4478 4479 4480 4481 4482 
1033 251 194 197 254 252 195 198 255 4400 4399 4151 4152 4079 4080 1848 1847 1823 1824 4465 4466 1853 1854 4175 4176 4418 4417 4177 4178 1856 1855 4483 4484 4471 4474 4473 4472 4420 4419 4422 4421 4181 4184 4183 4182 1857 1858 1859 1860 4485 4486 4487 4488 4489 4490 4491 4492 4493 4494 4495 4496 4497 4498 4499 4500 
1034 252 195 198 255 121 91 92 122 4418 4417 4177 4178 4105 4106 1856 1855 1831 1832 4483 4484 1861 1862 4201 4202 854 853 831 832 481 482 859 860 4489 4492 4491 4490 4436 4435 4438 4437 4203 4206 4205 4204 1863 1864 1865 1866 4501 4502 4503 4504 861 862 863 864 4505 4506 4507 4508 4509 4510 4511 4512 
1035 218 40 41 219 253 196 199 256 2172 2171 2151 2152 4123 4124 339 340 1837 1838 2177 2178 1867 1868 4219 4220 4448 4447 4221 4222 1870 1869 4513 4514 2179 2182 2181 2180 4450 4449 4452 4451 4225 4228 4227 4226 1871 1872 1873 1874 4515 4516 4517 4518 4519 4520 4521 4522 4523 4524 4525 4526 4527 4528 4529 4530 
1036 253 196 199 256 254 197 200 257 4448 4447 4221 4222 4149 4150 1870 1869 1845 1846 4513 4514 1875 1876 4245 4246 4466 4465 4247 4248 1878 1877 4531 4532 4519 4522 4521 4520 4468 4467 4470 4469 4251 4254 4253 4252 1879 1880 1881 1882 4533 4534 4535 4536 4537 4538 4539 4540 4541 4542 4543 4544 4545 4546 4547 4548 
1037 254 197 200 257 255 198 201 258 4466 4465 4247 4248 4175 4176 1878 1877 1853 1854 4531 4532 1883 1884 4271 4272 4484 4483 4273 4274 1886 1885 4549 4550 4537 4540 4539 4538 4486 4485 4488 4487 4277 4280 4279 4278 1887 1888 1889 1890 4551 4552 4553 4554 4555 4556 4557 4558 4559 4560 4561 4562 4563 4564 4565 4566 
1038 255 198 201 258 122 92 93 123 4484 4483 4273 4274 4201 4202 1886 1885 1861 1862 4549 4550 1891 1892 4297 4298 860 859 839 840 483 484 865 866 4555 4558 4557 4556 4502 4501 4504 4503 4299 4302 4301 4300 1893 1894 1895 1896 4567 4568 4569 4570 867 868 869 870 4571 4572 4573 4574 4575 4576 4577 4578 
1039 219 41 8 32 256 199 72 138 2178 2177 2159 2160 4219 4220 341 342 1867 1868 318 317 430 429 1108 1107 4514 4513 4315 4316 1898 1897 1125 1126 2183 2186 2185 2184 4516 4515 4518 4517 4317 4320 4319 4318 1899 1900 1901 1902 1133 1134 1131 1132 4579 4580 4581 4582 4583 4584 4585 4586 4587 4588 4589 4590 
1040 256 199 72 138 257 200 71 137 4514 4513 4315 4316 4245 4246 1898 1897 1875 1876 1125 1126 428 427 1100 1099 4532 4531 4333 4334 1904 1903 1119 1120 4579 4582 4581 4580 4534 4533 4536 4535 4335 4338 4337 4336 1905 1906 1907 1908 1129 1130 1127 1128 4591 4592 4593 4594 4595 4596 4597 4598 4599 4600 4601 4602 
1041 257 200 71 137 258 201 70 136 4532 4531 4333 4334 4271 4272 1904 1903 1883 1884 1119 1120 426 425 1092 1091 4550 4549 4351 4352 1910 1909 1113 1114 4591 4594 4593 4592 4552 4551 4554 4553 4353 4356 4355 4354 1911 1912 1913 1914 1123 1124 1121 1122 4603 4604 4605 4606 4607 4608 4609 4610 4611 4612 4613 4614 
1042 258 201 70 136 123 93 16 48 4550 4549 4351 4352 4297 4298 1910 1909 1891 1892 1113 1114 424 423 1084 1083 866 865 847 848 485 486 366 365 4603 4606 4605 4604 4568 4567 4570 4569 4369 4372 4371 4370 1915 1916 1917 1918 1117 1118 1115 1116 871 872 873 874 4615 4616 4617 4618 4619 4620 4621 4622 
3 5 92 32
1043 7 32 220 26 69 138 259 166 315 316 295 296 422 421 2187 2188 1108 1107 2189 2190 4623 4624 1471 1472 1102 1101 1474 1473 4625 4626 4627 4628 2191 2194 2193 2192 1112 1111 1110 1109 1475 1478 1477 1476 4629 4630 4631 4632 4633 4634 4635 4636 4637 4638 4639 4640 4641 4642 4643 4644 4645 4646 4647 4648 
1044 69 138 259 166 68 137 260 167 1102 1101 1474 1473 420 419 4625 4626 1100 1099 4627 4628 4649 4650 1479 1480 1094 1093 1482 1481 4651 4652 4653 4654 4637 4640 4639 4638 1106 1105 1104 1103 1483 1486 1485 1484 4655 4656 4657 4658 4659 4660 4661 4662 4663 4664 4665 4666 4667 4668 4669 4670 4671 4672 4673 4674 
1045 68 137 260 167 67 136 261 168 1094 1093 1482 1481 418 417 4651 4652 1092 1091 4653 4654 4675 4676 1487 1488 1086 1085 1490 1489 4677 4678 4679 4680 4663 4666 4665 4664 1098 1097 1096 1095 1491 1494 1493 1492 4681 4682 4683 4684 4685 4686 4687 4688 4689 4690 4691 4692 4693 4694 4695 4696 4697 4698 4699 4700 
1046 67 136 261 168 12 48 124 82 1086 1085 1490 1489 416 415 4677 4678 1084 1083 4679 4680 4701 4702 1495 1496 363 364 455 456 875 876 877 878 4689 4692 4691 4690 1090 1089 1088 1087 1497 1500 1499 1498 4703 4704 4705 4706 4707 4708 4709 4710 879 880 881 882 4711 4712 4713 4714 4715 4716 4717 4718 
1047 26 220 221 27 166 259 262 169 2190 2189 297 298 1471 1472 2195 2196 4623 4624 2197 2198 4719 4720 1501 1502 4628 4627 1504 1503 4721 4722 4723 4724 2199 2202 2201 2200 4634 4633 4636 4635 1505 1508 1507 1506 4725 4726 4727 4728 4729 4730 4731 4732 4733 4734 4735 4736 4737 4738 4739 4740 4741 4742 4743 4744 
1048 166 259 262 169 167 260 263 170 4628 4627 1504 1503 1479 1480 4721 4722 4649 4650 4723 4724 4745 4746 1509 1510 4654 4653 1512 1511 4747 4748 4749 4750 4733 4736 4735 4734 4660 4659 4662 4661 1513 1516 1515 1514 4751 4752 4753 4754 4755 4756 4757 4758 4759 4760 4761 4762 4763 4764 4765 4766 4767 4768 4769 4770 
1049 167 260 263 170 168 261 264 171 4654 4653 1512 1511 1487 1488 4747 4748 4675 4676 4749 4750 4771 4772 1517 1518 4680 4679 1520 1519 4773 4774 4775 4776 4759 4762 4761 4760 4686 4685 4688 4687 1521 1524 1523 1522 4777 4778 4779 4780 4781 4782 4783 4784 4785 4786 4787 4788 4789 4790 4791 4792 4793 4794 4795 4796 
1050 168 261 264 171 82 124 125 83 4680 4679 1520 1519 1495 1496 4773 4774 4701 4702 4775 4776 4797 4798 1525 1526 878 877 457 458 883 884 885 886 4785 4788 4787 4786 4708 4707 4710 4709 1527 1530 1529 1528 4799 4800 4801 4802 4803 4804 4805 4806 887 888 889 890 4807 4808 4809 4810 4811 4812 4813 4814 
1051 27 221 222 28 169 262 265 172 2198 2197 299 300 1501 1502 2203 2204 4719 4720 2205 2206 4815 4816 1531 1532 4724 4723 1534 1533 4817 4818 4819 4820 2207 2210 2209 2208 4730 4729 4732 4731 1535 1538 1537 1536 4821 4822 4823 4824 4825 4826 4827 4828 4829 4830 4831 4832 4833 4834 4835 4836 4837 4838 4839 4840 
1052 169 262 265 172 170 263 266 173 4724 4723 1534 1533 1509 1510 4817 4818 4745 4746 4819 4820 4841 4842 1539 1540 4750 4749 1542 1541 4843 4844 4845 4846 4829 4832 4831 4830 4756 4755 4758 4757 1543 1546 1545 1544 4847 4848 4849 4850 4851 4852 4853 4854 4855 4856 4857 4858 4859 4860 4861 4862 4863 4864 4865 4866 
1053 170 263 266 173 171 264 267 174 4750 4749 1542 1541 1517 1518 4843 4844 4771 4772 4845 4846 4867 4868 1547 1548 4776 4775 1550 1549 4869 4870 4871 4872 4855 4858 4857 4856 4782 4781 4784 4783 1551 1554 1553 1552 4873 4874 4875 4876 4877 4878 4879 4880 4881 4882 4883 4884 4885 4886 4887 4888 4889 4890 4891 4892 
1054 171 264 267 174 83 125 126 84 4776 4775 1550 1549 1525 1526 4869 4870 4797 4798 4871 4872 4893 4894 1555 1556 886 885 459 460 891 892 893 894 4881 4884 4883 4882 4804 4803 4806 4805 1557 1560 1559 1558 4895 4896 4897 4898 4899 4900 4901 4902 895 896 897 898 4903 4904 4905 4906 4907 4908 4909 4910 
1055 28 222 29 1 172 265 127 51 2206 2205 301 302 1531 1532 2211 2212 4815 4816 304 303 927 928 374 373 4820 4819 1562 1561 4911 4912 929 930 2213 2216 2215 2214 4826 4825 4828 4827 1563 1566 1565 1564 4913 4914 4915 4916 932 931 934 933 4917 4918 4919 4920 4921 4922 4923 4924 4925 4926 4927 4928 
1056 172 265 127 51 173 266 128 50 4820 4819 1562 1561 1539 1540 4911 4912 4841 4842 929 930 935 936 372 371 4846 4845 1568 1567 4929 4930 937 938 4917 4920 4919 4918 4852 4851 4854 4853 1569 1572 1571 1570 4931 4932 4933 4934 940 939 942 941 4935 4936 4937 4938 4939 4940 4941 4942 4943 4944 4945 4946 
1057 173 266 128 50 174 267 129 49 4846 4845 1568 1567 1547 1548 4929 4930 4867 4868 937 938 943 944 370 369 4872 4871 1574 1573 4947 4948 945 946 4935 4938 4937 4936 4878 4877 4880 4879 1575 1578 1577 1576 4949 4950 4951 4952 948 947 950 949 4953 4954 4955 4956 4957 4958 4959 4960 4961 4962 4963 4964 
1058 174 267 129 49 84 126 45 9 4872 4871 1574 1573 1555 1556 4947 4948 4893 4894 945 946 951 952 368 367 894 893 461 462 899 900 352 351 4953 4956 4955 4954 4900 4899 4902 4901 1579 1582 1581 1580 4965 4966 4967 4968 954 953 956 955 901 902 903 904 4969 4970 4971 4972 4973 4974 4975 4976 
1059 32 8 42 220 138 72 202 259 317 318 2187 2188 1108 1107 343 344 430 429 2217 2218 1919 1920 4623 4624 1126 1125 4625 4626 1922 1921 4977 4978 2219 2222 2221 2220 1134 1133 1132 1131 4629 4632 4631 4630 1923 1924 1925 1926 4979 4980 4981 4982 4983 4984 4985 4986 4987 4988 4989 4990 4991 4992 4993 4994 
1060 138 72 202 259 137 71 203 260 1126 1125 4625 4626 1100 1099 1922 1921 428 427 4977 4978 1927 1928 4649 4650 1120 1119 4651 4652 1930 1929 4995 4996 4983 4986 4985 4984 1130 1129 1128 1127 4655 4658 4657 4656 1931 1932 1933 1934 4997 4998 4999 5000 5001 5002 5003 5004 5005 5006 5007 5008 5009 5010 5011 5012 
1061 137 71 203 260 136 70 204 261 1120 1119 4651 4652 1092 1091 1930 1929 426 425 4995 4996 1935 1936 4675 4676 1114 1113 4677 4678 1938 1937 5013 5014 5001 5004 5003 5002 1124 1123 1122 1121 4681 4684 4683 4682 1939 1940 1941 1942 5015 5016 5017 5018 5019 5020 5021 5022 5023 5024 5025 5026 5027 5028 5029 5030 
1062 136 70 204 261 48 16 94 124 1114 1113 4677 4678 1084 1083 1938 1937 424 423 5013 5014 1943 1944 4701 4702 365 366 875 876 487 488 905 906 5019 5022 5021 5020 1118 1117 1116 1115 4703 4706 4705 4704 1945 1946 1947 1948 5031 5032 5033 5034 907 908 909 910 5035 5036 5037 5038 5039 5040 5041 5042 
1063 220 42 43 221 259 202 205 262 2218 2217 2195 2196 4623 4624 345 346 1919 1920 2223 2224 1949 1950 4719 4720 4978 4977 4721 4722 1952 1951 5043 5044 2225 2228 2227 2226 4980 4979 4982 4981 4725 4728 4727 4726 1953 1954 1955 1956 5045 5046 5047 5048 5049 5050 5051 5052 5053 5054 5055 5056 5057 5058 5059 5060 
1064 259 202 205 262 260 203 206 263 4978 4977 4721 4722 4649 4650 1952 1951 1927 1928 5043 5044 1957 1958 4745 4746 4996 4995 4747 4748 1960 1959 5061 5062 5049 5052 5051 5050 4998 4997 5000 4999 4751 4754 4753 4752 1961 1962 1963 1964 5063 5064 5065 5066 5067 5068 5069 5070 5071 5072 5073 5074 5075 5076 5077 5078 
1065 260 203 206 263 261 204 207 264 4996 4995 4747 4748 4675 4676 1960 1959 1935 1936 5061 5062 1965 1966 4771 4772 5014 5013 4773 4774 1968 1967 5079 5080 5067 5070 5069 5068 5016 5015 5018 5017 4777 4780 4779 4778 1969 1970 1971 1972 5081 5082 5083 5084 5085 5086 5087 5088 5089 5090 5091 5092 5093 5094 5095 5096 
1066 261 204 207 264 124 94 95 125 5014 5013 4773 4774 4701 4702 1968 1967 1943 1944 5079 5080 1973 1974 4797 4798 906 905 883 884 489 490 911 912 5085 5088 5087 5086 5032 5031 5034 5033 4799 4802 4801 4800 1975 1976 1977 1978 5097 5098 5099 5100 913 914 915 916 5101 5102 5103 5104 5105 5106 5107 5108 
1067 221 43 44 222 262 205 208 265 2224 2223 2203 2204 4719 4720 347 348 1949 1950 2229 2230 1979 1980 4815 4816 5044 5043 4817 4818 1982 1981 5109 5110 2231 2234 2233 2232 5046 5045 5048 5047 4821 4824 4823 4822 1983 1984 1985 1986 5111 5112 5113 5114 5115 5116 5117 5118 5119 5120 5121 5122 5123 5124 5125 5126 
1068 262 205 208 265 263 206 209 266 5044 5043 4817 4818 4745 4746 1982 1981 1957 1958 5109 5110 1987 1988 4841 4842 5062 5061 4843 4844 1990 1989 5127 5128 5115 5118 5117 5116 5064 5063 5066 5065 4847 4850 4849 4848 1991 1992 1993 1994 5129 5130 5131 5132 5133 5134 5135 5136 5137 5138 5139 5140 5141 5142 5143 5144 
1069 263 206 209 266 264 207 210 267 5062 5061 4843 4844 4771 4772 1990 1989 1965 1966 5127 5128 1995 1996 4867 4868 5080 5079 4869 4870 1998 1997 5145 5146 5133 5136 5135 5134 5082 5081 5084 5083 4873 4876 4875 4874 1999 2000 2001 2002 5147 5148 5149 5150 5151 5152 5153 5154 5155 5156 5157 5158 5159 5160 5161 5162 
1070 264 207 210 267 125 95 96 126 5080 5079 4869 4870 4797 4798 1998 1997 1973 1974 5145 5146 2003 2004 4893 4894 912 911 891 892 491 492 917 918 5151 5154 5153 5152 5098 5097 5100 5099 4895 4898 4897 4896 2005 2006 2007 2008 5163 5164 5165 5166 919 920 921 922 5167 5168 5169 5170 5171 5172 5173 5174 
1071 222 44 2 29 265 208 54 127 2230 2229 2211 2212 4815 4816 349 350 1979 1980 306 305 382 381 927 928 5110 5109 4911 4912 2010 2009 957 958 2235 2238 2237 2236 5112 5111 5114 5113 4913 4916 4915 4914 2011 2012 2013 2014 960 959 962 961 5175 5176 5177 5178 5179 5180 5181 5182 5183 5184 5185 5186 
1072 265 208 54 127 266 209 53 128 5110 5109 4911 4912 4841 4842 2010 2009 1987 1988 957 958 380 379 935 936 5128 5127 4929 4930 2016 2015 963 964 5175 5178 5177 5176 5130 5129 5132 5131 4931 4934 4933 4932 2017 2018 2019 2020 966 965 968 967 5187 5188 5189 5190 5191 5192 5193 5194 5195 5196 5197 5198 
1073 266 209 53 128 267 210 52 129 5128 5127 4929 4930 4867 4868 2016 2015 1995 1996 963 964 378 377 943 944 5146 5145 4947 4948 2022 2021 969 970 5187 5190 5189 5188 5148 5147 5150 5149 4949 4952 4951 4950 2023 2024 2025 2026 972 971 974 973 5199 5200 5201 5202 5203 5204 5205 5206 5207 5208 5209 5210 
1074 267 210 52 129 126 96 13 45 5146 5145 4947 4948 4893 4894 2022 2021 2003 2004 969 970 376 375 951 952 918 917 899 900 493 494 354 353 5199 5202 5201 5200 5164 5163 5166 5165 4965 4968 4967 4966 2027 2028 2029 2030 976 975 978 977 923 924 925 926 5211 5212 5213 5214 5215 5216 5217 5218 
$EndElements
$Periodic
25
0 4 3
16 1 0 0 0 0 1 0 0 0 0 1 -2 0 0 0 1
1
2 1
0 6 5
16 1 0 0 0 0 1 0 0 0 0 1 -2 0 0 0 1
1
4 3
0 8 7
16 1 0 0 0 0 1 0 0 0 0 1 -2 0 0 0 1
1
6 5
0 10 9
16 1 0 0 0 0 1 0 0 0 0 1 -2 0 0 0 1
1
8 7
0 15 11
16 1 0 0 0 0 1 0 0 0 0 1 -2 0 0 0 1
1
13 9
0 16 12
16 1 0 0 0 0 1 0 0 0 0 1 -2 0 0 0 1
1
14 10
0 17 13
16 1 0 0 0 0 1 0 0 0 0 1 -2 0 0 0 1
1
15 11
0 18 14
16 1 0 0 0 0 1 0 0 0 0 1 -2 0 0 0 1
1
16 12
1 9 1
16 1 0 0 0 0 1 0 0 0 0 1 -2 0 0 0 1
5
2 1
6 5
33 17
34 18
35 19
1 10 2
16 1 0 0 0 0 1 0 0 0 0 1 -2 0 0 0 1
5
4 3
6 5
36 20
37 21
38 22
1 11 3
16 1 0 0 0 0 1 0 0 0 0 1 -2 0 0 0 1
5
4 3
8 7
39 23
40 24
41 25
1 12 4
16 1 0 0 0 0 1 0 0 0 0 1 -2 0 0 0 1
5
2 1
8 7
42 26
43 27
44 28
1 18 17
16 1 0 0 0 0 1 0 0 0 0 1 -2 0 0 0 1
5
2 1
13 9
52 49
53 50
54 51
1 20 19
16 1 0 0 0 0 1 0 0 0 0 1 -2 0 0 0 1
5
6 5
15 11
58 55
59 56
60 57
1 22 21
16 1 0 0 0 0 1 0 0 0 0 1 -2 0 0 0 1
5
4 3
14 10
64 61
65 62
66 63
1 24 23
16 1 0 0 0 0 1 0 0 0 0 1 -2 0 0 0 1
5
8 7
16 12
70 67
71 68
72 69
1 29 25
16 1 0 0 0 0 1 0 0 0 0 1 -2 0 0 0 1
5
13 9
15 11
85 73
86 74
87 75
1 30 26
16 1 0 0 0 0 1 0 0 0 0 1 -2 0 0 0 1
5
14 10
15 11
88 76
89 77
90 78
1 31 27
16 1 0 0 0 0 1 0 0 0 0 1 -2 0 0 0 1
5
14 10
16 12
91 79
92 80
93 81
1 32 28
16 1 0 0 0 0 1 0 0 0 0 1 -2 0 0 0 1
5
13 9
16 12
94 82
95 83
96 84
2 2 1
16 1 0 0 0 0 1 0 0 0 0 1 -2 0 0 0 1
0
2 15 11
16 1 0 0 0 0 1 0 0 0 0 1 -2 0 0 0 1
0
2 16 12
16 1 0 0 0 0 1 0 0 0 0 1 -2 0 0 0 1
0
2 17 13
16 1 0 0 0 0 1 0 0 0 0 1 -2 0 0 0 1
0
2 18 14
16 1 0 0 0 0 1 0 0 0 0 1 -2 0 0 0 1
0
$EndPeriodic
